bbr_id,player,season,team,how_joined_miami,join_date,nba_seasons_before_2003_04,source_url
houseed01,Eddie House,2000-01,MIA,,,,https://www.basketball-reference.com/players/h/houseed01.html
houseed01,Eddie House,2001-02,MIA,,,,https://www.basketball-reference.com/players/h/houseed01.html
houseed01,Eddie House,2002-03,MIA,,,,https://www.basketball-reference.com/players/h/houseed01.html
houseed01,Eddie House,,,"drafted (2nd round, 37th overall)",2000-06-28,3,https://www.basketball-reference.com/players/h/houseed01.html
allenma01,Malik Allen,2001-02,MIA,,,,https://www.basketball-reference.com/players/a/allenma01.html
allenma01,Malik Allen,2002-03,MIA,,,,https://www.basketball-reference.com/players/a/allenma01.html
allenma01,Malik Allen,,,signed as free agent,2001-07-20,2,https://www.basketball-reference.com/leagues/NBA_2002_transactions.html
jamesmi01,Mike James,2001-02,MIA,,,,https://www.basketball-reference.com/players/j/jamesmi01.html
jamesmi01,Mike James,2002-03,MIA,,,,https://www.basketball-reference.com/players/j/jamesmi01.html
jamesmi01,Mike James,,,signed as free agent (first signed 2001-07-20; waived 2001-10-25; signed again 2001-12-18),2001-12-18,2,https://www.basketball-reference.com/leagues/NBA_2002_transactions.html
mournal01,Alonzo Mourning,1992-93,CHH,,,,https://www.basketball-reference.com/players/m/mournal01.html
mournal01,Alonzo Mourning,1993-94,CHH,,,,https://www.basketball-reference.com/players/m/mournal01.html
mournal01,Alonzo Mourning,1994-95,CHH,,,,https://www.basketball-reference.com/players/m/mournal01.html
mournal01,Alonzo Mourning,1995-96,MIA,,,,https://www.basketball-reference.com/players/m/mournal01.html
mournal01,Alonzo Mourning,1996-97,MIA,,,,https://www.basketball-reference.com/players/m/mournal01.html
mournal01,Alonzo Mourning,1997-98,MIA,,,,https://www.basketball-reference.com/players/m/mournal01.html
mournal01,Alonzo Mourning,1998-99,MIA,,,,https://www.basketball-reference.com/players/m/mournal01.html
mournal01,Alonzo Mourning,1999-00,MIA,,,,https://www.basketball-reference.com/players/m/mournal01.html
mournal01,Alonzo Mourning,2000-01,MIA,,,,https://www.basketball-reference.com/players/m/mournal01.html
mournal01,Alonzo Mourning,2001-02,MIA,,,,https://www.basketball-reference.com/players/m/mournal01.html
mournal01,Alonzo Mourning,,,traded (from Charlotte Hornets),1995-11-03,10,https://www.basketball-reference.com/leagues/NBA_1996_transactions.html
besttr01,Travis Best,1995-96,IND,,,,https://www.basketball-reference.com/players/b/besttr01.html
besttr01,Travis Best,1996-97,IND,,,,https://www.basketball-reference.com/players/b/besttr01.html
besttr01,Travis Best,1997-98,IND,,,,https://www.basketball-reference.com/players/b/besttr01.html
besttr01,Travis Best,1998-99,IND,,,,https://www.basketball-reference.com/players/b/besttr01.html
besttr01,Travis Best,1999-00,IND,,,,https://www.basketball-reference.com/players/b/besttr01.html
besttr01,Travis Best,2000-01,IND,,,,https://www.basketball-reference.com/players/b/besttr01.html
besttr01,Travis Best,2001-02,IND,,,,https://www.basketball-reference.com/players/b/besttr01.html
besttr01,Travis Best,2001-02,CHI,,,,https://www.basketball-reference.com/players/b/besttr01.html
besttr01,Travis Best,2002-03,MIA,,,,https://www.basketball-reference.com/players/b/besttr01.html
besttr01,Travis Best,,,signed as free agent,2002-09-05,8,https://www.basketball-reference.com/leagues/NBA_2003_transactions.html
stepavl01,Vladimir Stepania,1998-99,SEA,,,,https://www.basketball-reference.com/players/s/stepavl01.html
stepavl01,Vladimir Stepania,1999-00,SEA,,,,https://www.basketball-reference.com/players/s/stepavl01.html
stepavl01,Vladimir Stepania,2000-01,NJN,,,,https://www.basketball-reference.com/players/s/stepavl01.html
stepavl01,Vladimir Stepania,2001-02,MIA,,,,https://www.basketball-reference.com/players/s/stepavl01.html
stepavl01,Vladimir Stepania,2002-03,MIA,,,,https://www.basketball-reference.com/players/s/stepavl01.html
stepavl01,Vladimir Stepania,,,signed as free agent,2001-10-02,5,https://www.basketball-reference.com/leagues/NBA_2002_transactions.html
marksse01,Sean Marks,1998-99,TOR,,,,https://www.basketball-reference.com/players/m/marksse01.html
marksse01,Sean Marks,1999-00,TOR,,,,https://www.basketball-reference.com/players/m/marksse01.html
marksse01,Sean Marks,2001-02,MIA,,,,https://www.basketball-reference.com/players/m/marksse01.html
marksse01,Sean Marks,2002-03,MIA,,,,https://www.basketball-reference.com/players/m/marksse01.html
marksse01,Sean Marks,,,signed as free agent,2001-10-01,4,https://www.basketball-reference.com/leagues/NBA_2002_transactions.html
