seas_id,season,player_id,player,birth_year,pos,age,experience,lg,tm,g,mp,fg_percent,avg_dist_fga,percent_fga_from_x2p_range,percent_fga_from_x0_3_range,percent_fga_from_x3_10_range,percent_fga_from_x10_16_range,percent_fga_from_x16_3p_range,percent_fga_from_x3p_range,fg_percent_from_x2p_range,fg_percent_from_x0_3_range,fg_percent_from_x3_10_range,fg_percent_from_x10_16_range,fg_percent_from_x16_3p_range,fg_percent_from_x3p_range,percent_assisted_x2p_fg,percent_assisted_x3p_fg,percent_dunks_of_fga,num_of_dunks,percent_corner_3s_of_3pa,corner_3_point_percent,num_heaves_attempted,num_heaves_made
18730,2004,2832,Aaron McKie,NA,SF,31,10,NBA,PHI,75,2112,0.459,14.1,0.702,0.234,0.087,0.163,0.218,0.298,0.469,0.578,0.42,0.415,0.413,0.436,0.547,0.973,0.003,2,0.541,0.473,0,0
18731,2004,2760,Aaron Williams,NA,C,32,10,NBA,NJN,72,1337,0.503,6.2,0.991,0.468,0.254,0.123,0.146,0.009,0.504,0.681,0.299,0.357,0.42,0.333,0.778,1,0.137,45,0,NA,0,0
18732,2004,3035,Adonal Foyle,NA,C,28,7,NBA,GSW,44,572,0.454,5.2,1,0.408,0.408,0.1,0.085,0,0.454,0.623,0.415,0.154,0.182,NA,0.644,NA,0.062,8,NA,NA,0,0
18733,2004,3169,Adrian Griffin,NA,SG,29,5,NBA,HOU,19,133,0.278,14.6,0.889,0.167,0.056,0.167,0.5,0.111,0.25,0.667,0,0.333,0.111,0.5,0.75,0,0,0,0.5,0,0,0
18734,2004,3101,Al Harrington,NA,PF,23,6,NBA,IND,79,2441,0.463,10.6,0.915,0.327,0.138,0.237,0.215,0.085,0.481,0.589,0.264,0.428,0.513,0.273,0.585,0.905,0.073,65,0.364,0.321,3,0
18735,2004,2892,Alan Henderson,NA,PF,31,9,NBA,ATL,6,68,0.476,6.7,1,0.476,0.19,0.19,0.143,0,0.476,0.6,0,0.5,0.667,NA,0.6,NA,0,0,NA,NA,0,0
18736,2004,3429,Alex Garcia,NA,SG,23,1,NBA,SAS,2,13,0.143,6.5,1,0.571,0.143,0.143,0.143,0,0.143,0,0,1,0,NA,1,NA,0.143,0,NA,NA,0,0
18737,2004,2763,Allan Houston,NA,SG,32,11,NBA,NYK,50,1799,0.435,17.5,0.741,0.038,0.076,0.26,0.367,0.259,0.437,0.267,0.441,0.448,0.446,0.431,0.522,0.954,0,0,0.272,0.455,1,0
18738,2004,2967,Allen Iverson,NA,SG,28,8,NBA,PHI,48,2040,0.387,12.8,0.823,0.276,0.116,0.121,0.311,0.177,0.408,0.532,0.346,0.338,0.349,0.286,0.339,0.649,0.004,4,0.075,0.267,0,0
18739,2004,2696,Alonzo Mourning,NA,C,33,11,NBA,NJN,12,215,0.465,8.2,1,0.366,0.225,0.169,0.239,0,0.465,0.654,0.563,0.25,0.235,NA,0.667,NA,0.141,10,NA,NA,0,0
18740,2004,3296,Alton Ford,NA,PF,22,3,NBA,HOU,9,41,0.545,8.8,1,0.182,0.364,0.273,0.182,0,0.545,1,0.25,0.667,0.5,NA,0.833,NA,0,0,NA,NA,0,0
18741,2004,3036,Alvin Williams,NA,SG,29,7,NBA,TOR,56,1730,0.405,16.6,0.821,0.113,0.089,0.119,0.5,0.179,0.43,0.554,0.455,0.373,0.411,0.292,0.56,0.885,0,0,0.303,0.333,2,0
18742,2004,2968,Amal McCaskill,NA,C,30,4,NBA,PHI,59,636,0.402,6.7,0.991,0.487,0.145,0.205,0.154,0.009,0.405,0.561,0.353,0.333,0.056,0,0.574,NA,0.077,8,0,NA,0,0
18743,2004,3366,Amar'e Stoudemire,NA,PF,21,2,NBA,PHO,55,2025,0.475,6.3,0.994,0.429,0.296,0.162,0.108,0.006,0.477,0.609,0.414,0.357,0.301,0.2,0.459,1,0.147,112,0,NA,1,0
18744,2004,3171,Andre Miller,NA,PG,27,5,NBA,DEN,82,2838,0.457,9.1,0.931,0.368,0.186,0.238,0.139,0.069,0.477,0.613,0.423,0.406,0.313,0.185,0.356,0.5,0.005,4,0.154,0.2,6,0
18745,2004,3298,Andrei Kirilenko,NA,PF,22,3,NBA,UTA,78,2895,0.443,9.3,0.784,0.521,0.072,0.049,0.142,0.216,0.471,0.575,0.373,0.174,0.242,0.338,0.529,0.956,0.114,100,0.085,0.471,1,0
18746,2004,2894,Andrew DeClercq,NA,C,30,9,NBA,ORL,71,1211,0.477,3,1,0.667,0.226,0.082,0.026,0,0.477,0.538,0.341,0.375,0.4,NA,0.548,NA,0.056,11,NA,NA,0,0
18747,2004,2767,Anfernee Hardaway,NA,SG,32,11,NBA,TOT,76,2095,0.411,13.7,0.884,0.184,0.14,0.158,0.402,0.116,0.415,0.488,0.379,0.439,0.385,0.38,0.602,0.9,0.003,1,0.291,0.391,0,0
18748,2004,2767,Anfernee Hardaway,NA,SG,32,11,NBA,PHO,34,876,0.443,15.2,0.871,0.162,0.066,0.151,0.491,0.129,0.449,0.545,0.278,0.488,0.429,0.4,0.66,0.786,0.007,1,0.257,0.222,0,0
18749,2004,2767,Anfernee Hardaway,NA,SG,32,11,NBA,NYK,42,1219,0.39,12.7,0.892,0.199,0.189,0.162,0.343,0.108,0.393,0.457,0.403,0.409,0.343,0.364,0.559,1,0,0,0.318,0.5,0,0
18750,2004,3299,Ansu Sesay,NA,SF,27,3,NBA,SEA,57,583,0.455,11.4,0.882,0.354,0.107,0.073,0.348,0.118,0.478,0.667,0.316,0.385,0.355,0.286,0.627,1,0.129,21,0.381,0.375,0,0
18751,2004,3104,Antawn Jamison,NA,SF,27,6,NBA,DAL,82,2376,0.535,7.1,0.956,0.403,0.315,0.103,0.135,0.044,0.541,0.693,0.469,0.404,0.358,0.4,0.744,1,0.019,17,0.35,0.429,0,0
18752,2004,3172,Anthony Carter,NA,PG,28,5,NBA,SAS,5,87,0.297,13.9,0.919,0.216,0.108,0.162,0.432,0.081,0.324,0.5,0,0.167,0.375,0,0.545,NA,0,0,0.333,0,1,0
18753,2004,2895,Anthony Goldwire,NA,PG,32,6,NBA,TOT,11,85,0.318,18.7,0.636,0.045,0.136,0.045,0.409,0.364,0.357,0,0.333,0,0.444,0.25,0.4,0.5,0,0,0.125,0,0,0
18754,2004,2895,Anthony Goldwire,NA,PG,32,6,NBA,MIN,5,66,0.357,19.9,0.571,0,0.143,0,0.429,0.429,0.375,NA,0.5,NA,0.333,0.333,0,0.5,0,0,0,NA,0,0
18755,2004,2895,Anthony Goldwire,NA,PG,32,6,NBA,NJN,6,19,0.25,16.7,0.75,0.125,0.125,0.125,0.375,0.25,0.333,0,0,0,0.667,0,1,NA,0,0,0.5,0,0,0
18756,2004,3037,Anthony Johnson,NA,PG,29,7,NBA,IND,73,1598,0.406,16.5,0.703,0.124,0.083,0.134,0.363,0.297,0.436,0.51,0.206,0.418,0.47,0.336,0.556,0.854,0.007,2,0.459,0.411,0,0
18757,2004,2699,Anthony Peeler,NA,SG,34,12,NBA,SAC,75,1391,0.448,18,0.595,0.115,0.063,0.08,0.336,0.405,0.425,0.5,0.273,0.464,0.419,0.482,0.716,0.926,0,0,0.298,0.548,0,0
18758,2004,2969,Antoine Walker,NA,PF,27,8,NBA,DAL,82,2840,0.428,9.8,0.73,0.404,0.226,0.064,0.036,0.27,0.487,0.577,0.424,0.306,0.195,0.269,0.449,0.927,0.021,20,0.157,0.292,0,0
18759,2004,3039,Antonio Daniels,NA,PG,28,7,NBA,SEA,71,1512,0.47,13.4,0.709,0.241,0.188,0.095,0.183,0.291,0.514,0.729,0.427,0.342,0.411,0.362,0.359,0.762,0.043,15,0.172,0.4,0,0
18760,2004,2768,Antonio Davis,NA,C,35,11,NBA,TOT,80,2570,0.403,8.8,1,0.341,0.168,0.277,0.214,0,0.403,0.467,0.396,0.377,0.34,NA,0.669,NA,0.074,45,NA,NA,0,0
18761,2004,2768,Antonio Davis,NA,C,35,11,NBA,TOR,15,538,0.383,7.4,1,0.4,0.167,0.342,0.092,0,0.383,0.417,0.35,0.415,0.182,NA,0.565,NA,0.083,7,NA,NA,0,0
18762,2004,2768,Antonio Davis,NA,C,35,11,NBA,CHI,65,2032,0.407,9.1,1,0.328,0.169,0.263,0.241,0,0.407,0.48,0.407,0.366,0.354,NA,0.691,NA,0.072,38,NA,NA,0,0
18763,2004,2896,Antonio McDyess,NA,PF,29,8,NBA,TOT,42,927,0.47,10.3,1,0.284,0.123,0.28,0.313,0,0.47,0.684,0.364,0.36,0.417,NA,0.714,NA,0.041,9,NA,NA,0,0
18764,2004,2896,Antonio McDyess,NA,PF,29,8,NBA,NYK,18,421,0.458,9.3,1,0.324,0.134,0.31,0.232,0,0.458,0.696,0.368,0.386,0.273,NA,0.631,NA,0.049,5,NA,NA,0,0
18765,2004,2896,Antonio McDyess,NA,PF,29,8,NBA,PHO,24,506,0.484,11.5,1,0.238,0.111,0.246,0.405,0,0.484,0.667,0.357,0.323,0.51,NA,0.803,NA,0.032,4,NA,NA,0,0
18766,2004,3040,Austin Croshere,NA,PF,28,7,NBA,IND,77,1051,0.388,15.6,0.531,0.28,0.049,0.059,0.143,0.469,0.387,0.477,0.267,0.111,0.364,0.389,0.619,0.929,0.052,13,0.403,0.431,0,0
18767,2004,2406,Avery Johnson,NA,PG,38,16,NBA,GSW,46,637,0.402,6.1,0.985,0.482,0.261,0.09,0.151,0.015,0.408,0.521,0.327,0.222,0.3,0,0.113,NA,0,0,0,NA,2,0
18768,2004,3173,Baron Davis,NA,PG,24,5,NBA,NOH,67,2686,0.395,15,0.585,0.289,0.052,0.091,0.153,0.415,0.448,0.546,0.315,0.336,0.374,0.321,0.286,0.529,0.024,31,0.129,0.32,3,0
18769,2004,3430,Ben Handlogten,NA,C,30,1,NBA,UTA,17,172,0.532,1.8,1,0.83,0.085,0.043,0.043,0,0.532,0.538,0.75,0,0.5,NA,0.6,NA,0.085,3,NA,NA,0,0
18770,2004,2971,Ben Wallace,NA,C,29,8,NBA,DET,81,3050,0.421,4.9,0.989,0.61,0.163,0.131,0.086,0.011,0.424,0.544,0.197,0.224,0.313,0.125,0.618,1,0.178,113,0.125,0,2,0
18771,2004,2568,Bimbo Coles,NA,PG,35,14,NBA,MIA,22,170,0.353,13.4,1,0.235,0.029,0.118,0.618,0,0.353,0.75,1,0,0.238,NA,0.75,NA,0,0,NA,NA,0,0
18772,2004,2771,Bo Outlaw,NA,PF,32,11,NBA,MEM,82,1606,0.51,3.5,0.987,0.651,0.247,0.032,0.058,0.013,0.516,0.626,0.351,0.2,0.167,0,0.711,NA,0.077,22,0,NA,2,0
18773,2004,2899,Bob Sura,NA,SG,30,9,NBA,TOT,80,1663,0.416,8.8,0.837,0.515,0.085,0.082,0.155,0.163,0.446,0.504,0.268,0.25,0.453,0.266,0.436,0.857,0.016,8,0.367,0.241,1,0
18774,2004,2899,Bob Sura,NA,SG,30,9,NBA,DET,53,707,0.41,9.8,0.792,0.486,0.075,0.116,0.116,0.208,0.453,0.548,0.385,0.2,0.35,0.25,0.468,0.889,0.029,5,0.333,0.167,1,0
18775,2004,2899,Bob Sura,NA,SG,30,9,NBA,ATL,27,956,0.42,8.3,0.862,0.532,0.09,0.064,0.176,0.138,0.442,0.482,0.214,0.3,0.491,0.279,0.42,0.833,0.01,3,0.395,0.294,0,0
18776,2004,3041,Bobby Jackson,NA,SG,30,7,NBA,SAC,50,1185,0.444,15.6,0.63,0.24,0.081,0.068,0.242,0.37,0.488,0.655,0.333,0.425,0.392,0.37,0.489,0.679,0,0,0.311,0.441,3,0
18777,2004,3301,Bobby Simmons,NA,SF,23,3,NBA,LAC,56,1376,0.394,9.9,0.968,0.375,0.129,0.126,0.338,0.032,0.402,0.5,0.292,0.255,0.389,0.167,0.628,1,0.024,9,0.5,0.333,0,0
18778,2004,3105,Bonzi Wells,NA,SG,27,6,NBA,TOT,72,1872,0.427,10.6,0.919,0.358,0.102,0.146,0.313,0.081,0.437,0.589,0.345,0.323,0.346,0.319,0.669,0.864,0.04,29,0.594,0.341,2,0
18779,2004,3105,Bonzi Wells,NA,SG,27,6,NBA,POR,13,404,0.389,10.7,0.954,0.377,0.086,0.149,0.343,0.046,0.401,0.576,0.267,0.231,0.317,0.125,0.657,1,0.029,5,0.375,0.333,1,0
18780,2004,3105,Bonzi Wells,NA,SG,27,6,NBA,MEM,59,1468,0.437,10.6,0.91,0.353,0.107,0.145,0.305,0.09,0.446,0.592,0.361,0.347,0.354,0.344,0.672,0.857,0.043,24,0.623,0.342,1,0
18781,2004,3431,Boris Diaw,NA,SG,21,1,NBA,ATL,76,1919,0.447,8.5,0.917,0.457,0.125,0.147,0.188,0.083,0.467,0.545,0.308,0.37,0.458,0.231,0.552,1,0.07,21,0.385,0.3,1,0
18782,2004,3368,Boštjan Nachbar,NA,SF,23,2,NBA,HOU,45,516,0.356,15.8,0.523,0.28,0.053,0.03,0.159,0.477,0.348,0.541,0,0.25,0.143,0.365,0.542,0.957,0.045,5,0.238,0.2,0,0
18783,2004,3106,Brad Miller,NA,PF,27,6,NBA,SAC,72,2621,0.51,10,0.948,0.364,0.152,0.119,0.313,0.052,0.521,0.692,0.288,0.391,0.485,0.316,0.726,1,0.062,43,0.026,1,5,0
18784,2004,3302,Brandon Armstrong,NA,SG,23,3,NBA,NJN,56,434,0.371,17.4,0.703,0.126,0.023,0.103,0.451,0.297,0.374,0.545,0,0.389,0.342,0.365,0.761,0.684,0,0,0.404,0.333,0,0
18785,2004,3432,Brandon Hunter,NA,PF,23,1,NBA,BOS,36,406,0.457,4.9,0.974,0.612,0.241,0.052,0.069,0.026,0.469,0.592,0.286,0.333,0.125,0,0.434,NA,0.147,15,0,NA,2,0
18786,2004,3303,Brendan Haywood,NA,C,24,3,NBA,WAS,77,1484,0.515,4.6,0.997,0.469,0.379,0.124,0.026,0.003,0.517,0.687,0.395,0.271,0.4,0,0.5,NA,0.178,66,0,NA,0,0
18787,2004,2900,Brent Barry,NA,SG,32,9,NBA,SEA,59,1803,0.504,17.8,0.41,0.22,0.068,0.028,0.094,0.59,0.577,0.681,0.483,0.417,0.45,0.452,0.446,0.868,0.028,12,0.127,0.281,1,0
18788,2004,3043,Brevin Knight,NA,PG,28,7,NBA,TOT,56,1037,0.427,13.3,0.967,0.179,0.118,0.195,0.476,0.033,0.433,0.591,0.345,0.313,0.444,0.25,0.476,0,0,0,0.25,0,0,0
18789,2004,3043,Brevin Knight,NA,PG,28,7,NBA,PHO,3,19,0.333,15.3,1,0,0,0.667,0.333,0,0.333,NA,NA,0.5,0,NA,1,NA,0,0,NA,NA,0,0
18790,2004,3043,Brevin Knight,NA,PG,28,7,NBA,WAS,32,598,0.42,12.7,0.964,0.203,0.152,0.138,0.471,0.036,0.429,0.75,0.333,0.263,0.369,0.2,0.281,0,0,0,0.4,0,0,0
18791,2004,3043,Brevin Knight,NA,PG,28,7,NBA,MIL,21,420,0.438,14,0.971,0.152,0.076,0.257,0.486,0.029,0.441,0.313,0.375,0.333,0.549,0.333,0.711,0,0,0,0,NA,0,0
18792,2004,3231,Brian Cardinal,NA,PF,26,4,NBA,GSW,76,1634,0.472,13.7,0.734,0.223,0.165,0.105,0.24,0.266,0.482,0.663,0.273,0.449,0.473,0.444,0.727,0.964,0.013,5,0.5,0.468,4,1
18793,2004,3433,Brian Cook,NA,C,23,1,NBA,LAL,35,442,0.475,12.8,0.965,0.22,0.078,0.213,0.454,0.035,0.493,0.677,0.273,0.433,0.469,0,0.821,NA,0.064,8,0.2,0,0,0
18794,2004,2840,Brian Grant,NA,C,31,10,NBA,MIA,76,2303,0.471,11.3,0.998,0.292,0.106,0.14,0.46,0.002,0.472,0.592,0.292,0.453,0.443,0,0.775,NA,0.055,28,0,NA,1,0
18795,2004,3304,Brian Scalabrine,NA,PF,25,3,NBA,NJN,69,928,0.394,13.8,0.812,0.252,0.083,0.106,0.372,0.188,0.429,0.491,0.389,0.435,0.395,0.244,0.803,1,0.037,8,0.293,0.417,0,0
18796,2004,3107,Brian Skinner,NA,C,27,6,NBA,MIL,56,1577,0.497,6.1,1,0.4,0.326,0.22,0.055,0,0.497,0.61,0.485,0.389,0.179,NA,0.624,NA,0.086,42,NA,NA,0,0
18797,2004,3434,Britton Johnsen,NA,C,24,1,NBA,ORL,20,290,0.288,12.2,0.797,0.39,0.051,0.051,0.305,0.203,0.34,0.565,0,0.333,0.111,0.083,0.375,1,0.119,6,0.167,0,0,0
18798,2004,2975,Bruce Bowen,NA,SF,32,8,NBA,SAS,82,2624,0.42,15,0.578,0.175,0.157,0.116,0.129,0.422,0.462,0.591,0.38,0.414,0.431,0.363,0.619,1,0.012,6,0.835,0.373,0,0
18799,2004,3108,Bruno Šundov,NA,C,23,6,NBA,TOT,5,33,0.4,8.6,1,0.4,0.2,0,0.4,0,0.4,0.25,0.5,NA,0.5,NA,0.75,NA,0,0,NA,NA,0,0
18800,2004,3108,Bruno Šundov,NA,C,23,6,NBA,CLE,4,29,0.333,9.5,1,0.333,0.222,0,0.444,0,0.333,0,0.5,NA,0.5,NA,1,NA,0,0,NA,NA,0,0
18801,2004,3108,Bruno Šundov,NA,C,23,6,NBA,NYK,1,4,1,0.7,1,1,0,0,0,0,1,1,NA,NA,NA,NA,0,NA,0,0,NA,NA,0,0
18802,2004,3109,Bryce Drew,NA,PG,29,6,NBA,NOH,15,78,0.222,18.4,0.611,0.111,0,0.111,0.389,0.389,0.273,1,NA,0,0.143,0.143,1,1,0,0,0.429,0,0,0
18803,2004,2775,Bryon Russell,NA,SF,33,11,NBA,LAL,72,945,0.402,19,0.541,0.115,0.049,0.057,0.32,0.459,0.417,0.536,0.333,0.286,0.41,0.384,0.782,0.977,0.008,1,0.304,0.441,1,0
18804,2004,2776,Calbert Cheaney,NA,SF,32,11,NBA,GSW,79,2067,0.481,11.8,0.983,0.197,0.171,0.227,0.388,0.017,0.489,0.737,0.515,0.374,0.42,0,0.716,NA,0.026,15,0.5,0,2,0
18805,2004,3175,Calvin Booth,NA,C,27,5,NBA,SEA,71,1206,0.466,8.5,0.993,0.383,0.159,0.19,0.262,0.007,0.469,0.712,0.283,0.327,0.329,0,0.748,NA,0.159,42,0.5,0,0,0
18806,2004,3305,Carlos Arroyo,NA,PG,24,3,NBA,UTA,71,2008,0.441,14.5,0.848,0.22,0.052,0.145,0.431,0.152,0.462,0.515,0.275,0.486,0.45,0.325,0.352,0.737,0,0,0.179,0.429,2,0
18807,2004,3369,Carlos Boozer,NA,PF,22,2,NBA,CLE,75,2592,0.523,7.4,0.993,0.451,0.159,0.229,0.154,0.007,0.526,0.702,0.294,0.437,0.381,0.167,0.696,1,0.091,74,0,NA,0,0
18808,2004,3435,Carmelo Anthony,NA,SF,19,1,NBA,DEN,82,2995,0.426,10.3,0.854,0.452,0.065,0.06,0.277,0.146,0.444,0.541,0.232,0.341,0.357,0.322,0.528,0.768,0.087,121,0.079,0.353,0,0
18809,2004,3370,Caron Butler,NA,SF,23,2,NBA,MIA,68,2030,0.38,12.2,0.933,0.326,0.103,0.103,0.401,0.067,0.39,0.51,0.292,0.308,0.34,0.238,0.674,0.7,0.035,21,0.095,0.25,9,0
18810,2004,3371,Casey Jacobsen,NA,SF,22,2,NBA,PHO,78,1828,0.417,15.9,0.5,0.283,0.022,0.044,0.15,0.5,0.417,0.51,0.125,0.125,0.37,0.417,0.52,0.96,0.006,2,0.461,0.434,0,0
18811,2004,3372,Cezary Trybański,NA,C,24,2,NBA,TOT,7,15,0,11.8,1,0,0.5,0.5,0,0,0,NA,0,0,NA,NA,NA,NA,0,0,NA,NA,0,0
18812,2004,3372,Cezary Trybański,NA,C,24,2,NBA,PHO,4,10,0,10.9,1,0,0.5,0.5,0,0,0,NA,0,0,NA,NA,NA,NA,0,0,NA,NA,0,0
18813,2004,3372,Cezary Trybański,NA,C,24,2,NBA,NYK,3,5,0,12.8,1,0,0.5,0.5,0,0,0,NA,0,0,NA,NA,NA,NA,0,0,NA,NA,0,0
18814,2004,2230,Charles Oakley,NA,PF,40,19,NBA,HOU,7,25,0.333,11,1,0.333,0,0.167,0.5,0,0.333,0.5,NA,1,0,NA,1,NA,0,0,NA,NA,0,0
18815,2004,2843,Charlie Ward,NA,PG,33,10,NBA,TOT,71,1252,0.41,17.1,0.472,0.185,0.105,0.069,0.113,0.528,0.413,0.528,0.268,0.481,0.318,0.408,0.25,0.81,0,0,0.18,0.405,2,0
18816,2004,2843,Charlie Ward,NA,PG,33,10,NBA,NYK,35,827,0.442,16.9,0.469,0.231,0.069,0.065,0.104,0.531,0.459,0.517,0.278,0.529,0.407,0.428,0.232,0.831,0,0,0.174,0.458,2,0
18817,2004,2843,Charlie Ward,NA,PG,33,10,NBA,SAS,36,425,0.346,17.6,0.477,0.092,0.177,0.077,0.131,0.523,0.323,0.583,0.261,0.4,0.176,0.368,0.3,0.76,0,0,0.191,0.308,0,0
18818,2004,3048,Chauncey Billups,NA,PG,27,7,NBA,DET,78,2758,0.394,15.2,0.664,0.245,0.05,0.13,0.239,0.336,0.396,0.475,0.28,0.349,0.366,0.388,0.344,0.685,0.003,2,0.164,0.473,0,0
18819,2004,2904,Cherokee Parks,NA,C,31,9,NBA,GSW,12,64,0.4,6.5,1,0.5,0.1,0.2,0.2,0,0.4,0.4,0,0.5,0.5,NA,0.75,NA,0,0,NA,NA,0,0
18820,2004,3307,Chris Andersen,NA,PF,25,3,NBA,DEN,71,1029,0.443,6.4,0.995,0.606,0.054,0.108,0.227,0.005,0.446,0.537,0.182,0.273,0.348,0,0.678,NA,0.212,38,0,NA,0,0
18821,2004,3436,Chris Bosh,NA,C,19,1,NBA,TOR,75,2510,0.459,9,0.98,0.35,0.149,0.261,0.221,0.02,0.461,0.614,0.387,0.382,0.363,0.357,0.609,1,0.118,74,0.214,0.667,0,0
18822,2004,3050,Chris Crawford,NA,PF,28,7,NBA,ATL,56,1207,0.448,13.2,0.76,0.274,0.108,0.119,0.259,0.24,0.466,0.628,0.373,0.286,0.418,0.389,0.683,0.977,0.074,34,0.212,0.458,0,0
18823,2004,3373,Chris Jefferies,NA,SF-SG,23,2,NBA,TOT,21,195,0.375,19.3,0.417,0.153,0.028,0.097,0.139,0.583,0.333,0.636,0,0,0.3,0.405,0.6,1,0.014,1,0.286,0.5,1,0
18824,2004,3373,Chris Jefferies,NA,SG,23,2,NBA,TOR,2,8,0.5,18.7,0.5,0.167,0,0,0.333,0.5,0.667,1,NA,NA,0.5,0.333,0.5,1,0,0,0.333,0,0,0
18825,2004,3373,Chris Jefferies,NA,SF,23,2,NBA,CHI,19,187,0.364,19.3,0.409,0.152,0.03,0.106,0.121,0.591,0.296,0.6,0,0,0.25,0.41,0.625,1,0.015,1,0.282,0.545,1,0
18826,2004,3437,Chris Kaman,NA,C,21,1,NBA,LAC,82,1843,0.46,4.7,0.995,0.52,0.28,0.152,0.044,0.005,0.462,0.544,0.426,0.303,0.263,0,0.595,NA,0.101,41,0,NA,1,0
18827,2004,3232,Chris Mihm,NA,C-PF,24,4,NBA,TOT,76,1330,0.488,5.4,1,0.543,0.241,0.092,0.123,0,0.488,0.594,0.457,0.257,0.255,NA,0.645,NA,0.16,58,NA,NA,0,0
18828,2004,3232,Chris Mihm,NA,PF,24,4,NBA,CLE,22,391,0.465,7.3,1,0.441,0.205,0.134,0.22,0,0.465,0.571,0.538,0.176,0.357,NA,0.61,NA,0.102,12,NA,NA,0,0
18829,2004,3232,Chris Mihm,NA,C,24,4,NBA,BOS,54,939,0.5,4.4,1,0.594,0.26,0.071,0.075,0,0.5,0.603,0.424,0.333,0.105,NA,0.661,NA,0.189,46,NA,NA,0,0
18830,2004,2781,Chris Webber,NA,PF,30,11,NBA,SAC,23,831,0.413,10.4,0.988,0.238,0.261,0.128,0.361,0.012,0.416,0.6,0.345,0.333,0.375,0.2,0.647,0,0.078,31,0,NA,0,0
18831,2004,2782,Chris Whitney,NA,PG,32,11,NBA,WAS,16,186,0.378,19.6,0.6,0.089,0,0.111,0.4,0.4,0.333,0.75,NA,0.4,0.222,0.444,0.667,0.625,0,0,0.278,0.2,0,0
18832,2004,3375,Chris Wilcox,NA,C,21,2,NBA,LAC,65,1340,0.521,4.4,0.998,0.544,0.31,0.115,0.03,0.002,0.522,0.658,0.4,0.28,0.231,0,0.617,NA,0.149,60,0,NA,0,0
18833,2004,2706,Christian Laettner,NA,PF,34,12,NBA,WAS,48,984,0.465,13.1,0.918,0.258,0.074,0.113,0.473,0.082,0.481,0.667,0.211,0.379,0.446,0.286,0.779,0.667,0.008,2,0.048,0,1,0
18834,2004,3177,Chucky Atkins,NA,PG,29,5,NBA,TOT,64,1544,0.397,18.3,0.502,0.186,0.043,0.054,0.219,0.498,0.457,0.489,0.286,0.385,0.481,0.336,0.315,0.753,0,0,0.212,0.333,4,0
18835,2004,3177,Chucky Atkins,NA,PG,29,5,NBA,DET,40,751,0.374,19.9,0.447,0.14,0.017,0.06,0.23,0.553,0.438,0.455,0.5,0.286,0.463,0.323,0.413,0.738,0,0,0.223,0.31,3,0
18836,2004,3177,Chucky Atkins,NA,PG,29,5,NBA,BOS,24,793,0.418,16.7,0.554,0.229,0.068,0.048,0.209,0.446,0.471,0.509,0.235,0.5,0.5,0.351,0.246,0.769,0,0,0.198,0.364,1,0
18837,2004,2707,Clarence Weatherspoon,NA,PF,33,12,NBA,TOT,52,868,0.493,7.2,0.995,0.46,0.171,0.161,0.204,0.005,0.495,0.588,0.278,0.5,0.465,0,0.663,NA,0.057,8,1,0,0,0
18838,2004,2707,Clarence Weatherspoon,NA,PF,33,12,NBA,NYK,15,216,0.45,8.6,1,0.35,0.2,0.175,0.275,0,0.45,0.714,0,0.571,0.364,NA,0.722,NA,0.1,4,NA,NA,0,0
18839,2004,2707,Clarence Weatherspoon,NA,PF,33,12,NBA,HOU,37,652,0.503,6.8,0.994,0.485,0.164,0.158,0.187,0.006,0.506,0.566,0.357,0.481,0.5,0,0.651,NA,0.047,4,1,0,0,0
18840,2004,2492,Clifford Robinson,NA,PF,37,15,NBA,GSW,82,2846,0.387,16.1,0.668,0.106,0.187,0.12,0.255,0.332,0.403,0.63,0.39,0.336,0.349,0.357,0.563,0.991,0.003,3,0.121,0.289,1,0
18841,2004,3178,Corey Maggette,NA,SF,24,5,NBA,LAC,73,2628,0.447,12.7,0.772,0.354,0.078,0.073,0.267,0.228,0.482,0.655,0.291,0.405,0.33,0.329,0.578,0.934,0.058,55,0.078,0.278,2,0
18842,2004,2783,Corie Blount,NA,PF-C,35,11,NBA,TOT,62,1050,0.455,12.4,0.988,0.229,0.055,0.296,0.407,0.012,0.46,0.517,0.429,0.413,0.466,0,0.783,NA,0.036,7,0,NA,0,0
18843,2004,2783,Corie Blount,NA,PF,35,11,NBA,CHI,46,756,0.471,12.7,0.985,0.218,0.058,0.267,0.442,0.015,0.478,0.511,0.5,0.418,0.495,0,0.794,NA,0.039,6,0,NA,0,0
18844,2004,2783,Corie Blount,NA,C,35,11,NBA,TOR,16,294,0.383,11.2,1,0.277,0.043,0.426,0.255,0,0.383,0.538,0,0.4,0.25,NA,0.722,NA,0.021,1,NA,NA,0,0
18845,2004,2908,Corliss Williamson,NA,PF,30,9,NBA,DET,79,1574,0.505,5.7,1,0.447,0.307,0.183,0.063,0,0.505,0.647,0.416,0.355,0.368,NA,0.711,NA,0.02,12,NA,NA,0,0
18846,2004,3438,Curtis Borchardt,NA,C,23,1,NBA,UTA,16,258,0.393,9,0.982,0.321,0.161,0.286,0.214,0.018,0.4,0.611,0.222,0.438,0.167,0,0.682,NA,0.054,3,0,NA,0,0
18847,2004,3114,Cuttino Mobley,NA,SG,28,6,NBA,HOU,80,3229,0.426,15.8,0.611,0.208,0.088,0.109,0.206,0.389,0.448,0.582,0.389,0.322,0.404,0.39,0.348,0.829,0.018,19,0.264,0.378,3,0
18848,2004,3439,Dahntay Jones,NA,SG,23,1,NBA,MEM,20,154,0.283,11,0.925,0.321,0.132,0.132,0.34,0.075,0.286,0.529,0.429,0,0.111,0.25,0.643,1,0.075,4,0.5,0.5,0,0
18849,2004,3376,Dajuan Wagner,NA,SG,20,2,NBA,CLE,44,708,0.366,12.2,0.719,0.229,0.288,0.118,0.085,0.281,0.368,0.414,0.386,0.278,0.308,0.36,0.383,0.935,0.013,2,0.128,0.182,0,0
18850,2004,2644,Dale Davis,NA,C,34,13,NBA,POR,76,1682,0.473,6.5,1,0.505,0.117,0.26,0.117,0,0.473,0.585,0.212,0.479,0.242,NA,0.602,NA,0.167,45,NA,NA,0,0
18851,2004,3115,Damon Jones,NA,PG,27,6,NBA,MIL,82,2016,0.401,19.2,0.479,0.105,0.038,0.095,0.24,0.521,0.446,0.6,0.4,0.42,0.397,0.359,0.348,0.776,0,0,0.275,0.32,0,0
18852,2004,2911,Damon Stoudamire,NA,PG,30,9,NBA,POR,82,3118,0.401,17.3,0.581,0.151,0.083,0.106,0.241,0.419,0.426,0.5,0.345,0.389,0.424,0.365,0.341,0.801,0,0,0.124,0.302,1,0
18853,2004,3308,Damone Brown,NA,PF,24,3,NBA,NJN,3,17,0.1,5.5,1,0.6,0.2,0,0.2,0,0.1,0.167,0,NA,0,NA,1,NA,0.1,1,NA,NA,0,0
18854,2004,3377,Dan Dickau,NA,PG,25,2,NBA,TOT,43,294,0.378,14,0.694,0.235,0.163,0.071,0.224,0.306,0.397,0.652,0.188,0.143,0.364,0.333,0.296,0.8,0,0,0.167,0.4,0,0
18855,2004,3377,Dan Dickau,NA,PG,25,2,NBA,ATL,23,143,0.429,12,0.796,0.286,0.204,0.082,0.224,0.204,0.462,0.643,0.1,0.25,0.636,0.3,0.333,0.667,0,0,0.2,0,0,0
18856,2004,3377,Dan Dickau,NA,PG,25,2,NBA,POR,20,151,0.327,16,0.592,0.184,0.122,0.061,0.224,0.408,0.31,0.667,0.333,0,0.091,0.35,0.222,0.857,0,0,0.15,0.667,0,0
18857,2004,3378,Dan Gadzuric,NA,C,25,2,NBA,MIL,75,1260,0.524,3.9,0.997,0.605,0.244,0.132,0.017,0.003,0.526,0.611,0.447,0.304,0.333,0,0.716,NA,0.229,72,0,NA,1,0
18858,2004,3236,Dan Langhi,NA,SF,26,4,NBA,TOT,6,37,0.357,15.9,0.857,0,0,0.643,0.214,0.143,0.333,NA,NA,0.444,0,0.5,0.25,1,0,0,1,0.5,0,0
18859,2004,3236,Dan Langhi,NA,SF,26,4,NBA,GSW,4,17,0.333,15.3,1,0,0,0.667,0.333,0,0.333,NA,NA,0.5,0,NA,0,NA,0,0,NA,NA,0,0
18860,2004,3236,Dan Langhi,NA,SF,26,4,NBA,MIL,2,20,0.375,16.4,0.75,0,0,0.625,0.125,0.25,0.333,NA,NA,0.4,0,0.5,0.5,1,0,0,1,0.5,0,0
18861,2004,2493,Dana Barros,NA,SG,36,14,NBA,BOS,1,11,0.667,20.2,1,0,0,0,1,0,0.667,NA,NA,NA,0.667,NA,0.5,NA,0,0,NA,NA,0,0
18862,2004,3238,Daniel Santiago,NA,C,27,3,NBA,MIL,54,708,0.479,4.7,1,0.515,0.301,0.123,0.061,0,0.479,0.536,0.49,0.25,0.4,NA,0.744,NA,0.129,21,NA,NA,0,0
18863,2004,3052,Danny Fortson,NA,C,27,7,NBA,DAL,56,625,0.511,2.3,1,0.791,0.122,0.036,0.05,0,0.511,0.582,0.235,0.2,0.286,NA,0.451,NA,0.014,0,NA,NA,0,0
18864,2004,3239,Darius Miles,NA,SF,22,4,NBA,TOT,79,2079,0.485,8.2,0.947,0.444,0.162,0.13,0.211,0.053,0.502,0.614,0.426,0.418,0.377,0.175,0.617,1,0.143,102,0.3,0.167,1,0
18865,2004,3239,Darius Miles,NA,SF,22,4,NBA,CLE,37,888,0.432,8.8,0.909,0.42,0.145,0.169,0.175,0.091,0.458,0.59,0.313,0.321,0.397,0.167,0.58,1,0.1,31,0.3,0.111,0,0
18866,2004,3239,Darius Miles,NA,SF,22,4,NBA,POR,42,1191,0.526,7.7,0.976,0.462,0.175,0.1,0.239,0.024,0.534,0.631,0.5,0.548,0.366,0.2,0.641,1,0.178,71,0.3,0.333,1,0
18867,2004,3440,Darius Songaila,NA,PF,25,1,NBA,SAC,73,976,0.487,6,1,0.513,0.216,0.055,0.216,0,0.487,0.614,0.305,0.267,0.424,NA,0.729,NA,0.029,8,NA,NA,0,0
18868,2004,3441,Darko Miličić,NA,C,18,1,NBA,DET,34,159,0.262,8,0.985,0.308,0.323,0.2,0.154,0.015,0.266,0.45,0.333,0.077,0,0,0.882,NA,0.092,4,0,NA,0,0
18869,2004,2846,Darrell Armstrong,NA,PG,35,10,NBA,NOH,79,2247,0.395,18.6,0.417,0.174,0.027,0.056,0.16,0.583,0.508,0.625,0.25,0.488,0.432,0.315,0.506,0.756,0.005,4,0.203,0.31,4,1
18870,2004,2847,Darrick Martin,NA,PG,32,9,NBA,MIN,16,172,0.299,15.7,0.612,0.254,0.104,0.09,0.164,0.388,0.341,0.412,0.714,0,0.182,0.231,0.214,1,0,0,0.115,0,2,0
18871,2004,2977,Darvin Ham,NA,SF,30,7,NBA,DET,54,484,0.493,5.8,0.973,0.64,0.067,0.08,0.187,0.027,0.493,0.563,0,0.5,0.429,0.5,0.639,0,0.32,19,0,NA,0,0
18872,2004,2786,David Wesley,NA,SG,33,11,NBA,NOH,61,2001,0.389,18.1,0.644,0.141,0.02,0.071,0.411,0.356,0.425,0.54,0.313,0.298,0.413,0.323,0.735,0.946,0,0,0.312,0.292,3,0
18873,2004,3442,David West,NA,PF,23,1,NBA,NOH,71,930,0.474,3.4,0.991,0.711,0.136,0.083,0.061,0.009,0.478,0.549,0.323,0.158,0.429,0,0.593,NA,0.079,17,0,NA,0,0
18874,2004,3309,DeSagana Diop,NA,C,22,3,NBA,CLE,56,730,0.388,10.5,1,0.238,0.17,0.313,0.279,0,0.388,0.514,0.24,0.435,0.317,NA,0.684,NA,0.054,6,NA,NA,0,0
18875,2004,3241,DeShawn Stevenson,NA,SG-SF,22,4,NBA,TOT,80,2444,0.432,14,0.918,0.268,0.053,0.046,0.552,0.082,0.446,0.506,0.261,0.35,0.443,0.268,0.664,0.842,0.03,24,0.366,0.231,0,0
18876,2004,3241,DeShawn Stevenson,NA,SG,22,4,NBA,UTA,54,1511,0.445,14.2,0.949,0.259,0.056,0.026,0.608,0.051,0.457,0.52,0.212,0.4,0.455,0.233,0.76,0.714,0.034,18,0.3,0.111,0,0
18877,2004,3241,DeShawn Stevenson,NA,SF,22,4,NBA,ORL,26,933,0.404,13.6,0.856,0.284,0.046,0.088,0.439,0.144,0.422,0.481,0.385,0.32,0.408,0.293,0.427,0.917,0.021,6,0.415,0.294,0,0
18878,2004,3242,DerMarr Johnson,NA,SF,23,3,NBA,NYK,21,287,0.371,13.7,0.629,0.268,0.134,0.082,0.144,0.371,0.377,0.538,0.154,0.375,0.286,0.361,0.565,0.846,0.062,5,0.444,0.375,0,0
18879,2004,3054,Derek Anderson,NA,SG,29,7,NBA,POR,51,1810,0.376,18.1,0.577,0.145,0.025,0.093,0.314,0.423,0.428,0.539,0.4,0.298,0.417,0.305,0.55,0.835,0.02,12,0.232,0.35,1,0
18880,2004,2979,Derek Fisher,NA,SG,29,8,NBA,LAL,82,1769,0.352,17.3,0.689,0.142,0.05,0.089,0.408,0.311,0.38,0.524,0.241,0.216,0.383,0.291,0.523,0.865,0.002,1,0.408,0.274,1,0
18881,2004,2580,Derrick Coleman,NA,C,36,14,NBA,PHI,34,843,0.413,11,0.861,0.305,0.162,0.193,0.201,0.139,0.444,0.608,0.381,0.32,0.365,0.222,0.636,1,0.062,15,0.167,0.333,0,0
18882,2004,3182,Derrick Dial,NA,SG,28,4,NBA,ORL,9,86,0.321,16.5,0.679,0.179,0.071,0.143,0.286,0.321,0.368,0.4,0.5,1,0,0.222,0.143,0.5,0,0,0.222,0,0,0
18883,2004,3443,Desmond Ferguson,NA,SF,26,1,NBA,POR,7,32,0.417,19.3,0.333,0.167,0,0,0.167,0.667,0.5,1,NA,NA,0,0.375,1,0.667,0.083,1,0.25,0,0,0
18884,2004,3243,Desmond Mason,NA,SF,26,4,NBA,MIL,82,2534,0.472,9.5,0.955,0.371,0.153,0.168,0.262,0.045,0.483,0.578,0.429,0.377,0.449,0.231,0.64,0.889,0.075,56,0.59,0.261,1,0
18885,2004,3444,Desmond Penigar,NA,PF,22,1,NBA,ORL,10,89,0.5,7.9,1,0.357,0.25,0.143,0.25,0,0.5,0.5,0.571,0.5,0.429,NA,0.643,NA,0.036,1,NA,NA,0,0
18886,2004,3183,Devean George,NA,SF,26,5,NBA,LAL,82,1951,0.408,15.7,0.674,0.207,0.077,0.109,0.282,0.326,0.436,0.636,0.273,0.387,0.354,0.349,0.655,0.938,0.063,32,0.247,0.348,1,1
18887,2004,3379,Devin Brown,NA,SG,25,2,NBA,SAS,58,627,0.434,12.2,0.929,0.224,0.173,0.163,0.367,0.071,0.445,0.568,0.412,0.5,0.361,0.286,0.593,1,0.026,3,0.786,0.364,1,0
18888,2004,2648,Dikembe Mutombo,NA,C,37,13,NBA,NYK,65,1494,0.478,5,1,0.444,0.38,0.136,0.041,0,0.478,0.611,0.384,0.4,0.167,NA,0.589,NA,0.108,29,NA,NA,0,0
18889,2004,3184,Dion Glover,NA,SG,25,5,NBA,TOT,69,1643,0.39,11.4,0.798,0.363,0.081,0.149,0.204,0.202,0.404,0.547,0.208,0.273,0.325,0.336,0.526,0.925,0.036,20,0.311,0.541,0,0
18890,2004,3184,Dion Glover,NA,SG,25,5,NBA,ATL,55,1465,0.391,11.2,0.8,0.37,0.08,0.153,0.197,0.2,0.403,0.546,0.167,0.263,0.34,0.343,0.533,0.917,0.036,18,0.305,0.563,0,0
18891,2004,3184,Dion Glover,NA,SG,25,5,NBA,TOR,14,178,0.385,12.6,0.785,0.308,0.092,0.123,0.262,0.215,0.412,0.55,0.5,0.375,0.235,0.286,0.476,1,0.031,2,0.357,0.4,0,0
18892,2004,3116,Dirk Nowitzki,NA,C,25,6,NBA,DAL,77,2915,0.462,15.3,0.779,0.154,0.085,0.198,0.342,0.221,0.496,0.658,0.387,0.471,0.464,0.341,0.67,0.97,0.028,35,0.097,0.357,3,0
18893,2004,3244,Donnell Harvey,NA,PF,23,4,NBA,TOT,60,783,0.443,6.2,0.985,0.463,0.308,0.1,0.114,0.015,0.449,0.581,0.355,0.25,0.348,0,0.472,NA,0.129,19,0.333,0,1,0
18894,2004,3244,Donnell Harvey,NA,PF,23,4,NBA,ORL,24,345,0.404,6.3,0.966,0.494,0.303,0.067,0.101,0.034,0.419,0.568,0.185,0.667,0.222,0,0.417,NA,0.146,9,0.333,0,1,0
18895,2004,3244,Donnell Harvey,NA,PF,23,4,NBA,PHO,36,438,0.473,6.1,1,0.438,0.313,0.125,0.125,0,0.473,0.592,0.486,0.071,0.429,NA,0.509,NA,0.116,10,NA,NA,0,0
18896,2004,2853,Donyell Marshall,NA,PF,30,10,NBA,TOT,82,2988,0.461,12.9,0.681,0.325,0.109,0.07,0.177,0.319,0.488,0.63,0.459,0.254,0.337,0.403,0.693,0.992,0.054,50,0.48,0.429,1,0
18897,2004,2853,Donyell Marshall,NA,PF,30,10,NBA,CHI,16,408,0.419,13.1,0.801,0.338,0.051,0.066,0.346,0.199,0.422,0.565,0.286,0.111,0.362,0.407,0.739,1,0.044,3,0.296,0.5,0,0
18898,2004,2853,Donyell Marshall,NA,PF,30,10,NBA,TOR,66,2580,0.467,12.9,0.663,0.324,0.118,0.07,0.152,0.337,0.5,0.64,0.471,0.274,0.328,0.403,0.686,0.992,0.055,47,0.497,0.426,1,0
18899,2004,2712,Doug Christie,NA,SG,33,12,NBA,SAC,82,2780,0.461,14,0.794,0.289,0.071,0.051,0.382,0.206,0.491,0.698,0.245,0.457,0.384,0.345,0.66,0.898,0.084,55,0.387,0.4,2,0
18900,2004,2713,Doug Overton,NA,PG,34,11,NBA,TOT,61,1033,0.404,16,0.906,0.122,0.045,0.163,0.576,0.094,0.432,0.433,0.273,0.325,0.475,0.13,0.583,0.667,0,0,0.087,0,0,0
18901,2004,2713,Doug Overton,NA,PG,34,11,NBA,NJN,6,22,0.375,15.9,1,0,0.25,0,0.75,0,0.375,NA,0,NA,0.5,NA,0.667,NA,0,0,NA,NA,0,0
18902,2004,2713,Doug Overton,NA,PG,34,11,NBA,LAC,55,1011,0.405,16,0.903,0.127,0.038,0.169,0.57,0.097,0.435,0.433,0.333,0.325,0.474,0.13,0.581,0.667,0,0,0.087,0,0,0
18903,2004,3380,Drew Gooden,NA,PF,22,2,NBA,ORL,79,2134,0.445,9.7,0.949,0.3,0.226,0.198,0.226,0.051,0.457,0.53,0.487,0.36,0.417,0.214,0.561,0.889,0.057,42,0.262,0.273,2,0
18905,2004,3117,Earl Boykins,NA,SG,27,6,NBA,DEN,82,1849,0.419,15.4,0.777,0.138,0.107,0.191,0.341,0.223,0.447,0.557,0.451,0.39,0.433,0.322,0.383,0.673,0,0,0.088,0.4,0,0
18906,2004,3311,Earl Watson,NA,PG,24,3,NBA,MEM,81,1669,0.371,12.8,0.772,0.334,0.121,0.075,0.241,0.228,0.408,0.561,0.232,0.314,0.313,0.245,0.342,0.846,0.009,4,0.132,0.071,7,1
18907,2004,3246,Eddie Gill,NA,PG,25,3,NBA,POR,22,157,0.417,15.1,0.778,0.111,0.194,0.139,0.333,0.222,0.429,0.75,0.286,0.8,0.25,0.375,0.417,1,0,0,0.25,1,0,0
18908,2004,3247,Eddie House,NA,SG,25,4,NBA,LAC,60,1188,0.359,17.3,0.697,0.14,0.051,0.127,0.379,0.303,0.351,0.381,0.348,0.333,0.347,0.375,0.591,0.765,0.002,0,0.191,0.423,3,0
18909,2004,2855,Eddie Jones,NA,SG,32,10,NBA,MIA,81,2998,0.409,17,0.586,0.138,0.088,0.119,0.24,0.414,0.437,0.619,0.402,0.307,0.41,0.37,0.527,0.927,0.014,13,0.338,0.407,0,0
18910,2004,3185,Eddie Robinson,NA,SF,27,5,NBA,CHI,51,1024,0.482,14.2,0.985,0.15,0.067,0.202,0.564,0.015,0.486,0.653,0.409,0.485,0.451,0.2,0.897,0,0.043,13,0.2,0,0,0
18911,2004,3313,Eddy Curry,NA,PF,21,3,NBA,CHI,73,2154,0.496,4.3,0.999,0.514,0.338,0.12,0.026,0.001,0.496,0.604,0.423,0.317,0.136,1,0.726,1,0.127,99,0,NA,0,0
18912,2004,3248,Eduardo Nájera,NA,SF,27,4,NBA,DAL,58,720,0.444,6.5,0.975,0.58,0.074,0.154,0.167,0.025,0.443,0.511,0.25,0.44,0.296,0.5,0.729,0.5,0.037,6,0,NA,1,0
18913,2004,2583,Elden Campbell,NA,C,35,14,NBA,DET,65,892,0.439,8.4,1,0.309,0.21,0.331,0.15,0,0.439,0.485,0.409,0.452,0.362,NA,0.79,NA,0.083,24,NA,NA,0,0
18914,2004,3186,Elton Brand,NA,PF,24,5,NBA,LAC,69,2670,0.493,7,0.999,0.393,0.256,0.244,0.106,0.001,0.493,0.63,0.454,0.383,0.337,0,0.576,NA,0.037,35,0,NA,0,0
18915,2004,2860,Eric Piatkowski,NA,SF,33,10,NBA,HOU,49,703,0.377,19.5,0.361,0.126,0.031,0.079,0.126,0.639,0.42,0.583,0.333,0.333,0.333,0.352,0.793,0.977,0,0,0.385,0.383,0,0
18916,2004,2919,Eric Snow,NA,PG,30,9,NBA,PHI,82,2966,0.413,9.7,0.975,0.343,0.123,0.245,0.264,0.025,0.42,0.543,0.318,0.366,0.36,0.111,0.474,1,0,0,0.111,0,1,0
18917,2004,2920,Eric Williams,NA,SF,31,9,NBA,TOT,71,1886,0.386,11.9,0.788,0.221,0.286,0.179,0.102,0.212,0.416,0.462,0.357,0.43,0.459,0.276,0.561,0.914,0.007,3,0.22,0.25,4,0
18918,2004,2920,Eric Williams,NA,SF,31,9,NBA,BOS,21,513,0.435,10.4,0.819,0.311,0.277,0.107,0.124,0.181,0.455,0.418,0.429,0.474,0.591,0.344,0.53,0.818,0.006,1,0.25,0.25,1,0
18919,2004,2920,Eric Williams,NA,SF,31,9,NBA,CLE,50,1373,0.366,12.5,0.774,0.183,0.29,0.209,0.093,0.226,0.399,0.494,0.328,0.42,0.385,0.253,0.577,0.958,0.007,2,0.211,0.25,3,0
18920,2004,2984,Erick Dampier,NA,C,28,8,NBA,GSW,74,2403,0.535,3.1,0.997,0.617,0.295,0.069,0.015,0.003,0.537,0.666,0.323,0.289,0.6,0,0.534,NA,0.185,113,0,NA,2,0
18921,2004,2985,Erick Strickland,NA,PG,30,8,NBA,MIL,43,571,0.403,15.2,0.663,0.214,0.082,0.148,0.219,0.337,0.385,0.5,0.25,0.414,0.302,0.439,0.38,0.966,0,0,0.197,0.308,0,0
18922,2004,2791,Ervin Johnson,NA,C,36,11,NBA,MIN,66,965,0.534,4.4,0.99,0.515,0.291,0.165,0.019,0.01,0.539,0.642,0.533,0.294,0,0,0.727,NA,0.029,3,0,NA,0,0
18923,2004,3315,Etan Thomas,NA,C,25,3,NBA,WAS,79,1901,0.489,4.4,1,0.519,0.346,0.11,0.025,0,0.489,0.612,0.374,0.345,0.154,NA,0.615,NA,0.188,90,NA,NA,0,0
18924,2004,3446,Francisco Elson,NA,C,27,1,NBA,DEN,62,875,0.472,9,0.995,0.382,0.151,0.191,0.271,0.005,0.475,0.632,0.4,0.316,0.407,0,0.777,NA,0.131,22,0,NA,1,0
18925,2004,3382,Frank Williams,NA,PG,23,2,NBA,NYK,56,714,0.385,12.3,0.712,0.37,0.067,0.101,0.173,0.288,0.419,0.532,0.429,0.238,0.278,0.3,0.145,0.889,0.005,1,0.283,0.235,0,0
18926,2004,2922,Fred Hoiberg,NA,SG,31,9,NBA,MIN,79,1804,0.465,18.6,0.551,0.136,0.029,0.031,0.355,0.449,0.483,0.712,0.182,0.25,0.441,0.442,0.922,1,0.021,7,0.262,0.4,0,0
18927,2004,3383,Fred Jones,NA,SG,24,2,NBA,IND,81,1508,0.395,13.7,0.714,0.299,0.109,0.09,0.215,0.286,0.432,0.613,0.382,0.071,0.358,0.303,0.563,1,0.058,16,0.258,0.348,1,0
18928,2004,2585,Gary Payton,NA,PG,35,14,NBA,LAL,82,2825,0.471,9.5,0.839,0.416,0.148,0.146,0.129,0.161,0.497,0.606,0.447,0.369,0.348,0.333,0.508,0.964,0,0,0.188,0.387,3,0
18929,2004,2923,Gary Trent,NA,C,29,9,NBA,MIN,68,1025,0.473,7.1,0.982,0.399,0.274,0.21,0.098,0.018,0.481,0.679,0.389,0.29,0.344,0,0.703,NA,0.027,9,0,NA,0,0
18930,2004,2795,George Lynch,NA,SF,33,11,NBA,NOH,78,1701,0.397,14.3,0.629,0.277,0.088,0.069,0.195,0.371,0.449,0.519,0.333,0.423,0.411,0.309,0.774,0.93,0.021,7,0.511,0.366,0,0
18931,2004,3316,Gerald Wallace,NA,SF,21,3,NBA,SAC,37,337,0.36,9.7,0.978,0.427,0.079,0.067,0.404,0.022,0.368,0.421,0.286,0.333,0.333,0,0.563,NA,0.056,2,0.5,0,0,0
18932,2004,3317,Gilbert Arenas,NA,PG,22,3,NBA,WAS,55,2066,0.392,15.5,0.636,0.22,0.111,0.084,0.221,0.364,0.401,0.572,0.168,0.377,0.356,0.375,0.262,0.76,0.02,18,0.147,0.327,0,0
18933,2004,2509,Glen Rice,NA,SF,36,15,NBA,LAC,18,262,0.289,17.4,0.632,0.079,0.105,0.184,0.263,0.368,0.354,0.667,0.375,0.214,0.35,0.179,0.529,1,0,0,0.179,0.2,0,0
18934,2004,2862,Glenn Robinson,NA,SF,31,10,NBA,PHI,42,1336,0.448,14,0.837,0.109,0.15,0.353,0.225,0.163,0.469,0.597,0.489,0.433,0.449,0.34,0.639,0.971,0.011,6,0.2,0.45,1,0
18935,2004,3384,Gordan Giriček,NA,SF-SG,26,2,NBA,TOT,73,2041,0.436,14.7,0.79,0.198,0.091,0.134,0.367,0.21,0.448,0.573,0.485,0.371,0.398,0.395,0.613,0.983,0.015,9,0.401,0.41,1,0
18936,2004,3384,Gordan Giriček,NA,SF,26,2,NBA,ORL,48,1435,0.44,15.7,0.735,0.171,0.077,0.131,0.356,0.265,0.452,0.63,0.485,0.393,0.382,0.407,0.62,0.978,0.012,5,0.389,0.409,0,0
18937,2004,3384,Gordan Giriček,NA,SG,26,2,NBA,UTA,25,606,0.431,13.4,0.869,0.236,0.111,0.138,0.384,0.131,0.442,0.514,0.485,0.341,0.421,0.359,0.605,1,0.02,4,0.436,0.412,1,0
18938,2004,3188,Greg Buckner,NA,SG,27,5,NBA,PHI,53,703,0.377,12.6,0.749,0.257,0.16,0.171,0.16,0.251,0.412,0.489,0.214,0.433,0.464,0.273,0.667,1,0.006,1,0.523,0.261,0,0
18939,2004,2925,Greg Ostertag,NA,C,30,9,NBA,UTA,78,2153,0.476,3.5,0.998,0.693,0.128,0.119,0.057,0.002,0.477,0.574,0.321,0.192,0.24,0,0.615,NA,0.094,35,0,NA,0,0
18940,2004,3252,Hedo Türkoğlu,NA,SF,24,4,NBA,SAS,80,2073,0.406,16.2,0.626,0.169,0.102,0.109,0.247,0.374,0.399,0.532,0.288,0.329,0.384,0.419,0.547,0.921,0.019,11,0.353,0.506,1,0
18941,2004,3447,Hiram Fuller,NA,PF,22,1,NBA,ATL,4,43,0.375,5.2,1,0.5,0.125,0.375,0,0,0.375,0.5,0,0.333,NA,NA,0.333,NA,0.125,1,NA,NA,0,0
18942,2004,2361,Horace Grant,NA,PF,38,17,NBA,LAL,55,1106,0.411,11.3,0.996,0.317,0.063,0.152,0.464,0.004,0.413,0.563,0.5,0.235,0.356,0,0.75,NA,0.009,2,0,NA,0,0
18943,2004,2865,Howard Eisley,NA,PG,31,10,NBA,TOT,67,1457,0.368,16,0.639,0.215,0.084,0.104,0.235,0.361,0.396,0.443,0.447,0.255,0.396,0.319,0.219,0.731,0,0,0.172,0.393,4,0
18944,2004,2865,Howard Eisley,NA,PG,31,10,NBA,NYK,33,730,0.396,16.8,0.579,0.203,0.099,0.079,0.198,0.421,0.444,0.512,0.5,0.313,0.4,0.329,0.231,0.643,0,0,0.094,0.5,3,0
18945,2004,2865,Howard Eisley,NA,PG,31,10,NBA,PHO,34,727,0.345,15.3,0.687,0.225,0.072,0.124,0.265,0.313,0.363,0.393,0.389,0.226,0.394,0.308,0.21,0.833,0,0,0.256,0.35,1,0
18946,2004,2719,Hubert Davis,NA,SG,33,12,NBA,TOT,17,78,0.091,12,0.909,0.364,0,0.182,0.364,0.091,0.1,0.25,NA,0,0,0,1,NA,0,0,0,NA,0,0
18947,2004,2719,Hubert Davis,NA,SG,33,12,NBA,DET,3,23,0,12.6,0.5,0.5,0,0,0,0.5,0,0,NA,NA,NA,0,NA,NA,0,0,0,NA,0,0
18948,2004,2719,Hubert Davis,NA,SG,33,12,NBA,NJN,14,55,0.111,11.9,1,0.333,0,0.222,0.444,0,0.111,0.333,NA,0,0,NA,1,NA,0,0,NA,NA,0,0
18949,2004,3448,Ime Udoka,NA,SF,26,1,NBA,LAL,4,28,0.333,11.1,0.889,0.333,0,0.444,0.111,0.111,0.375,1,NA,0,0,0,0.333,NA,0,0,0,NA,0,0
18950,2004,3253,Ira Newble,NA,SF,29,4,NBA,CLE,64,1245,0.391,12.3,0.931,0.283,0.058,0.181,0.409,0.069,0.412,0.487,0.313,0.4,0.381,0.105,0.745,1,0.033,9,0.632,0.167,0,0
18951,2004,3387,J.R. Bremer,NA,PG,23,2,NBA,TOT,36,443,0.272,17,0.532,0.196,0.076,0.032,0.228,0.468,0.286,0.323,0.25,0,0.306,0.257,0.5,0.895,0,0,0.351,0.423,0,0
18952,2004,3387,J.R. Bremer,NA,PG,23,2,NBA,CLE,31,403,0.285,17.5,0.518,0.182,0.066,0.029,0.241,0.482,0.282,0.32,0.222,0,0.303,0.288,0.6,0.895,0,0,0.379,0.44,0,0
18953,2004,3387,J.R. Bremer,NA,PG,23,2,NBA,GSW,5,40,0.19,14.3,0.619,0.286,0.143,0.048,0.143,0.381,0.308,0.333,0.333,0,0.333,0,0,NA,0,0,0.125,0,0,0
18954,2004,3254,Jabari Smith,NA,C,26,3,NBA,SAC,31,168,0.371,13,0.957,0.2,0.129,0.157,0.471,0.043,0.388,0.643,0.111,0.273,0.394,0,0.577,NA,0.057,4,0.333,0,0,0
18955,2004,3063,Jacque Vaughn,NA,PG,28,7,NBA,ATL,71,1271,0.386,14.6,0.928,0.177,0.036,0.191,0.523,0.072,0.405,0.449,0.3,0.377,0.407,0.15,0.49,1,0,0,0.35,0.429,0,0
18956,2004,3122,Jahidi White,NA,C,27,6,NBA,TOT,62,865,0.521,1.6,1,0.811,0.142,0.042,0.005,0,0.521,0.565,0.333,0.375,0,NA,0.505,NA,0.168,27,NA,NA,0,0
18957,2004,3122,Jahidi White,NA,C,27,6,NBA,WAS,1,4,0,1.9,1,1,0,0,0,0,0,0,NA,NA,NA,NA,NA,NA,0,0,NA,NA,0,0
18958,2004,3122,Jahidi White,NA,C,27,6,NBA,PHO,61,861,0.524,1.6,1,0.81,0.143,0.042,0.005,0,0.524,0.569,0.333,0.375,0,NA,0.505,NA,0.169,27,NA,NA,0,0
18959,2004,3255,Jake Tsakalidis,NA,C,24,4,NBA,MEM,40,533,0.504,5.8,1,0.459,0.301,0.09,0.15,0,0.504,0.639,0.425,0.25,0.4,NA,0.776,NA,0.188,22,NA,NA,0,0
18960,2004,3256,Jake Voskuhl,NA,C,26,4,NBA,PHO,66,1606,0.507,4.4,1,0.653,0.127,0.12,0.1,0,0.507,0.592,0.421,0.333,0.267,NA,0.717,NA,0.127,32,NA,NA,0,0
18961,2004,2867,Jalen Rose,NA,PG-SF,31,10,NBA,TOT,66,2497,0.402,14.2,0.788,0.147,0.153,0.232,0.255,0.212,0.419,0.579,0.363,0.407,0.37,0.342,0.312,0.957,0.008,7,0.391,0.405,0,0
18962,2004,2867,Jalen Rose,NA,SF,31,10,NBA,CHI,16,529,0.375,15,0.73,0.175,0.115,0.165,0.275,0.27,0.356,0.457,0.217,0.394,0.327,0.426,0.365,0.913,0.015,2,0.167,0.667,0,0
18963,2004,2867,Jalen Rose,NA,PG,31,10,NBA,TOR,50,1968,0.41,13.9,0.803,0.14,0.164,0.25,0.25,0.197,0.434,0.619,0.39,0.41,0.383,0.311,0.302,0.978,0.007,5,0.473,0.371,0,0
18964,2004,3257,Jamaal Magloire,NA,C,25,4,NBA,NOH,82,2777,0.473,4.6,0.999,0.488,0.365,0.082,0.064,0.001,0.474,0.605,0.363,0.273,0.365,0,0.624,NA,0.158,110,0,NA,0,0
18965,2004,3319,Jamaal Tinsley,NA,PG,25,3,NBA,IND,52,1378,0.414,17.5,0.441,0.176,0.103,0.065,0.097,0.559,0.466,0.569,0.474,0.375,0.333,0.372,0.368,0.779,0.003,0,0.348,0.347,0,0
18966,2004,3258,Jamal Crawford,NA,SG,23,4,NBA,CHI,80,2811,0.386,17.5,0.605,0.14,0.088,0.107,0.27,0.395,0.432,0.5,0.422,0.362,0.427,0.317,0.422,0.642,0.015,20,0.192,0.22,5,1
18967,2004,2801,Jamal Mashburn,NA,SF,31,11,NBA,NOH,19,730,0.392,14.3,0.832,0.136,0.093,0.352,0.251,0.168,0.414,0.389,0.351,0.436,0.42,0.284,0.358,0.789,0.003,1,0.119,0.25,0,0
18968,2004,3388,Jamal Sampson,NA,C,20,2,NBA,LAL,10,130,0.478,6.1,1,0.522,0.13,0.261,0.087,0,0.478,0.417,0.667,0.5,0.5,NA,0.545,NA,0.043,1,NA,NA,0,0
18969,2004,3449,James Jones,NA,SF,23,1,NBA,IND,6,26,0.222,21.5,0.556,0,0,0.111,0.444,0.444,0.2,NA,NA,0,0.25,0.25,1,1,0,0,0,NA,0,0
18970,2004,3192,James Posey,NA,SG,27,5,NBA,MEM,82,2451,0.478,12.4,0.623,0.37,0.105,0.053,0.095,0.377,0.533,0.646,0.42,0.293,0.356,0.386,0.617,0.875,0.078,53,0.41,0.37,0,0
18971,2004,3320,Jamison Brewer,NA,PG,23,3,NBA,IND,13,160,0.371,16.2,0.6,0.257,0.114,0,0.229,0.4,0.381,0.667,0,NA,0.25,0.357,0.375,0.6,0.029,1,0.286,0,1,0
18972,2004,3389,Jannero Pargo,NA,PG,24,2,NBA,TOT,31,479,0.407,18.3,0.688,0.07,0.05,0.146,0.422,0.312,0.431,0.429,0.2,0.414,0.464,0.355,0.322,0.864,0,0,0.161,0.5,0,0
18973,2004,3389,Jannero Pargo,NA,PG,24,2,NBA,LAL,13,63,0.375,16,0.75,0.188,0,0.125,0.438,0.25,0.333,0,NA,0,0.571,0.5,0.25,1,0,0,0.25,1,0,0
18974,2004,3389,Jannero Pargo,NA,PG,24,2,NBA,TOR,5,71,0.31,17.3,0.828,0.034,0.069,0.138,0.586,0.172,0.375,0,0.5,0.25,0.412,0,0.222,NA,0,0,0.2,0,0,0
18975,2004,3389,Jannero Pargo,NA,PG,24,2,NBA,CHI,13,345,0.429,18.7,0.656,0.065,0.052,0.149,0.39,0.344,0.455,0.6,0.125,0.478,0.467,0.377,0.348,0.85,0,0,0.151,0.5,0,0
18976,2004,3390,Jared Jeffries,NA,PF,22,2,NBA,WAS,82,1913,0.377,8.3,0.936,0.407,0.235,0.126,0.168,0.064,0.392,0.571,0.236,0.237,0.291,0.167,0.494,0.8,0.07,31,0.133,0,0,0
18977,2004,3321,Jarron Collins,NA,C,25,3,NBA,UTA,81,1732,0.498,6.5,0.997,0.532,0.112,0.146,0.207,0.003,0.5,0.605,0.515,0.233,0.41,0,0.741,NA,0.003,0,0,NA,1,0
18978,2004,3450,Jarvis Hayes,NA,SF,22,1,NBA,WAS,70,2044,0.4,13,0.812,0.245,0.151,0.135,0.281,0.188,0.422,0.6,0.257,0.34,0.395,0.305,0.639,1,0.03,20,0.389,0.373,0,0
18979,2004,3260,Jason Collier,NA,C,26,4,NBA,ATL,20,545,0.479,8.9,0.976,0.358,0.23,0.109,0.279,0.024,0.484,0.644,0.263,0.5,0.457,0.25,0.744,1,0.042,7,0.25,0,0,0
18980,2004,3322,Jason Collins,NA,C,25,3,NBA,NJN,78,2220,0.424,7.5,0.995,0.458,0.125,0.208,0.203,0.005,0.427,0.517,0.313,0.425,0.295,0,0.675,NA,0.063,22,0,NA,0,0
18981,2004,3261,Jason Hart,NA,PG,25,3,NBA,SAS,53,660,0.447,12.6,0.943,0.195,0.17,0.189,0.39,0.057,0.46,0.742,0.296,0.467,0.387,0.222,0.594,0,0,0,0.333,0,1,0
18982,2004,3451,Jason Kapono,NA,SF,22,1,NBA,CLE,41,427,0.403,17.3,0.659,0.116,0.047,0.186,0.31,0.341,0.365,0.6,0.167,0.292,0.35,0.477,0.806,0.905,0,0,0.432,0.368,0,0
18983,2004,2870,Jason Kidd,NA,PG,30,10,NBA,NJN,67,2450,0.384,15.9,0.694,0.214,0.048,0.123,0.31,0.306,0.411,0.488,0.326,0.339,0.401,0.321,0.482,0.84,0,0,0.106,0.355,9,2
18984,2004,3323,Jason Richardson,NA,SG,23,3,NBA,GSW,78,2936,0.438,11.7,0.787,0.29,0.188,0.109,0.199,0.213,0.481,0.686,0.368,0.3,0.387,0.282,0.506,0.961,0.075,86,0.223,0.262,3,0
18985,2004,3194,Jason Terry,NA,PG,26,5,NBA,ATL,81,3018,0.417,16.1,0.648,0.133,0.12,0.17,0.226,0.352,0.455,0.522,0.455,0.404,0.456,0.347,0.346,0.719,0.004,5,0.287,0.364,1,0
18986,2004,3123,Jason Williams,NA,PG,28,6,NBA,MEM,72,2115,0.407,18.3,0.489,0.192,0.039,0.059,0.199,0.511,0.487,0.606,0.393,0.548,0.373,0.33,0.218,0.658,0.001,1,0.06,0.318,6,1
18987,2004,3195,Jeff Foster,NA,C,27,5,NBA,IND,82,1961,0.544,4.5,0.989,0.702,0.105,0.064,0.119,0.011,0.55,0.65,0.421,0.087,0.326,0,0.711,NA,0.182,62,0,NA,0,0
18988,2004,2992,Jeff McInnis,NA,SG-PG,29,7,NBA,TOT,70,2365,0.447,13.2,0.83,0.181,0.177,0.25,0.222,0.17,0.465,0.504,0.402,0.481,0.464,0.362,0.497,0.957,0.001,1,0.189,0.458,3,0
18989,2004,2992,Jeff McInnis,NA,SG,29,7,NBA,POR,39,1269,0.471,13,0.887,0.168,0.168,0.264,0.286,0.113,0.491,0.6,0.443,0.5,0.445,0.319,0.508,1,0.002,1,0.17,0.375,2,0
18990,2004,2992,Jeff McInnis,NA,PG,29,7,NBA,CLE,31,1096,0.417,13.4,0.758,0.196,0.187,0.233,0.142,0.242,0.426,0.4,0.355,0.455,0.511,0.388,0.477,0.935,0,0,0.2,0.5,1,0
18991,2004,3324,Jeff Trepagnier,NA,SG,24,3,NBA,DEN,11,96,0.263,9.9,0.895,0.421,0.079,0.079,0.316,0.105,0.235,0.313,0,0,0.25,0.5,0.875,1,0.132,3,0.25,1,0,0
18992,2004,3125,Jelani McCoy,NA,C,26,6,NBA,CLE,2,12,NA,NA,NA,NA,NA,NA,NA,NA,NA,NA,NA,NA,NA,NA,NA,NA,NA,0,NA,NA,0,0
18993,2004,2993,Jermaine O'Neal,NA,PF,25,8,NBA,IND,78,2788,0.434,9.3,0.987,0.232,0.312,0.273,0.17,0.013,0.438,0.591,0.382,0.414,0.374,0.111,0.706,1,0.069,89,0.278,0.2,2,0
18994,2004,3452,Jerome Beasley,NA,PF,23,1,NBA,MIA,2,5,0.333,7.3,1,0.333,0.333,0,0.333,0,0.333,0,0,NA,1,NA,1,NA,0,0,NA,NA,0,0
18995,2004,3126,Jerome James,NA,C,28,4,NBA,SEA,65,990,0.498,4.6,1,0.471,0.367,0.154,0.008,0,0.498,0.68,0.326,0.375,0,NA,0.566,NA,0.212,47,NA,NA,0,0
18996,2004,2994,Jerome Williams,NA,PF,30,8,NBA,TOT,68,1637,0.47,5.9,0.976,0.589,0.11,0.125,0.152,0.024,0.482,0.566,0.351,0.31,0.392,0,0.652,NA,0.065,20,0.375,0,0,0
18997,2004,2994,Jerome Williams,NA,PF,30,8,NBA,TOR,15,407,0.491,3.8,0.982,0.667,0.158,0.105,0.053,0.018,0.5,0.579,0.444,0.167,0.333,0,0.643,NA,0.105,5,1,0,0,0
18998,2004,2994,Jerome Williams,NA,PF,30,8,NBA,CHI,53,1230,0.466,6.3,0.975,0.573,0.1,0.129,0.172,0.025,0.478,0.563,0.321,0.333,0.396,0,0.654,NA,0.057,15,0.286,0,0,0
18999,2004,2930,Jerry Stackhouse,NA,SF,29,9,NBA,WAS,26,774,0.399,13.8,0.798,0.199,0.112,0.221,0.265,0.202,0.41,0.641,0.278,0.38,0.318,0.354,0.476,0.913,0.028,9,0.277,0.5,0,0
19000,2004,2722,Jim Jackson,NA,SF,33,12,NBA,HOU,80,3119,0.424,17.8,0.55,0.108,0.099,0.117,0.227,0.45,0.444,0.402,0.393,0.514,0.451,0.4,0.455,0.963,0.003,3,0.491,0.402,3,0
19001,2004,3392,Jiří Welsch,NA,SG,24,2,NBA,BOS,81,2179,0.428,14.5,0.704,0.248,0.101,0.095,0.26,0.296,0.448,0.599,0.21,0.224,0.478,0.381,0.508,0.826,0.023,11,0.365,0.409,1,0
19002,2004,3327,Joe Johnson,NA,SG,22,3,NBA,PHO,82,3331,0.43,13.3,0.789,0.238,0.139,0.146,0.266,0.211,0.463,0.58,0.517,0.383,0.375,0.305,0.343,0.916,0.027,32,0.401,0.431,6,0
19003,2004,2932,Joe Smith,NA,PF,28,9,NBA,MIL,76,2254,0.439,9.3,0.993,0.338,0.147,0.254,0.254,0.007,0.441,0.552,0.337,0.417,0.378,0.2,0.703,1,0.072,46,0,NA,0,0
19004,2004,3262,Joel Przybilla,NA,C,24,4,NBA,TOT,17,347,0.36,4.4,1,0.58,0.2,0.16,0.06,0,0.36,0.414,0.1,0.25,1,NA,0.611,NA,0.08,4,NA,NA,0,0
19005,2004,3262,Joel Przybilla,NA,C,24,4,NBA,MIL,5,33,NA,NA,NA,NA,NA,NA,NA,NA,NA,NA,NA,NA,NA,NA,NA,NA,NA,0,NA,NA,0,0
19006,2004,3262,Joel Przybilla,NA,C,24,4,NBA,ATL,12,314,0.36,4.4,1,0.58,0.2,0.16,0.06,0,0.36,0.414,0.1,0.25,1,NA,0.611,NA,0.08,4,NA,NA,0,0
19007,2004,3393,John Salmons,NA,SG,24,2,NBA,PHI,77,1603,0.387,15.1,0.647,0.243,0.053,0.127,0.224,0.353,0.413,0.584,0.136,0.321,0.344,0.34,0.595,0.96,0.026,10,0.51,0.32,0,0
19008,2004,2997,John Wallace,NA,SF,29,7,NBA,MIA,37,368,0.421,12.9,0.91,0.179,0.103,0.345,0.283,0.09,0.424,0.615,0.467,0.4,0.317,0.385,0.268,0.6,0.041,3,0.231,0.333,0,0
19009,2004,2726,Jon Barry,NA,SG,34,12,NBA,DEN,57,1101,0.404,18,0.535,0.152,0.057,0.067,0.259,0.465,0.434,0.667,0.353,0.6,0.273,0.37,0.609,0.745,0,0,0.203,0.286,0,0
19010,2004,3198,Jonathan Bender,NA,SF,23,5,NBA,IND,21,271,0.472,11.2,0.792,0.349,0.151,0.151,0.142,0.208,0.488,0.703,0.375,0.25,0.333,0.409,0.537,1,0.132,13,0.136,0,0,0
19011,2004,3453,Josh Davis,NA,PF,23,1,NBA,ATL,4,23,0.4,12.7,0.6,0.4,0,0.2,0,0.4,0.667,1,NA,0,NA,0,1,NA,0.2,1,0,NA,0,0
19012,2004,3454,Josh Howard,NA,SF,23,1,NBA,DAL,67,1589,0.43,9.8,0.876,0.361,0.199,0.128,0.188,0.124,0.448,0.651,0.292,0.324,0.31,0.303,0.536,0.8,0.038,18,0.227,0.133,2,0
19013,2004,3394,Juan Dixon,NA,SG,25,2,NBA,WAS,71,1478,0.388,15.7,0.689,0.168,0.116,0.146,0.259,0.311,0.428,0.607,0.405,0.387,0.345,0.298,0.436,0.627,0.003,2,0.293,0.414,2,0
19014,2004,3199,Jumaine Jones,NA,SG,24,5,NBA,BOS,42,373,0.344,16.9,0.542,0.208,0.063,0.063,0.208,0.458,0.385,0.45,0.5,0.5,0.25,0.295,0.6,1,0.01,1,0.318,0.286,0,0
19015,2004,2874,Juwan Howard,NA,PF,30,10,NBA,ORL,81,2877,0.453,9,0.999,0.236,0.295,0.297,0.171,0.001,0.453,0.554,0.417,0.432,0.41,0,0.586,NA,0.034,32,0,NA,0,0
19016,2004,3263,Jérôme Moïso,NA,PF,25,4,NBA,TOR,35,417,0.476,5.7,0.988,0.452,0.321,0.155,0.06,0.012,0.482,0.632,0.444,0.308,0,0,0.475,NA,0.131,11,0,NA,0,0
19017,2004,3455,Kaniel Dickens,NA,PF,25,1,NBA,POR,3,12,1,7.2,1,0.667,0,0,0.333,0,1,1,NA,NA,1,NA,1,NA,0.333,1,NA,NA,0,0
19018,2004,3397,Kareem Rush,NA,SG,23,2,NBA,LAL,72,1244,0.44,16.4,0.681,0.176,0.06,0.139,0.306,0.319,0.483,0.605,0.423,0.417,0.455,0.348,0.655,0.938,0.014,4,0.152,0.381,2,0
19019,2004,2252,Karl Malone,NA,PF,40,19,NBA,LAL,42,1373,0.483,10.4,0.998,0.32,0.083,0.218,0.378,0.003,0.484,0.688,0.424,0.414,0.364,0,0.762,NA,0.02,7,0,NA,0,0
19020,2004,3329,Kedrick Brown,NA,SF,22,3,NBA,TOT,55,969,0.461,13.8,0.61,0.311,0.094,0.059,0.146,0.39,0.51,0.62,0.5,0.4,0.324,0.384,0.709,1,0.067,16,0.606,0.417,0,0
19021,2004,3329,Kedrick Brown,NA,SF,22,3,NBA,BOS,21,408,0.455,12.2,0.677,0.394,0.071,0.051,0.162,0.323,0.493,0.667,0.286,0.4,0.188,0.375,0.727,1,0.101,9,0.75,0.417,0,0
19022,2004,3329,Kedrick Brown,NA,SF,22,3,NBA,CLE,34,561,0.465,14.8,0.568,0.258,0.11,0.065,0.135,0.432,0.523,0.575,0.588,0.4,0.429,0.388,0.696,1,0.045,7,0.537,0.417,0,0
19023,2004,3456,Keith Bogans,NA,SF,23,1,NBA,ORL,73,1787,0.403,15.5,0.588,0.251,0.057,0.075,0.205,0.412,0.434,0.553,0.346,0.324,0.355,0.358,0.578,0.985,0.007,3,0.465,0.425,0,0
19024,2004,3457,Keith McLeod,NA,PG,24,1,NBA,MIN,33,391,0.329,14.8,0.878,0.207,0.061,0.171,0.439,0.122,0.361,0.471,0.4,0.286,0.333,0.1,0.423,1,0,0,0.1,0,0,0
19025,2004,3074,Keith Van Horn,NA,SF,28,7,NBA,TOT,72,2340,0.454,11.9,0.742,0.301,0.168,0.133,0.14,0.258,0.473,0.588,0.428,0.392,0.357,0.399,0.517,1,0.04,34,0.352,0.402,0,0
19026,2004,3074,Keith Van Horn,NA,SF,28,7,NBA,NYK,47,1574,0.445,11.9,0.737,0.297,0.173,0.134,0.134,0.263,0.471,0.571,0.453,0.402,0.341,0.373,0.469,1,0.039,22,0.379,0.41,0,0
19027,2004,3074,Keith Van Horn,NA,SF,28,7,NBA,MIL,25,766,0.472,11.7,0.752,0.31,0.159,0.131,0.152,0.248,0.477,0.622,0.37,0.368,0.386,0.458,0.615,1,0.041,12,0.292,0.381,0,0
19028,2004,3075,Kelvin Cato,NA,PF,29,7,NBA,HOU,69,1743,0.447,5.4,1,0.539,0.183,0.161,0.117,0,0.447,0.624,0.242,0.259,0.214,NA,0.839,NA,0.283,87,NA,NA,0,0
19029,2004,2598,Kendall Gill,NA,SG,35,14,NBA,CHI,56,1411,0.392,13.3,0.931,0.234,0.075,0.157,0.465,0.069,0.404,0.508,0.244,0.314,0.408,0.237,0.699,1,0.004,2,0.447,0.412,0,0
19030,2004,3458,Kendrick Perkins,NA,C,19,1,NBA,BOS,10,35,0.533,4.6,1,0.4,0.467,0.133,0,0,0.533,0.833,0.429,0,NA,NA,0.375,NA,0.067,1,NA,NA,0,0
19031,2004,2661,Kenny Anderson,NA,PG,33,13,NBA,IND,44,905,0.441,10.5,0.984,0.313,0.141,0.156,0.375,0.016,0.444,0.588,0.444,0.3,0.385,0.25,0.58,1,0,0,1,0.25,0,0
19032,2004,3200,Kenny Thomas,NA,PF,26,5,NBA,PHI,74,2699,0.469,6.7,0.994,0.486,0.197,0.113,0.198,0.006,0.47,0.567,0.394,0.196,0.466,0.2,0.624,0,0.069,51,0,NA,1,0
19033,2004,3264,Kenyon Martin,NA,PF,26,4,NBA,NJN,65,2252,0.488,7.7,0.972,0.408,0.252,0.111,0.201,0.028,0.494,0.668,0.392,0.3,0.376,0.28,0.669,1,0.163,134,0.16,0.75,1,0
19034,2004,3129,Keon Clark,NA,PF,28,6,NBA,UTA,2,27,0.333,9.6,1,0.333,0.167,0.167,0.333,0,0.333,0.5,1,0,0,NA,0.5,NA,0,0,NA,NA,0,0
19035,2004,2998,Kerry Kittles,NA,SG,29,7,NBA,NJN,82,2842,0.453,14.3,0.712,0.282,0.047,0.101,0.283,0.288,0.493,0.656,0.289,0.371,0.41,0.351,0.831,0.907,0.044,40,0.12,0.333,2,0
19036,2004,2936,Kevin Garnett,NA,PF,27,9,NBA,MIN,82,3231,0.499,11.2,0.973,0.228,0.184,0.24,0.32,0.027,0.506,0.677,0.455,0.46,0.448,0.256,0.663,0.818,0.07,111,0,NA,1,0
19037,2004,3076,Kevin Ollie,NA,PG,31,7,NBA,CLE,82,1401,0.37,11,0.965,0.3,0.113,0.222,0.331,0.035,0.367,0.455,0.31,0.281,0.365,0.444,0.615,0.75,0,0,0,NA,0,0
19038,2004,2187,Kevin Willis,NA,C,41,19,NBA,SAS,48,373,0.467,8.7,0.993,0.313,0.233,0.267,0.18,0.007,0.47,0.745,0.371,0.325,0.333,0,0.557,NA,0.08,12,0,NA,0,0
19039,2004,3265,Keyon Dooling,NA,PG,23,4,NBA,LAC,58,1137,0.389,13.7,0.869,0.233,0.097,0.142,0.398,0.131,0.422,0.585,0.412,0.36,0.35,0.174,0.38,0.875,0.043,14,0.174,0.125,1,0
19040,2004,3459,Kirk Hinrich,NA,PG,23,1,NBA,CHI,76,2706,0.386,16.4,0.552,0.207,0.079,0.091,0.175,0.448,0.383,0.429,0.431,0.373,0.313,0.39,0.328,0.868,0.004,3,0.19,0.429,1,0
19041,2004,3460,Kirk Penney,NA,SG,23,1,NBA,MIA,2,18,0.167,22,0.5,0,0,0,0.5,0.5,0,NA,NA,NA,0,0.333,NA,1,0,0,0.667,0.5,0,0
19042,2004,3000,Kobe Bryant,NA,SG,25,8,NBA,LAL,65,2447,0.438,11.9,0.816,0.319,0.147,0.131,0.219,0.184,0.463,0.609,0.341,0.39,0.376,0.327,0.42,0.775,0.049,51,0.152,0.273,6,0
19043,2004,2937,Kurt Thomas,NA,PF,31,9,NBA,NYK,80,2548,0.473,11.9,0.996,0.165,0.157,0.328,0.346,0.004,0.475,0.54,0.485,0.445,0.467,0,0.801,NA,0.005,4,0,NA,0,0
19044,2004,3332,Kwame Brown,NA,PF,21,3,NBA,WAS,74,2239,0.489,4.8,0.997,0.475,0.355,0.134,0.032,0.003,0.489,0.657,0.383,0.215,0.316,0.5,0.568,1,0.129,67,0.5,0,0,0
19045,2004,3461,Kyle Korver,NA,SF,22,1,NBA,PHI,74,882,0.352,21.2,0.367,0.061,0.009,0.098,0.199,0.633,0.283,0.4,0.333,0.25,0.262,0.391,0.853,1,0,0,0.362,0.413,1,0
19046,2004,3201,Lamar Odom,NA,PF,24,5,NBA,MIA,80,3003,0.43,9.1,0.818,0.398,0.243,0.086,0.091,0.182,0.46,0.537,0.427,0.32,0.343,0.298,0.344,0.902,0.035,30,0.102,0.429,1,0
19047,2004,2876,Lamond Murray,NA,SF,30,9,NBA,TOR,33,518,0.353,16,0.721,0.163,0.07,0.098,0.391,0.279,0.355,0.543,0.4,0.238,0.298,0.35,0.527,0.905,0.028,4,0.5,0.367,0,0
19048,2004,3132,Larry Hughes,NA,SG,25,6,NBA,WAS,61,2061,0.397,13.8,0.77,0.243,0.123,0.126,0.278,0.23,0.414,0.584,0.266,0.386,0.345,0.341,0.475,0.886,0.017,17,0.159,0.351,0,0
19049,2004,2729,Latrell Sprewell,NA,SF,33,12,NBA,MIN,82,3100,0.409,14.9,0.764,0.151,0.108,0.222,0.283,0.236,0.433,0.55,0.358,0.431,0.402,0.331,0.656,0.929,0.014,17,0.368,0.355,2,0
19050,2004,3462,LeBron James,NA,SG,19,1,NBA,CLE,79,3122,0.417,11.2,0.855,0.315,0.168,0.161,0.211,0.145,0.438,0.604,0.356,0.313,0.352,0.29,0.442,0.746,0.064,91,0.286,0.323,3,0
19051,2004,3463,Leandro Barbosa,NA,PG,21,1,NBA,PHO,70,1500,0.447,13.4,0.553,0.381,0.055,0.04,0.077,0.447,0.488,0.626,0.115,0.158,0.25,0.395,0.394,0.855,0.004,2,0.248,0.365,0,0
19052,2004,3268,Lee Nailon,NA,PF-SF,28,4,NBA,TOT,57,780,0.45,9.3,0.991,0.266,0.257,0.278,0.19,0.009,0.454,0.598,0.429,0.418,0.339,0,0.66,NA,0.015,5,0.667,0,1,0
19053,2004,3268,Lee Nailon,NA,PF,28,4,NBA,ATL,27,300,0.457,8,1,0.304,0.297,0.254,0.145,0,0.457,0.619,0.439,0.4,0.25,NA,0.683,NA,0.029,4,NA,NA,0,0
19054,2004,3268,Lee Nailon,NA,SF,28,4,NBA,ORL,8,83,0.407,5.7,1,0.444,0.333,0.148,0.074,0,0.407,0.583,0.444,0,0,NA,0.636,NA,0,0,NA,NA,0,0
19055,2004,3268,Lee Nailon,NA,SF,28,4,NBA,CLE,22,397,0.451,11.1,0.981,0.204,0.21,0.321,0.247,0.019,0.459,0.576,0.412,0.462,0.4,0,0.644,NA,0.006,1,0.667,0,1,0
19056,2004,3333,Leon Smith,NA,C,23,2,NBA,SEA,1,4,0.5,4.9,1,0.5,0.5,0,0,0,0.5,1,0,NA,NA,NA,0,NA,0,0,NA,NA,0,0
19057,2004,2806,Lindsey Hunter,NA,SG,33,11,NBA,DET,33,661,0.343,15.8,0.65,0.203,0.049,0.112,0.287,0.35,0.376,0.483,0.143,0.438,0.317,0.28,0.629,1,0,0,0.52,0.385,0,0
19058,2004,3464,Linton Johnson,NA,SF,23,1,NBA,CHI,41,734,0.355,12.5,0.837,0.315,0.094,0.108,0.32,0.163,0.382,0.594,0.158,0.136,0.323,0.212,0.646,0.857,0.079,15,0.364,0.25,1,0
19059,2004,3399,Lonny Baxter,NA,C-PF,25,2,NBA,TOT,62,766,0.493,5,0.986,0.584,0.201,0.086,0.115,0.014,0.495,0.582,0.381,0.222,0.458,0.333,0.667,1,0.091,17,0.667,0.5,0,0
19060,2004,3399,Lonny Baxter,NA,PF,25,2,NBA,CHI,14,147,0.551,4,0.98,0.714,0.122,0.041,0.102,0.02,0.542,0.6,0.333,0,0.6,1,0.654,1,0.122,6,1,1,0,0
19061,2004,3399,Lonny Baxter,NA,C,25,2,NBA,TOR,36,487,0.469,4.4,0.992,0.594,0.242,0.07,0.086,0.008,0.472,0.539,0.387,0.222,0.455,0,0.667,NA,0.086,9,0,NA,0,0
19062,2004,3399,Lonny Baxter,NA,PF,25,2,NBA,WAS,12,132,0.5,9.2,0.969,0.344,0.156,0.219,0.25,0.031,0.516,0.818,0.4,0.286,0.375,0,0.688,NA,0.063,2,1,0,0,0
19063,2004,3334,Loren Woods,NA,C,25,3,NBA,MIA,38,506,0.458,4.2,1,0.646,0.156,0.104,0.094,0,0.458,0.581,0.333,0.3,0,NA,0.455,NA,0.125,10,NA,NA,0,0
19064,2004,3001,Lorenzen Wright,NA,C,28,8,NBA,MEM,65,1674,0.439,8.4,0.991,0.345,0.218,0.244,0.184,0.009,0.442,0.564,0.414,0.371,0.343,0,0.747,NA,0.072,38,0,NA,1,0
19065,2004,2807,Lucious Harris,NA,PG,33,11,NBA,NJN,69,1504,0.404,16.8,0.782,0.119,0.063,0.132,0.469,0.218,0.412,0.673,0.379,0.328,0.373,0.376,0.799,0.974,0,0,0.257,0.385,0,0
19066,2004,3465,Luke Ridnour,NA,PG,22,1,NBA,SEA,69,1114,0.414,14.4,0.771,0.197,0.134,0.097,0.343,0.229,0.437,0.681,0.277,0.353,0.383,0.338,0.39,0.741,0,0,0.213,0.588,1,0
19067,2004,3466,Luke Walton,NA,PF,23,1,NBA,LAL,72,730,0.425,12.5,0.745,0.314,0.105,0.111,0.216,0.255,0.456,0.563,0.375,0.529,0.303,0.333,0.635,1,0,0,0.308,0.333,1,0
19068,2004,3467,Maciej Lampe,NA,C,18,1,NBA,PHO,21,224,0.489,12.4,0.955,0.227,0.102,0.216,0.409,0.045,0.512,0.6,0.556,0.421,0.5,0,0.674,NA,0.011,1,0.5,0,0,0
19069,2004,3335,Malik Allen,NA,PF,25,3,NBA,MIA,45,616,0.419,13.1,1,0.111,0.177,0.232,0.48,0,0.419,0.5,0.429,0.37,0.421,NA,0.675,NA,0.01,2,NA,NA,0,0
19070,2004,3002,Malik Rose,NA,PF,29,8,NBA,SAS,67,1256,0.428,8.5,0.993,0.408,0.171,0.163,0.25,0.007,0.431,0.564,0.333,0.333,0.347,0,0.705,NA,0.072,27,0,NA,1,0
19071,2004,3269,Mamadou N'Diaye,NA,C,28,4,NBA,TOT,28,366,0.391,3.5,1,0.667,0.203,0.087,0.043,0,0.391,0.543,0.071,0,0.333,NA,0.778,NA,0.116,8,NA,NA,0,0
19072,2004,3269,Mamadou N'Diaye,NA,C,28,4,NBA,DAL,3,7,0,6.3,1,0,1,0,0,0,0,NA,0,NA,NA,NA,NA,NA,0,0,NA,NA,0,0
19073,2004,3269,Mamadou N'Diaye,NA,C,28,4,NBA,ATL,25,359,0.397,3.5,1,0.676,0.191,0.088,0.044,0,0.397,0.543,0.077,0,0.333,NA,0.778,NA,0.118,8,NA,NA,0,0
19074,2004,3401,Manu Ginóbili,NA,SG,26,2,NBA,SAS,77,2260,0.418,12.3,0.689,0.332,0.17,0.085,0.103,0.311,0.445,0.573,0.328,0.299,0.346,0.359,0.401,0.852,0.03,20,0.273,0.373,6,0
19075,2004,3270,Marc Jackson,NA,PF,29,4,NBA,PHI,22,598,0.415,7.2,0.994,0.421,0.193,0.234,0.146,0.006,0.418,0.542,0.242,0.325,0.44,0,0.704,NA,0.029,5,0,NA,1,0
19076,2004,3468,Marcus Banks,NA,PG,22,1,NBA,BOS,81,1385,0.4,12.2,0.805,0.33,0.129,0.09,0.256,0.195,0.421,0.527,0.298,0.4,0.354,0.314,0.24,0.815,0.014,6,0.105,0.333,0,0
19077,2004,3004,Marcus Camby,NA,C,29,8,NBA,DEN,72,2162,0.477,8,0.996,0.446,0.122,0.151,0.277,0.004,0.479,0.624,0.328,0.386,0.362,0,0.702,NA,0.169,83,0,NA,0,0
19078,2004,3271,Marcus Fizer,NA,SF,25,4,NBA,CHI,46,738,0.383,9,0.951,0.363,0.197,0.194,0.197,0.049,0.396,0.528,0.406,0.265,0.275,0.118,0.606,1,0.06,20,0.118,0,1,0
19079,2004,3402,Marcus Haislip,NA,PF,23,2,NBA,MIL,31,263,0.486,6.3,0.973,0.486,0.203,0.189,0.095,0.027,0.486,0.667,0.333,0.214,0.429,0.5,0.629,1,0.23,16,0.5,1,0,0
19080,2004,3272,Mark Blount,NA,C,28,4,NBA,BOS,82,2402,0.566,6.1,1,0.505,0.205,0.154,0.136,0,0.566,0.675,0.419,0.495,0.463,NA,0.737,NA,0.114,67,NA,NA,0,0
19081,2004,2373,Mark Jackson,NA,PG,38,17,NBA,HOU,42,577,0.34,14.4,0.59,0.25,0.19,0.08,0.07,0.41,0.458,0.56,0.421,0.5,0.143,0.171,0.333,1,0,0,0.195,0.125,0,0
19082,2004,3273,Mark Madsen,NA,C,28,4,NBA,MIN,72,1246,0.495,4.5,0.971,0.647,0.23,0.059,0.034,0.029,0.51,0.636,0.277,0.167,0.286,0,0.683,NA,0.123,23,0,NA,3,0
19083,2004,3079,Mark Pope,NA,PF,31,5,NBA,DEN,4,20,0.5,4.3,1,0.5,0.5,0,0,0,0.5,1,0,NA,NA,NA,1,NA,0,0,NA,NA,0,0
19084,2004,3403,Marko Jarić,NA,PG,25,2,NBA,LAC,58,1760,0.388,14.8,0.686,0.304,0.05,0.069,0.262,0.314,0.41,0.483,0.375,0.455,0.32,0.34,0.403,0.863,0.008,4,0.087,0.308,3,0
19085,2004,3469,Marquis Daniels,NA,SG,23,1,NBA,DAL,56,1039,0.494,7.9,0.912,0.436,0.207,0.146,0.124,0.088,0.512,0.654,0.4,0.383,0.353,0.306,0.417,1,0.058,23,0.222,0.25,1,0
19086,2004,3274,Mateen Cleaves,NA,PG,26,4,NBA,CLE,4,92,0.304,14.9,0.957,0.217,0.087,0.261,0.391,0.043,0.318,0.4,0.5,0.167,0.333,0,0.571,NA,0,0,0,NA,1,0
19087,2004,3470,Matt Barnes,NA,SF,23,1,NBA,LAC,38,724,0.457,6.4,0.906,0.514,0.246,0.043,0.101,0.094,0.488,0.507,0.441,0.167,0.643,0.154,0.557,1,0.029,4,0.615,0.25,0,0
19088,2004,3471,Matt Carroll,NA,SG,23,1,NBA,TOT,16,70,0.438,14.3,0.813,0.188,0.125,0.125,0.375,0.188,0.462,0.667,0.5,0,0.5,0.333,0.833,1,0,0,1,0.333,0,0
19089,2004,3471,Matt Carroll,NA,SG,23,1,NBA,POR,13,48,0.455,16.6,0.727,0.091,0.091,0.091,0.455,0.273,0.5,1,1,0,0.4,0.333,1,1,0,0,1,0.333,0,0
19090,2004,3471,Matt Carroll,NA,SG,23,1,NBA,SAS,3,22,0.4,9.4,1,0.4,0.2,0.2,0.2,0,0.4,0.5,0,0,1,NA,0.5,NA,0,0,NA,NA,0,0
19091,2004,3136,Matt Harpring,NA,SF,27,6,NBA,UTA,31,1134,0.471,9.5,0.92,0.412,0.095,0.166,0.246,0.08,0.491,0.615,0.462,0.471,0.307,0.242,0.73,1,0.007,3,0.182,0.167,0,0
19092,2004,3472,Maurice Carter,NA,SG,27,1,NBA,TOT,10,110,0.314,17.2,0.686,0.114,0.086,0.086,0.4,0.314,0.292,0.75,0,0,0.286,0.364,0.714,1,0.029,1,0.364,0.25,0,0
19093,2004,3472,Maurice Carter,NA,SG,27,1,NBA,LAL,4,50,0.357,15.2,0.786,0.143,0.143,0.143,0.357,0.214,0.364,1,0,0,0.4,0.333,0.75,1,0.071,1,0,NA,0,0
19094,2004,3472,Maurice Carter,NA,SG,27,1,NBA,NOH,6,60,0.286,18.5,0.619,0.095,0.048,0.048,0.429,0.381,0.231,0.5,0,0,0.222,0.375,0.667,1,0,0,0.5,0.25,0,0
19095,2004,3081,Maurice Taylor,NA,PF,27,6,NBA,HOU,75,2081,0.48,10,0.997,0.294,0.184,0.213,0.306,0.003,0.481,0.587,0.461,0.423,0.432,0,0.559,NA,0.063,39,0,NA,0,0
19096,2004,3404,Mehmet Okur,NA,PF,24,2,NBA,DET,71,1580,0.463,9.6,0.911,0.351,0.188,0.203,0.17,0.089,0.472,0.537,0.451,0.464,0.37,0.375,0.562,0.889,0.037,19,0.146,0.286,1,0
19097,2004,3405,Melvin Ely,NA,PF,25,2,NBA,LAC,42,510,0.431,6.2,0.993,0.327,0.431,0.17,0.065,0.007,0.434,0.58,0.394,0.346,0.2,0,0.394,NA,0.092,13,0,NA,0,0
19098,2004,3337,Mengke Bateer,NA,C,28,3,NBA,TOR,7,40,0.571,9.1,1,0.286,0.286,0.286,0.143,0,0.571,0.5,0.5,0.5,1,NA,0.75,NA,0,0,NA,NA,0,0
19099,2004,3205,Metta World Peace,NA,SF,24,5,NBA,IND,73,2714,0.421,11.6,0.782,0.341,0.143,0.127,0.172,0.218,0.452,0.573,0.39,0.312,0.366,0.31,0.438,0.827,0.039,37,0.31,0.333,0,0
19100,2004,3338,Michael Bradley,NA,C-PF,24,3,NBA,TOT,16,98,0.467,7.2,1,0.467,0.133,0.133,0.267,0,0.467,0.857,0.5,0,0,NA,0.571,NA,0.133,2,NA,NA,0,0
19101,2004,3338,Michael Bradley,NA,PF,24,3,NBA,TOR,5,38,0.333,12,1,0.333,0,0,0.667,0,0.333,1,NA,NA,0,NA,0,NA,0,0,NA,NA,0,0
19102,2004,3338,Michael Bradley,NA,C,24,3,NBA,ATL,11,60,0.5,6,1,0.5,0.167,0.167,0.167,0,0.5,0.833,0.5,0,0,NA,0.667,NA,0.167,2,NA,NA,0,0
19103,2004,2811,Michael Curry,NA,SF,35,10,NBA,TOR,70,1229,0.388,14.1,0.923,0.199,0.077,0.133,0.515,0.077,0.403,0.59,0.467,0.154,0.386,0.2,0.808,1,0.046,9,0.667,0.3,0,0
19104,2004,3138,Michael Doleac,NA,C,26,6,NBA,TOT,72,1029,0.435,12.2,1,0.208,0.124,0.193,0.475,0,0.435,0.478,0.4,0.452,0.418,NA,0.871,NA,0.019,5,NA,NA,0,0
19105,2004,3138,Michael Doleac,NA,C,26,6,NBA,NYK,46,685,0.444,12.6,1,0.173,0.138,0.222,0.467,0,0.444,0.513,0.419,0.44,0.429,NA,0.87,NA,0.013,3,NA,NA,0,0
19106,2004,3138,Michael Doleac,NA,C,26,6,NBA,DEN,26,344,0.412,11.3,1,0.289,0.093,0.124,0.495,0,0.412,0.429,0.333,0.5,0.396,NA,0.875,NA,0.031,2,NA,NA,0,0
19107,2004,2948,Michael Finley,NA,SG,30,9,NBA,DAL,72,2778,0.443,17.1,0.681,0.109,0.084,0.148,0.341,0.319,0.461,0.643,0.433,0.462,0.41,0.405,0.591,0.867,0.031,33,0.259,0.438,3,0
19108,2004,3139,Michael Olowokandi,NA,C,28,6,NBA,MIN,43,925,0.425,7.7,1,0.158,0.533,0.305,0.004,0,0.425,0.511,0.447,0.333,1,NA,0.702,NA,0.039,9,NA,NA,0,0
19109,2004,3275,Michael Redd,NA,SG,24,4,NBA,MIL,82,3021,0.44,13.1,0.748,0.252,0.127,0.203,0.166,0.252,0.47,0.602,0.421,0.414,0.377,0.35,0.563,0.913,0.024,32,0.298,0.361,2,0
19110,2004,3206,Michael Ruffin,NA,PF,27,4,NBA,UTA,41,733,0.325,4.1,1,0.598,0.214,0.111,0.077,0,0.325,0.457,0.12,0.231,0,NA,0.526,NA,0.179,18,NA,NA,0,0
19111,2004,3083,Michael Stewart,NA,C-PF,28,7,NBA,TOT,25,147,0.417,4.7,1,0.667,0.083,0.25,0,0,0.417,0.375,0,0.667,NA,NA,0.8,NA,0.167,2,NA,NA,0,0
19112,2004,3083,Michael Stewart,NA,PF,28,7,NBA,CLE,8,76,0.429,4.6,1,0.714,0,0.286,0,0,0.429,0.4,NA,0.5,NA,NA,0.667,NA,0.143,1,NA,NA,0,0
19113,2004,3083,Michael Stewart,NA,C,28,7,NBA,BOS,17,71,0.4,4.9,1,0.6,0.2,0.2,0,0,0.4,0.333,0,1,NA,NA,1,NA,0.2,1,NA,NA,0,0
19114,2004,3473,Mickaël Piétrus,NA,PG,21,1,NBA,GSW,53,748,0.416,14,0.545,0.329,0.082,0.065,0.069,0.455,0.484,0.605,0.421,0.2,0.25,0.333,0.525,0.943,0.074,16,0.543,0.386,1,0
19115,2004,3140,Mike Bibby,NA,PG,25,6,NBA,SAC,82,2980,0.45,15.1,0.677,0.232,0.077,0.067,0.301,0.323,0.479,0.581,0.378,0.423,0.438,0.392,0.591,0.872,0.001,1,0.323,0.393,0,0
19116,2004,3407,Mike Dunleavy,1980,SF,23,2,NBA,GSW,75,2336,0.449,14.9,0.647,0.219,0.117,0.101,0.21,0.353,0.491,0.69,0.31,0.438,0.411,0.37,0.624,0.926,0.021,15,0.276,0.414,0,0
19117,2004,3339,Mike James,1975,PG,28,3,NBA,TOT,81,2196,0.414,16.2,0.572,0.198,0.096,0.079,0.199,0.428,0.441,0.546,0.349,0.385,0.405,0.377,0.373,0.887,0,0,0.249,0.429,0,0
19118,2004,3339,Mike James,1975,PG,28,3,NBA,BOS,55,1684,0.418,16.7,0.557,0.175,0.1,0.076,0.206,0.443,0.447,0.539,0.392,0.385,0.419,0.381,0.323,0.872,0,0,0.257,0.448,0,0
19119,2004,3339,Mike James,1975,PG,28,3,NBA,DET,26,512,0.401,14.7,0.626,0.279,0.082,0.088,0.177,0.374,0.424,0.561,0.167,0.385,0.346,0.364,0.538,0.95,0,0,0.218,0.333,0,0
19120,2004,3276,Mike Miller,NA,SF,23,4,NBA,MEM,65,1770,0.438,15,0.651,0.282,0.068,0.045,0.255,0.349,0.474,0.603,0.333,0.179,0.42,0.372,0.663,0.988,0.018,11,0.121,0.154,0,0
19121,2004,3474,Mike Sweetney,NA,PF,21,1,NBA,NYK,42,494,0.493,5.6,0.993,0.507,0.264,0.121,0.1,0.007,0.496,0.676,0.27,0.412,0.286,0,0.536,NA,0.079,10,0,NA,1,0
19122,2004,3408,Mike Wilks,NA,PG,24,2,NBA,HOU,26,145,0.472,12.8,0.722,0.333,0.111,0.083,0.194,0.278,0.423,0.5,0.5,0.333,0.286,0.6,0.364,0.667,0,0,0.2,0.5,0,0
19123,2004,3141,Mikki Moore,NA,PF-C,28,6,NBA,TOT,32,395,0.505,7.5,1,0.424,0.192,0.172,0.212,0,0.505,0.69,0.526,0.235,0.333,NA,0.64,NA,0.162,15,NA,NA,0,0
19124,2004,3141,Mikki Moore,NA,C,28,6,NBA,NJN,4,10,0.2,10.3,1,0,0.6,0.4,0,0,0.2,NA,0.333,0,NA,NA,0,NA,0,0,NA,NA,0,0
19125,2004,3141,Mikki Moore,NA,PF,28,6,NBA,UTA,28,385,0.521,7.4,1,0.447,0.17,0.16,0.223,0,0.521,0.69,0.563,0.267,0.333,NA,0.653,NA,0.17,15,NA,NA,0,0
19126,2004,3207,Milt Palacio,NA,PG,25,5,NBA,TOR,59,1211,0.349,9.8,0.913,0.436,0.067,0.151,0.258,0.087,0.368,0.462,0.15,0.244,0.338,0.154,0.44,1,0.01,3,0.462,0.25,1,0
19127,2004,2813,Mitchell Butler,NA,SG,33,8,NBA,WAS,41,552,0.435,12.3,0.758,0.323,0.129,0.113,0.194,0.242,0.457,0.625,0.25,0.286,0.417,0.367,0.442,1,0.008,1,0.3,0.222,0,0
19128,2004,3475,Mo Williams,NA,SG,21,1,NBA,UTA,57,772,0.38,14.1,0.871,0.251,0.079,0.069,0.472,0.129,0.398,0.461,0.375,0.429,0.364,0.256,0.571,0.7,0,0,0.256,0.2,2,0
19129,2004,3011,Moochie Norris,NA,PG,30,7,NBA,TOT,66,847,0.369,14.8,0.733,0.24,0.111,0.092,0.29,0.267,0.377,0.462,0.292,0.25,0.381,0.345,0.5,0.95,0,0,0.259,0.6,3,0
19130,2004,3011,Moochie Norris,NA,PG,30,7,NBA,HOU,30,401,0.31,14.7,0.736,0.253,0.08,0.08,0.322,0.264,0.297,0.364,0.286,0.143,0.286,0.348,0.421,1,0,0,0.304,0.571,1,0
19131,2004,3011,Moochie Norris,NA,PG,30,7,NBA,NYK,36,446,0.408,14.8,0.731,0.231,0.131,0.1,0.269,0.269,0.432,0.533,0.294,0.308,0.457,0.343,0.537,0.917,0,0,0.229,0.625,2,0
19132,2004,3279,Morris Peterson,NA,SF,26,4,NBA,TOR,82,2148,0.405,18,0.421,0.175,0.053,0.046,0.147,0.579,0.453,0.573,0.29,0.296,0.419,0.371,0.679,0.96,0.014,8,0.591,0.408,1,0
19133,2004,3143,Nazr Mohammed,NA,C,26,6,NBA,TOT,80,1611,0.521,5.4,1,0.447,0.318,0.178,0.057,0,0.521,0.63,0.46,0.44,0.259,NA,0.606,NA,0.102,44,NA,NA,0,0
19134,2004,3143,Nazr Mohammed,NA,C,26,6,NBA,ATL,53,938,0.493,5.8,1,0.439,0.268,0.221,0.071,0,0.493,0.634,0.387,0.419,0.25,NA,0.63,NA,0.086,23,NA,NA,0,0
19135,2004,3143,Nazr Mohammed,NA,C,26,6,NBA,NYK,27,673,0.563,4.7,1,0.458,0.391,0.115,0.036,0,0.563,0.625,0.533,0.5,0.286,NA,0.574,NA,0.125,21,NA,NA,0,0
19136,2004,3476,Ndudi Ebi,NA,SF,19,1,NBA,MIN,17,32,0.429,8.7,1,0.5,0,0.214,0.286,0,0.429,0.571,NA,0.333,0.25,NA,0.333,NA,0,0,NA,NA,0,0
19137,2004,3410,Nenê,NA,PF,21,2,NBA,DEN,77,2504,0.53,4.9,0.997,0.581,0.19,0.117,0.108,0.003,0.532,0.686,0.35,0.311,0.265,0,0.713,NA,0.213,120,0,NA,1,0
19138,2004,2814,Nick Van Exel,NA,PG,32,11,NBA,GSW,39,1255,0.39,14.7,0.687,0.104,0.284,0.157,0.142,0.313,0.429,0.64,0.382,0.387,0.412,0.307,0.184,0.609,0,0,0.147,0.227,1,0
19139,2004,3411,Nikoloz Tskitishvili,NA,PF,20,2,NBA,DEN,39,307,0.328,14.4,0.91,0.172,0.139,0.057,0.541,0.09,0.333,0.476,0.471,0.143,0.273,0.273,0.784,1,0.025,3,0.091,0,0,0
19140,2004,2382,Olden Polynice,NA,C,39,15,NBA,LAC,2,12,NA,NA,NA,NA,NA,NA,NA,NA,NA,NA,NA,NA,NA,NA,NA,NA,NA,0,NA,NA,0,0
19141,2004,2740,Oliver Miller,NA,C,33,9,NBA,MIN,48,506,0.53,3,0.99,0.78,0.08,0.05,0.08,0.01,0.535,0.59,0.625,0.2,0.125,0,0.623,NA,0.06,6,0,NA,1,0
19142,2004,3477,Omar Cook,NA,PG,22,1,NBA,POR,17,139,0.259,15.2,0.963,0.185,0.037,0.111,0.63,0.037,0.269,0.2,0,0,0.353,0,0.714,NA,0,0,0,NA,0,0
19143,2004,3013,Othella Harrington,NA,PF,30,8,NBA,NYK,56,872,0.495,7.4,1,0.337,0.262,0.322,0.079,0,0.495,0.75,0.434,0.323,0.313,NA,0.66,NA,0.005,1,NA,NA,0,0
19144,2004,2815,P.J. Brown,NA,PF,34,11,NBA,NOH,80,2753,0.476,9.8,0.999,0.32,0.111,0.271,0.296,0.001,0.477,0.575,0.342,0.446,0.45,0,0.767,NA,0.067,46,0,NA,0,0
19145,2004,3144,Pat Garrity,NA,PF,27,6,NBA,ORL,2,22,0.333,19.2,1,0,0,0,1,0,0.333,NA,NA,NA,0.333,NA,1,NA,0,0,NA,NA,0,0
19146,2004,3341,Pau Gasol,NA,PF,23,3,NBA,MEM,78,2458,0.482,6.3,0.986,0.394,0.376,0.108,0.109,0.014,0.485,0.603,0.421,0.345,0.421,0.267,0.57,1,0.118,114,0.333,0.4,0,0
19147,2004,3145,Paul Grant,NA,C,30,2,NBA,UTA,10,98,0.478,8.8,1,0.348,0.217,0.174,0.261,0,0.478,0.5,0.6,0.25,0.5,NA,0.818,NA,0.087,1,NA,NA,0,0
19148,2004,3146,Paul Pierce,NA,SG,26,6,NBA,BOS,80,3099,0.402,15,0.743,0.214,0.074,0.149,0.306,0.257,0.438,0.564,0.27,0.386,0.415,0.299,0.446,0.791,0.026,36,0.083,0.156,4,0
19149,2004,3413,Paul Shirley,NA,PF,26,2,NBA,CHI,7,86,0.435,10.1,0.957,0.261,0.304,0,0.391,0.043,0.455,0.833,0.429,NA,0.222,0,0.7,NA,0.043,1,1,0,0,0
19150,2004,3147,Peja Stojaković,NA,SF,26,6,NBA,SAC,81,3264,0.48,15.7,0.6,0.22,0.069,0.091,0.22,0.4,0.511,0.672,0.396,0.405,0.43,0.433,0.706,0.888,0.015,20,0.305,0.414,1,0
19151,2004,2816,Popeye Jones,NA,PF,33,11,NBA,GSW,5,10,0,8.6,1,0,0.5,0.5,0,0,0,NA,0,0,NA,NA,NA,NA,0,0,NA,NA,0,0
19152,2004,3342,Predrag Drobnjak,NA,C,28,3,NBA,LAC,61,949,0.393,12.4,0.905,0.193,0.19,0.19,0.332,0.095,0.402,0.507,0.444,0.347,0.349,0.306,0.667,1,0.011,4,0.083,0,0,0
19153,2004,3343,Primož Brezec,NA,C,24,3,NBA,IND,18,72,0.462,4,1,0.692,0.154,0.077,0.077,0,0.462,0.5,0.5,0,0.5,NA,0.75,NA,0.038,1,NA,NA,0,0
19154,2004,3283,Quentin Richardson,NA,SG,23,4,NBA,LAC,65,2338,0.398,12.8,0.681,0.348,0.108,0.074,0.151,0.319,0.42,0.532,0.339,0.266,0.292,0.352,0.449,0.85,0.047,44,0.144,0.347,1,0
19155,2004,3210,Quincy Lewis,NA,SF,26,4,NBA,MIN,14,65,0.35,16.7,0.75,0.2,0,0.2,0.35,0.25,0.333,0.5,NA,0.25,0.286,0.4,0.8,1,0,0,0.4,1,1,0
19156,2004,3415,Qyntel Woods,NA,SF,22,2,NBA,POR,62,673,0.371,11.7,0.878,0.35,0.11,0.089,0.329,0.122,0.375,0.458,0.231,0.429,0.321,0.345,0.628,0.9,0.059,13,0.414,0.417,1,0
19157,2004,3149,Raef LaFrentz,NA,C,27,6,NBA,BOS,17,328,0.46,14.5,0.677,0.282,0.081,0.065,0.25,0.323,0.583,0.657,0.4,0.625,0.548,0.2,0.694,0.875,0,0,0.325,0.231,0,0
19158,2004,3211,Rafer Alston,NA,PG,27,5,NBA,MIA,82,2581,0.376,17.9,0.432,0.174,0.086,0.047,0.124,0.568,0.382,0.504,0.318,0.167,0.337,0.371,0.214,0.851,0.001,1,0.134,0.362,3,0
19159,2004,3284,Raja Bell,NA,SG,27,4,NBA,UTA,82,2020,0.409,15.7,0.794,0.18,0.056,0.112,0.446,0.206,0.418,0.517,0.311,0.389,0.398,0.373,0.697,0.919,0.017,13,0.428,0.394,0,0
19160,2004,3015,Randy Livingston,NA,PG,28,8,NBA,LAC,4,48,0.2,15,0.7,0.1,0.3,0.1,0.2,0.3,0.286,0,0.333,0,0.5,0,0.5,NA,0,0,0,NA,0,0
19161,2004,3151,Rashard Lewis,NA,SF,24,6,NBA,SEA,80,2931,0.435,14.3,0.686,0.174,0.203,0.124,0.186,0.314,0.463,0.687,0.45,0.362,0.333,0.376,0.569,0.945,0.047,53,0.345,0.451,2,0
19162,2004,2950,Rasheed Wallace,NA,PF,29,9,NBA,TOT,68,2390,0.436,13.6,0.745,0.177,0.209,0.203,0.156,0.255,0.472,0.64,0.422,0.48,0.342,0.331,0.691,0.988,0.077,68,0.153,0.263,2,0
19163,2004,2950,Rasheed Wallace,NA,PF,29,9,NBA,POR,45,1675,0.442,13.6,0.741,0.169,0.224,0.193,0.155,0.259,0.478,0.637,0.453,0.504,0.308,0.341,0.637,1,0.066,39,0.133,0.261,2,0
19164,2004,2950,Rasheed Wallace,NA,PF,29,9,NBA,ATL,1,42,0.333,15.5,0.75,0.083,0.167,0.25,0.25,0.25,0.389,0.5,0.5,0.5,0.167,0.167,0.429,1,0,0,0,NA,0,0
19165,2004,2950,Rasheed Wallace,NA,PF,29,9,NBA,DET,22,673,0.431,13.3,0.754,0.203,0.178,0.224,0.149,0.246,0.467,0.649,0.32,0.429,0.452,0.319,0.838,0.955,0.11,29,0.217,0.267,0,0
19166,2004,3152,Rasho Nesterović,NA,C,27,6,NBA,SAS,82,2353,0.469,8,1,0.33,0.291,0.219,0.16,0,0.469,0.606,0.397,0.405,0.402,NA,0.671,NA,0.059,39,NA,NA,0,0
19167,2004,3416,Rasual Butler,NA,SF,24,2,NBA,MIA,45,675,0.476,18.3,0.568,0.104,0.036,0.124,0.304,0.432,0.486,0.731,0.444,0.258,0.5,0.463,0.58,0.96,0.024,5,0.324,0.629,0,0
19168,2004,3016,Ray Allen,NA,SG,28,8,NBA,SEA,56,2152,0.44,15.3,0.628,0.181,0.138,0.146,0.164,0.372,0.468,0.701,0.329,0.378,0.407,0.392,0.371,0.797,0.021,20,0.225,0.447,3,0
19169,2004,3478,Raül López,NA,PG,23,1,NBA,UTA,82,1617,0.431,13.8,0.836,0.265,0.079,0.124,0.368,0.164,0.458,0.489,0.317,0.391,0.489,0.294,0.449,0.44,0.002,1,0.047,0.25,1,0
19170,2004,3479,Reece Gaines,NA,PG,23,1,NBA,ORL,38,364,0.291,15.6,0.884,0.198,0.012,0.093,0.581,0.116,0.289,0.294,0,0.25,0.3,0.3,0.364,1,0,0,0.3,0.333,0,0
19171,2004,3417,Reggie Evans,NA,PF,23,2,NBA,SEA,75,1280,0.406,3.7,0.982,0.691,0.17,0.055,0.067,0.018,0.414,0.518,0.179,0.111,0.182,0,0.567,NA,0.073,11,0,NA,1,0
19172,2004,2386,Reggie Miller,NA,SG,38,17,NBA,IND,80,2254,0.438,20.1,0.438,0.082,0.047,0.062,0.246,0.562,0.485,0.735,0.5,0.432,0.411,0.401,0.706,0.896,0.002,1,0.284,0.474,1,0
19173,2004,3212,Richard Hamilton,NA,SG,25,5,NBA,DET,78,2772,0.455,10.7,0.942,0.274,0.163,0.256,0.249,0.058,0.466,0.611,0.389,0.455,0.369,0.265,0.58,0.889,0.018,19,0.441,0.367,0,0
19174,2004,3345,Richard Jefferson,NA,SF,23,3,NBA,NJN,82,3133,0.498,9.9,0.882,0.416,0.109,0.103,0.254,0.118,0.516,0.659,0.281,0.383,0.435,0.364,0.682,0.875,0.11,112,0.341,0.444,0,0
19175,2004,3480,Richie Frahm,NA,SF,26,1,NBA,SEA,54,469,0.453,19.5,0.338,0.151,0.036,0.022,0.129,0.662,0.617,0.762,0.2,0.667,0.556,0.37,0.862,0.971,0.036,4,0.37,0.5,0,0
19176,2004,3085,Rick Brunson,NA,PG,31,7,NBA,TOT,40,412,0.381,15.6,0.781,0.2,0.019,0.133,0.429,0.219,0.354,0.333,1,0.429,0.311,0.478,0.448,0.818,0,0,0.565,0.462,0,0
19177,2004,3085,Rick Brunson,NA,PG,31,7,NBA,TOR,3,10,0.5,4.7,1,0.5,0.5,0,0,0,0.5,0,1,NA,NA,NA,0.5,NA,0,0,NA,NA,0,0
19178,2004,3085,Rick Brunson,NA,PG,31,7,NBA,CHI,37,402,0.376,16,0.772,0.188,0,0.139,0.446,0.228,0.346,0.368,NA,0.429,0.311,0.478,0.444,0.818,0,0,0.565,0.462,0,0
19179,2004,2680,Rick Fox,NA,SF,34,13,NBA,LAL,38,846,0.392,13.2,0.672,0.333,0.102,0.086,0.151,0.328,0.464,0.532,0.526,0.5,0.25,0.246,0.724,0.8,0.005,1,0.23,0.071,0,0
19180,2004,3153,Ricky Davis,NA,SF-SG,24,6,NBA,TOT,79,2474,0.469,13,0.853,0.252,0.089,0.205,0.306,0.147,0.486,0.69,0.353,0.395,0.419,0.371,0.523,0.923,0.074,67,0.429,0.45,4,0
19181,2004,3153,Ricky Davis,NA,SG,24,6,NBA,CLE,22,796,0.431,13.8,0.846,0.199,0.096,0.251,0.299,0.154,0.445,0.613,0.3,0.436,0.387,0.354,0.615,0.824,0.045,14,0.333,0.375,3,0
19182,2004,3153,Ricky Davis,NA,SF,24,6,NBA,BOS,57,1678,0.488,12.7,0.856,0.277,0.086,0.183,0.31,0.144,0.506,0.718,0.382,0.368,0.434,0.38,0.484,0.971,0.088,53,0.478,0.477,1,0
19183,2004,3418,Robert Archibald,NA,C-PF,23,2,NBA,TOT,32,256,0.273,4.2,1,0.636,0.152,0.091,0.121,0,0.273,0.286,0.4,0,0.25,NA,0.444,NA,0.03,1,NA,NA,0,0
19184,2004,3418,Robert Archibald,NA,PF,23,2,NBA,PHO,1,6,0,7.1,1,0,1,0,0,0,0,NA,0,NA,NA,NA,NA,NA,0,0,NA,NA,0,0
19185,2004,3418,Robert Archibald,NA,PF,23,2,NBA,ORL,1,4,0.5,7.4,1,0,0.5,0.5,0,0,0.5,NA,1,0,NA,NA,1,NA,0,0,NA,NA,0,0
19186,2004,3418,Robert Archibald,NA,C,23,2,NBA,TOR,30,246,0.267,3.9,1,0.7,0.1,0.067,0.133,0,0.267,0.286,0.333,0,0.25,NA,0.375,NA,0.033,1,NA,NA,0,0
19187,2004,2747,Robert Horry,NA,PF,33,12,NBA,SAS,81,1290,0.405,13.3,0.69,0.299,0.118,0.121,0.152,0.31,0.417,0.606,0.244,0.31,0.264,0.38,0.71,0.927,0.075,22,0.139,0.6,0,0
19188,2004,2681,Robert Pack,NA,PG,34,13,NBA,NJN,26,220,0.423,11.2,1,0.346,0.038,0.154,0.462,0,0.423,0.667,1,0.375,0.208,NA,0.273,NA,0,0,NA,NA,0,0
19189,2004,3154,Robert Traylor,NA,C,26,6,NBA,NOH,71,942,0.505,7.4,0.983,0.446,0.22,0.129,0.188,0.017,0.507,0.656,0.54,0.324,0.241,0.4,0.671,1,0.125,34,0,NA,1,0
19190,2004,2461,Rod Strickland,NA,PG,37,16,NBA,TOT,61,1197,0.425,12.8,0.898,0.244,0.096,0.193,0.365,0.102,0.442,0.593,0.412,0.338,0.403,0.278,0.343,0.9,0,0,0.222,0.375,1,0
19191,2004,2461,Rod Strickland,NA,PG,37,16,NBA,ORL,46,915,0.454,12.9,0.877,0.242,0.1,0.204,0.331,0.123,0.475,0.6,0.481,0.364,0.449,0.303,0.339,0.9,0,0,0.242,0.375,1,0
19192,2004,2461,Rod Strickland,NA,PG,37,16,NBA,TOR,15,282,0.333,12.6,0.964,0.25,0.083,0.155,0.476,0.036,0.346,0.571,0.143,0.231,0.3,0,0.357,NA,0,0,0,NA,0,0
19193,2004,3214,Rodney Buford,NA,SF,26,4,NBA,SAC,22,141,0.339,12.6,0.964,0.25,0.107,0.125,0.482,0.036,0.352,0.357,0.167,0.143,0.444,0,0.842,NA,0.018,1,0,NA,0,0
19194,2004,2821,Rodney Rogers,NA,PF,32,11,NBA,NJN,69,1409,0.41,11.6,0.699,0.434,0.061,0.05,0.154,0.301,0.445,0.507,0.484,0.44,0.256,0.329,0.605,0.96,0.042,18,0.138,0.524,0,0
19195,2004,3346,Rodney White,NA,SF,23,3,NBA,DEN,72,985,0.459,14.3,0.814,0.222,0.118,0.085,0.389,0.186,0.478,0.654,0.364,0.375,0.434,0.379,0.692,0.879,0.071,28,0.092,0.375,1,0
19196,2004,3419,Roger Mason,NA,SG,23,2,NBA,TOT,26,328,0.327,15.4,0.602,0.265,0.051,0.061,0.224,0.398,0.322,0.462,0.2,0.167,0.227,0.333,0.684,0.923,0,0,0.385,0.533,0,0
19197,2004,3419,Roger Mason,NA,SG,23,2,NBA,CHI,3,43,0.091,20.5,0.455,0.091,0,0.091,0.273,0.545,0,0,NA,0,0,0.167,NA,1,0,0,0,NA,0,0
19198,2004,3419,Roger Mason,NA,SG,23,2,NBA,TOR,23,285,0.356,14.8,0.621,0.287,0.057,0.057,0.218,0.379,0.352,0.48,0.2,0.2,0.263,0.364,0.684,0.917,0,0,0.455,0.533,0,0
19199,2004,3087,Ron Mercer,NA,SG,27,7,NBA,SAS,39,516,0.427,14.2,0.967,0.166,0.071,0.204,0.526,0.033,0.431,0.571,0.267,0.488,0.387,0.286,0.761,0,0.033,7,0.286,0,0,0
19200,2004,3481,Ronald Dupree,NA,SF,23,1,NBA,CHI,47,893,0.394,10,0.968,0.365,0.11,0.163,0.33,0.032,0.392,0.534,0.387,0.37,0.247,0.444,0.579,1,0.078,22,0.778,0.429,0,0
19201,2004,3420,Ronald Murray,NA,PG,24,2,NBA,SEA,82,2021,0.425,13.5,0.75,0.267,0.113,0.137,0.234,0.25,0.469,0.59,0.427,0.416,0.383,0.293,0.357,0.851,0.049,34,0.336,0.377,9,0
19202,2004,3347,Ruben Boumtje-Boumtje,NA,C,25,3,NBA,POR,9,26,0.2,5.2,1,0.2,0.6,0.2,0,0,0.2,0,0.333,0,NA,NA,1,NA,0,0,NA,NA,0,0
19203,2004,3156,Ruben Patterson,NA,SF,28,6,NBA,POR,73,1651,0.506,4.5,0.97,0.671,0.132,0.063,0.104,0.03,0.517,0.638,0.231,0.36,0.195,0.167,0.556,0.5,0.144,55,0.167,0,0,0
19204,2004,3088,Rusty LaRue,NA,PG,30,5,NBA,GSW,4,22,0.333,19.6,0.667,0,0,0.333,0.333,0.333,0,NA,NA,0,0,1,NA,1,0,0,1,1,0,0
19205,2004,3215,Ryan Bowen,NA,PF,28,5,NBA,DEN,52,392,0.34,7.1,1,0.566,0.075,0.038,0.321,0,0.34,0.533,0,0,0.118,NA,0.833,NA,0.019,1,NA,NA,0,0
19206,2004,3421,Ryan Humphrey,NA,PF,24,2,NBA,MEM,2,11,0.25,15.1,0.75,0.25,0,0,0.5,0.25,0.333,0,NA,NA,0.5,0,1,NA,0,0,0,NA,0,0
19207,2004,2822,Sam Cassell,NA,PG,34,11,NBA,MIN,81,2838,0.488,15.2,0.854,0.103,0.089,0.284,0.377,0.146,0.504,0.618,0.575,0.501,0.457,0.398,0.251,0.838,0,0,0.183,0.412,2,0
19208,2004,3021,Samaki Walker,NA,PF,27,8,NBA,MIA,33,418,0.384,7.5,0.98,0.424,0.283,0.172,0.101,0.02,0.392,0.5,0.321,0.294,0.3,0,0.553,NA,0.091,7,0,NA,2,0
19209,2004,3348,Samuel Dalembert,NA,C,22,2,NBA,PHI,82,2197,0.541,4.1,0.998,0.591,0.208,0.188,0.01,0.002,0.542,0.634,0.404,0.394,0.8,0,0.741,NA,0.287,123,0,NA,0,0
19210,2004,3482,Sasha Pavlović,NA,SF,20,1,NBA,UTA,79,1144,0.396,12.4,0.814,0.319,0.104,0.074,0.316,0.186,0.425,0.6,0.308,0.286,0.319,0.271,0.638,0.947,0.04,15,0.343,0.333,0,0
19211,2004,3089,Scot Pollard,NA,C,28,7,NBA,IND,61,678,0.412,4.2,1,0.658,0.158,0.114,0.07,0,0.412,0.493,0.167,0.154,0.625,NA,0.617,NA,0.009,1,NA,NA,0,0
19212,2004,3217,Scott Padgett,NA,PF,27,5,NBA,HOU,58,547,0.443,14.7,0.611,0.311,0.03,0.096,0.174,0.389,0.451,0.519,0.2,0.438,0.379,0.431,0.63,0.929,0.006,1,0.246,0.563,0,0
19213,2004,2617,Scott Williams,NA,C,35,14,NBA,TOT,43,527,0.484,12,0.984,0.226,0.091,0.237,0.43,0.016,0.481,0.476,0.353,0.568,0.463,0.667,0.83,0.5,0.016,3,0.667,0.5,0,0
19214,2004,2617,Scott Williams,NA,C,35,14,NBA,PHO,16,267,0.525,11.6,0.98,0.257,0.069,0.248,0.406,0.02,0.515,0.423,0.286,0.64,0.537,1,0.804,0.5,0.03,3,0.5,1,0,0
19215,2004,2617,Scott Williams,NA,C,35,14,NBA,DAL,27,260,0.435,12.4,0.988,0.188,0.118,0.224,0.459,0.012,0.44,0.563,0.4,0.474,0.385,0,0.865,NA,0,0,1,0,0,0
19216,2004,2394,Scottie Pippen,NA,SF,38,17,NBA,CHI,23,412,0.379,15.5,0.657,0.207,0.064,0.136,0.25,0.343,0.435,0.586,0.333,0.316,0.4,0.271,0.5,0.769,0.007,1,0.146,0.286,0,0
19217,2004,3422,Sean Lampley,NA,SF,24,2,NBA,GSW,10,63,0.65,4.9,1,0.5,0.25,0.2,0.05,0,0.65,0.7,0.6,0.5,1,NA,0.615,NA,0.15,2,NA,NA,0,0
19218,2004,2750,Sean Rooks,NA,C,34,12,NBA,TOT,55,595,0.358,15.1,0.993,0.126,0.066,0.166,0.636,0.007,0.36,0.316,0.2,0.4,0.375,0,0.926,NA,0.007,1,0,NA,0,0
19219,2004,2750,Sean Rooks,NA,C,34,12,NBA,NOH,35,325,0.362,15.3,1,0.106,0.064,0.191,0.638,0,0.362,0.2,0.333,0.5,0.35,NA,0.912,NA,0,0,NA,NA,0,0
19220,2004,2750,Sean Rooks,NA,C,34,12,NBA,ORL,20,270,0.351,14.8,0.982,0.158,0.07,0.123,0.632,0.018,0.357,0.444,0,0.143,0.417,0,0.95,NA,0.018,1,0,NA,0,0
19221,2004,3160,Shammond Williams,NA,SG-PG,28,6,NBA,TOT,53,763,0.375,16.5,0.569,0.203,0.086,0.073,0.207,0.431,0.432,0.596,0.3,0.294,0.375,0.3,0.316,0.767,0.013,3,0.14,0.214,0,0
19222,2004,3160,Shammond Williams,NA,SG,28,6,NBA,ORL,37,525,0.391,17.5,0.51,0.185,0.073,0.053,0.199,0.49,0.442,0.571,0.273,0.375,0.4,0.338,0.324,0.72,0.02,3,0.149,0.182,0,0
19223,2004,3160,Shammond Williams,NA,PG,28,6,NBA,NOH,16,238,0.346,14.5,0.679,0.235,0.111,0.111,0.222,0.321,0.418,0.632,0.333,0.222,0.333,0.192,0.304,1,0,0,0.115,0.333,0,0
19224,2004,3022,Shandon Anderson,NA,SG,30,8,NBA,NYK,80,1974,0.422,11.2,0.773,0.346,0.14,0.129,0.158,0.227,0.463,0.595,0.367,0.342,0.36,0.281,0.624,0.972,0.025,14,0.586,0.267,0,0
19225,2004,3349,Shane Battier,NA,SF,25,3,NBA,MEM,79,1947,0.446,14.4,0.657,0.219,0.11,0.138,0.19,0.343,0.496,0.647,0.267,0.427,0.505,0.349,0.627,0.985,0.022,12,0.651,0.364,2,0
19226,2004,3023,Shane Heal,NA,PG,33,2,NBA,SAS,6,72,0.292,23.9,0.25,0,0,0.042,0.208,0.75,0.5,NA,NA,1,0.4,0.222,0.667,1,0,0,0.111,0,0,0
19227,2004,2751,Shaquille O'Neal,NA,C,31,12,NBA,LAL,67,2464,0.584,3.2,1,0.576,0.366,0.057,0.001,0,0.584,0.731,0.418,0.185,0,NA,0.659,NA,0.236,213,NA,NA,0,0
19228,2004,3024,Shareef Abdur-Rahim,NA,PF,27,8,NBA,TOT,85,2684,0.475,7.8,0.968,0.357,0.319,0.116,0.176,0.032,0.482,0.585,0.426,0.426,0.414,0.265,0.539,0.889,0.069,71,0.206,0.429,0,0
19229,2004,3024,Shareef Abdur-Rahim,NA,PF,27,8,NBA,ATL,53,1956,0.485,7.9,0.971,0.351,0.309,0.132,0.18,0.029,0.493,0.581,0.447,0.452,0.43,0.217,0.54,0.8,0.068,52,0.174,0,0,0
19230,2004,3024,Shareef Abdur-Rahim,NA,PF,27,8,NBA,POR,32,728,0.447,7.4,0.958,0.375,0.348,0.068,0.167,0.042,0.451,0.596,0.37,0.278,0.364,0.364,0.535,1,0.072,19,0.273,1,0,0
19231,2004,2825,Shawn Bradley,NA,C,31,11,NBA,DAL,66,773,0.473,9.2,0.995,0.383,0.165,0.096,0.351,0.005,0.476,0.625,0.387,0.444,0.364,0,0.652,NA,0.059,11,0,NA,1,0
19232,2004,3218,Shawn Marion,NA,SF,25,5,NBA,PHO,79,3217,0.44,11.7,0.802,0.286,0.142,0.219,0.155,0.198,0.465,0.627,0.524,0.34,0.288,0.34,0.54,0.956,0.077,98,0.43,0.439,1,0
19233,2004,3483,Slavko Vraneš,NA,C,21,1,NBA,POR,1,3,0,15.3,1,0,0,1,0,0,0,NA,NA,0,NA,NA,NA,NA,0,0,NA,NA,0,0
19234,2004,3350,Speedy Claxton,NA,PG,25,3,NBA,GSW,60,1595,0.427,10.4,0.958,0.303,0.198,0.115,0.342,0.042,0.438,0.629,0.288,0.333,0.391,0.182,0.241,0.5,0,0,0.045,0,1,0
19235,2004,2684,Stacey Augmon,NA,SF,35,13,NBA,NOH,69,1416,0.412,8.7,0.98,0.375,0.161,0.236,0.207,0.02,0.418,0.569,0.321,0.354,0.292,0.143,0.739,1,0.032,10,0.286,0,1,0
19236,2004,3289,Stanislav Medvedenko,NA,PF,24,4,NBA,LAL,68,1442,0.441,10.4,0.994,0.304,0.143,0.184,0.363,0.006,0.444,0.558,0.364,0.444,0.379,0,0.709,NA,0.02,11,0.333,0,1,0
19237,2004,3290,Stephen Jackson,NA,SF,25,4,NBA,ATL,80,2940,0.425,14,0.661,0.288,0.076,0.112,0.186,0.339,0.469,0.617,0.354,0.319,0.376,0.34,0.517,0.903,0.038,46,0.314,0.351,0,0
19238,2004,3026,Stephon Marbury,NA,PG,26,8,NBA,TOT,81,3254,0.431,13.3,0.802,0.305,0.081,0.093,0.323,0.198,0.46,0.56,0.446,0.411,0.382,0.318,0.25,0.356,0.003,4,0.04,0.273,5,0
19239,2004,3026,Stephon Marbury,NA,PG,26,8,NBA,PHO,34,1415,0.432,13.6,0.805,0.297,0.071,0.097,0.34,0.195,0.461,0.567,0.419,0.373,0.403,0.314,0.222,0.486,0.002,1,0.051,0.333,3,0
19240,2004,3026,Stephon Marbury,NA,PG,26,8,NBA,NYK,47,1839,0.431,13.1,0.8,0.312,0.088,0.09,0.31,0.2,0.458,0.556,0.464,0.443,0.364,0.321,0.273,0.26,0.004,3,0.032,0.2,2,0
19241,2004,3484,Steve Blake,NA,PG,23,1,NBA,WAS,75,1392,0.386,19.5,0.504,0.096,0.071,0.061,0.275,0.496,0.4,0.59,0.241,0.52,0.348,0.371,0.512,0.827,0,0,0.178,0.472,1,0
19242,2004,3219,Steve Francis,NA,PG,26,5,NBA,HOU,79,3194,0.403,13.9,0.776,0.281,0.083,0.109,0.303,0.224,0.435,0.567,0.269,0.336,0.393,0.292,0.281,0.534,0.038,37,0.144,0.333,9,0
19243,2004,3028,Steve Nash,NA,PG,29,8,NBA,DAL,78,2612,0.47,14.4,0.696,0.226,0.127,0.138,0.205,0.304,0.498,0.55,0.467,0.513,0.451,0.405,0.167,0.558,0,0,0.054,0.571,2,0
19244,2004,2688,Steve Smith,NA,SG,34,13,NBA,NOH,71,929,0.406,14.7,0.635,0.195,0.133,0.147,0.16,0.365,0.409,0.509,0.436,0.326,0.34,0.402,0.539,0.86,0.017,3,0.421,0.467,0,0
19245,2004,3351,Steven Hunter,NA,C,22,3,NBA,ORL,59,789,0.529,2.2,1,0.735,0.194,0.052,0.019,0,0.529,0.632,0.3,0.125,0,NA,0.671,NA,0.316,43,NA,NA,0,0
19246,2004,3292,Stromile Swift,NA,PF,24,4,NBA,MEM,77,1528,0.469,7.2,0.993,0.433,0.24,0.1,0.221,0.007,0.471,0.534,0.445,0.246,0.476,0.25,0.697,1,0.165,78,0.25,1,1,0
19247,2004,3485,T.J. Ford,NA,PG,20,1,NBA,MIL,55,1472,0.384,9.5,0.947,0.392,0.138,0.156,0.261,0.053,0.393,0.474,0.291,0.403,0.317,0.238,0.277,0.8,0.013,2,0.19,0.5,1,0
19248,2004,3424,Tamar Slay,NA,SG,23,2,NBA,NJN,22,165,0.35,14,0.8,0.267,0.1,0.117,0.317,0.2,0.354,0.563,0,0.286,0.316,0.333,0.647,0.75,0.033,2,0.583,0.571,1,0
19249,2004,3425,Tayshaun Prince,NA,SF,23,2,NBA,DET,82,2701,0.467,11.6,0.783,0.311,0.163,0.12,0.188,0.217,0.496,0.631,0.381,0.414,0.426,0.363,0.58,0.982,0.068,48,0.382,0.483,0,0
19250,2004,2959,Theo Ratliff,NA,C,30,9,NBA,TOT,85,2664,0.485,6.9,1,0.397,0.24,0.259,0.104,0,0.485,0.702,0.356,0.338,0.316,NA,0.643,NA,0.182,100,NA,NA,0,0
19251,2004,2959,Theo Ratliff,NA,C,30,9,NBA,ATL,53,1648,0.458,7.9,1,0.324,0.252,0.306,0.118,0,0.458,0.661,0.351,0.368,0.364,NA,0.673,NA,0.142,53,NA,NA,0,0
19252,2004,2959,Theo Ratliff,NA,C,30,9,NBA,POR,32,1016,0.54,4.9,1,0.551,0.216,0.159,0.074,0,0.54,0.753,0.368,0.214,0.154,NA,0.589,NA,0.267,47,NA,NA,0,0
19253,2004,3486,Theron Smith,NA,SF,23,1,NBA,MEM,20,178,0.372,12.3,0.721,0.372,0.093,0,0.256,0.279,0.323,0.438,0.5,NA,0.091,0.5,0.7,1,0.023,1,0.5,0.333,0,0
19254,2004,3354,Tierre Brown,NA,PG,24,3,NBA,NOH,3,17,0.5,8.9,1,0.5,0,0.25,0.25,0,0.5,1,NA,0,0,NA,0,NA,0,0,NA,NA,0,0
19255,2004,3092,Tim Duncan,NA,PF,27,7,NBA,SAS,69,2527,0.501,7.7,0.99,0.333,0.317,0.215,0.125,0.01,0.505,0.712,0.42,0.386,0.372,0.167,0.532,0.5,0.073,80,0,NA,0,0
19256,2004,3093,Tim Thomas,NA,SF,26,7,NBA,TOT,66,2089,0.446,12.4,0.761,0.25,0.18,0.204,0.128,0.239,0.468,0.542,0.514,0.398,0.375,0.376,0.507,0.986,0.032,24,0.263,0.353,3,0
19257,2004,3093,Tim Thomas,NA,SF,26,7,NBA,MIL,42,1343,0.443,12.3,0.745,0.259,0.178,0.21,0.098,0.255,0.471,0.53,0.549,0.374,0.38,0.362,0.564,0.979,0.031,14,0.246,0.313,2,0
19258,2004,3093,Tim Thomas,NA,SF,26,7,NBA,NYK,24,746,0.452,12.4,0.789,0.234,0.182,0.195,0.178,0.211,0.464,0.563,0.455,0.441,0.37,0.406,0.414,1,0.033,10,0.297,0.421,1,0
19259,2004,2755,Tom Gugliotta,NA,PF,34,12,NBA,TOT,55,819,0.345,11.9,0.98,0.286,0.099,0.158,0.438,0.02,0.347,0.466,0.3,0.313,0.292,0.25,0.739,0,0.025,5,0.25,0,1,0
19260,2004,2755,Tom Gugliotta,NA,PF,34,12,NBA,PHO,30,304,0.313,14.5,0.99,0.152,0.061,0.212,0.566,0.01,0.316,0.333,0.333,0.333,0.304,0,0.806,NA,0.02,2,0,NA,1,0
19261,2004,2755,Tom Gugliotta,NA,PF,34,12,NBA,UTA,25,515,0.375,9.4,0.971,0.413,0.135,0.106,0.317,0.029,0.376,0.512,0.286,0.273,0.273,0.333,0.684,0,0.029,3,0.333,0,0,0
19262,2004,2829,Toni Kukoč,NA,PF,35,11,NBA,MIL,73,1522,0.417,13.2,0.668,0.352,0.083,0.087,0.146,0.332,0.479,0.629,0.357,0.25,0.324,0.292,0.519,0.98,0.024,12,0.119,0.15,2,0
19263,2004,3094,Tony Battie,NA,C,27,7,NBA,TOT,73,1478,0.443,10.2,0.977,0.266,0.206,0.284,0.221,0.023,0.448,0.627,0.354,0.459,0.306,0.222,0.661,1,0.076,26,0.111,1,1,0
19264,2004,3094,Tony Battie,NA,C,27,7,NBA,BOS,23,501,0.479,8.9,0.991,0.308,0.274,0.222,0.188,0.009,0.474,0.667,0.25,0.462,0.5,1,0.727,1,0.111,12,1,1,0,0
19265,2004,3094,Tony Battie,NA,C,27,7,NBA,CLE,50,977,0.427,10.9,0.97,0.247,0.176,0.311,0.236,0.03,0.436,0.606,0.426,0.458,0.238,0.125,0.628,1,0.06,14,0,NA,1,0
19266,2004,3031,Tony Delk,NA,SG,30,8,NBA,DAL,33,509,0.38,15.1,0.641,0.239,0.092,0.076,0.234,0.359,0.424,0.568,0.412,0.286,0.326,0.303,0.5,0.75,0,0,0.288,0.316,1,0
19267,2004,2626,Tony Massenburg,NA,PF,36,12,NBA,SAC,59,789,0.475,8,0.995,0.279,0.361,0.205,0.151,0.005,0.477,0.623,0.468,0.378,0.364,0,0.577,NA,0.105,19,0,NA,1,0
19268,2004,3355,Tony Parker,NA,PG,21,3,NBA,SAS,75,2577,0.447,12.6,0.79,0.296,0.17,0.053,0.271,0.21,0.483,0.639,0.398,0.42,0.379,0.312,0.321,0.694,0.001,1,0.191,0.316,1,0
19269,2004,3487,Torraye Braggs,NA,PF,27,1,NBA,TOT,15,154,0.485,6.1,1,0.485,0.212,0.152,0.152,0,0.485,0.5,0.429,0.4,0.6,NA,0.688,NA,0,0,NA,NA,0,0
19270,2004,3487,Torraye Braggs,NA,PF,27,1,NBA,HOU,11,132,0.464,6.2,1,0.5,0.179,0.179,0.143,0,0.464,0.5,0.4,0.4,0.5,NA,0.769,NA,0,0,NA,NA,0,0
19271,2004,3487,Torraye Braggs,NA,PF,27,1,NBA,WAS,4,22,0.6,5.8,1,0.4,0.4,0,0.2,0,0.6,0.5,0.5,NA,1,NA,0.333,NA,0,0,NA,NA,0,0
19272,2004,3096,Tracy McGrady,NA,SG,24,7,NBA,ORL,67,2675,0.417,16.8,0.672,0.192,0.042,0.073,0.365,0.328,0.455,0.58,0.303,0.4,0.418,0.339,0.457,0.609,0.036,53,0.043,0.364,0,0
19273,2004,2757,Tracy Murray,NA,SF,32,12,NBA,POR,7,35,0.25,16.4,0.583,0.167,0.083,0.167,0.167,0.417,0.143,0.5,0,0,0,0.4,1,1,0.083,1,0.2,0,0,0
19274,2004,2962,Travis Best,NA,PG,31,9,NBA,DAL,61,762,0.372,13.8,0.884,0.291,0.093,0.081,0.419,0.116,0.401,0.6,0.25,0.143,0.347,0.15,0.311,0.333,0,0,0.05,1,4,0
19275,2004,3488,Travis Hansen,NA,SF,25,1,NBA,ATL,41,507,0.354,13.2,0.769,0.277,0.092,0.131,0.269,0.231,0.37,0.556,0.25,0.235,0.286,0.3,0.514,0.778,0.054,7,0.367,0.364,0,0
19276,2004,3489,Travis Outlaw,NA,PF,19,1,NBA,POR,8,19,0.429,10.9,1,0.286,0.143,0.286,0.286,0,0.429,1,0,0,0.5,NA,0.333,NA,0.286,2,NA,NA,0,0
19277,2004,3356,Tremaine Fowlkes,NA,SF,27,3,NBA,DET,36,261,0.313,11.9,0.833,0.375,0.063,0.083,0.313,0.167,0.35,0.444,0,0.5,0.267,0.125,0.571,1,0.083,3,0.25,0.5,0,0
19278,2004,3357,Trenton Hassell,NA,SG,24,3,NBA,MIN,81,2264,0.465,13.9,0.966,0.192,0.068,0.163,0.543,0.034,0.47,0.589,0.423,0.419,0.449,0.308,0.798,1,0.016,6,0.231,1,1,0
19279,2004,3490,Troy Bell,NA,PG,23,1,NBA,MEM,6,34,0.222,13.1,0.778,0.333,0.111,0,0.333,0.222,0.286,0.167,0.5,NA,0.333,0,0.5,NA,0,0,0,NA,0,0
19280,2004,3098,Troy Hudson,NA,PG,27,7,NBA,MIN,29,503,0.386,18.4,0.628,0.111,0.063,0.101,0.353,0.372,0.377,0.478,0.385,0.238,0.384,0.403,0.327,0.581,0,0,0.182,0.571,0,0
19281,2004,3358,Troy Murphy,NA,PF,23,3,NBA,GSW,28,610,0.44,12.1,0.93,0.272,0.128,0.074,0.457,0.07,0.451,0.591,0.194,0.278,0.468,0.294,0.794,1,0.033,7,0.471,0.375,0,0
19282,2004,2630,Tyrone Hill,NA,PF,35,14,NBA,MIA,5,38,0.6,3.6,1,0.6,0.2,0.2,0,0,0.6,0.333,1,1,NA,NA,0.667,NA,0,0,NA,NA,0,0
19283,2004,3164,Tyronn Lue,NA,PG,26,6,NBA,ORL,76,2332,0.433,16.5,0.707,0.134,0.094,0.139,0.34,0.293,0.453,0.51,0.418,0.444,0.444,0.383,0.24,0.863,0,0,0.139,0.414,0,0
19284,2004,3359,Tyson Chandler,NA,PF,21,3,NBA,CHI,35,782,0.424,5.9,0.994,0.5,0.253,0.101,0.139,0.006,0.427,0.519,0.3,0.25,0.455,0,0.567,NA,0.12,16,0,NA,1,0
19285,2004,3491,Udonis Haslem,NA,PF,23,1,NBA,MIA,75,1795,0.459,7.6,0.993,0.432,0.168,0.177,0.217,0.007,0.462,0.596,0.373,0.291,0.402,0,0.644,NA,0.069,28,0.333,0,1,0
19286,2004,2830,Vin Baker,NA,PF,32,11,NBA,TOT,54,1313,0.481,7.2,0.993,0.405,0.273,0.144,0.171,0.007,0.483,0.571,0.407,0.419,0.446,0.333,0.628,1,0.044,18,0,NA,0,0
19287,2004,2830,Vin Baker,NA,PF,32,11,NBA,BOS,37,1000,0.505,7.7,0.997,0.366,0.288,0.156,0.186,0.003,0.506,0.631,0.427,0.404,0.468,0,0.643,NA,0.051,16,0,NA,0,0
19288,2004,2830,Vin Baker,NA,PF,32,11,NBA,NYK,17,313,0.404,5.6,0.98,0.535,0.222,0.101,0.121,0.02,0.402,0.434,0.318,0.5,0.333,0.5,0.564,1,0.02,2,0,NA,0,0
19289,2004,3166,Vince Carter,NA,SG,27,6,NBA,TOR,73,2785,0.417,13.7,0.833,0.199,0.141,0.168,0.325,0.167,0.424,0.583,0.4,0.343,0.38,0.383,0.384,0.86,0.039,52,0.243,0.458,3,0
19290,2004,3033,Vitaly Potapenko,NA,C,28,8,NBA,SEA,65,1419,0.489,8,1,0.271,0.32,0.296,0.112,0,0.489,0.595,0.405,0.488,0.478,NA,0.83,NA,0.007,3,NA,NA,0,0
19291,2004,2556,Vlade Divac,NA,C,35,15,NBA,SAC,81,2317,0.47,7.6,0.981,0.401,0.254,0.094,0.231,0.019,0.476,0.631,0.329,0.302,0.442,0.154,0.644,1,0.055,36,0.077,0,0,0
19292,2004,3360,Vladimir Radmanović,NA,PF,23,3,NBA,SEA,77,2321,0.425,16.5,0.536,0.209,0.09,0.058,0.179,0.464,0.471,0.647,0.301,0.362,0.386,0.371,0.527,0.936,0.059,43,0.318,0.342,2,0
19293,2004,3167,Vladimir Stepania,NA,C,27,6,NBA,POR,42,453,0.417,6.1,1,0.544,0.146,0.146,0.165,0,0.417,0.571,0.2,0.267,0.235,NA,0.698,NA,0.049,4,NA,NA,0,0
19294,2004,2965,Voshon Lenard,NA,SG,30,9,NBA,DEN,73,2233,0.422,16.1,0.69,0.175,0.066,0.109,0.34,0.31,0.447,0.638,0.403,0.392,0.375,0.367,0.604,0.915,0,0,0.377,0.422,1,0
19295,2004,3225,Wally Szczerbiak,NA,SF,26,5,NBA,MIN,28,622,0.449,15.2,0.805,0.123,0.119,0.153,0.411,0.195,0.453,0.517,0.464,0.472,0.423,0.435,0.674,0.95,0.004,0,0.435,0.4,0,0
19296,2004,3034,Walter McCarty,NA,PF,29,8,NBA,BOS,77,1900,0.388,20.5,0.3,0.086,0.052,0.059,0.103,0.7,0.42,0.711,0.259,0.387,0.278,0.374,0.591,0.971,0.023,9,0.336,0.431,0,0
19297,2004,3294,Wang Zhizhi,NA,C,26,4,NBA,TOT,16,114,0.37,11.7,0.696,0.348,0.174,0.065,0.109,0.304,0.406,0.438,0.25,0.333,0.6,0.286,0.692,0.75,0,0,0.071,1,0,0
19298,2004,3294,Wang Zhizhi,NA,C,26,4,NBA,LAC,2,9,0,10.1,1,0,0,1,0,0,0,NA,NA,0,NA,NA,NA,NA,0,0,NA,NA,0,0
19299,2004,3294,Wang Zhizhi,NA,C,26,4,NBA,MIA,14,105,0.378,11.7,0.689,0.356,0.178,0.044,0.111,0.311,0.419,0.438,0.25,0.5,0.6,0.286,0.692,0.75,0,0,0.071,1,0,0
19300,2004,2889,Wesley Person,NA,SG,32,10,NBA,TOT,58,1037,0.401,19.9,0.561,0.025,0.045,0.108,0.382,0.439,0.403,0.5,0.714,0.324,0.383,0.399,0.831,0.945,0,0,0.29,0.375,0,0
19301,2004,2889,Wesley Person,NA,SG,32,10,NBA,MEM,16,284,0.308,20.4,0.598,0.028,0.009,0.112,0.449,0.402,0.344,0.667,0,0.417,0.313,0.256,0.818,1,0,0,0.233,0.1,0,0
19302,2004,2889,Wesley Person,NA,SG,32,10,NBA,POR,33,621,0.476,19.4,0.548,0.03,0.065,0.101,0.351,0.452,0.478,0.4,0.818,0.353,0.458,0.474,0.818,0.917,0,0,0.368,0.5,0,0
19303,2004,2889,Wesley Person,NA,SG,32,10,NBA,ATL,9,132,0.333,20.7,0.513,0,0.051,0.128,0.333,0.487,0.25,NA,0.5,0,0.308,0.421,1,1,0,0,0.105,0,0,0
19304,2004,3492,Willie Green,NA,SG,22,1,NBA,PHI,53,767,0.401,12.4,0.829,0.291,0.143,0.123,0.272,0.171,0.419,0.481,0.333,0.295,0.454,0.311,0.476,0.947,0.028,6,0.066,0,2,0
19305,2004,3428,Yao Ming,NA,C,23,2,NBA,HOU,82,2692,0.522,7.1,0.998,0.322,0.367,0.211,0.099,0.002,0.523,0.73,0.415,0.444,0.416,0,0.613,NA,0.101,94,0,NA,0,0
19306,2004,3362,Zach Randolph,NA,PF,22,3,NBA,POR,81,3067,0.485,7.7,0.996,0.351,0.298,0.164,0.183,0.004,0.486,0.594,0.456,0.411,0.394,0.2,0.597,1,0.018,23,0.2,0,1,0
19307,2004,3493,Zaza Pachulia,NA,C,19,1,NBA,ORL,59,664,0.389,3.8,1,0.657,0.16,0.091,0.091,0,0.389,0.487,0.214,0.188,0.188,NA,0.588,NA,0.023,4,NA,NA,0,0
19308,2004,3295,Zendon Hamilton,NA,C,28,4,NBA,PHI,46,473,0.537,2.9,1,0.758,0.095,0.084,0.063,0,0.537,0.528,0.667,0.75,0.167,NA,0.706,NA,0.084,8,NA,NA,0,0
19309,2004,3494,Zoran Planinić,NA,SG,21,1,NBA,NJN,49,473,0.411,11.5,0.752,0.388,0.155,0.093,0.116,0.248,0.454,0.64,0.25,0.25,0.267,0.281,0.659,0.778,0.016,2,0.219,0.429,3,0
19310,2004,3100,Zydrunas Ilgauskas,NA,C,28,6,NBA,CLE,81,2539,0.483,7,0.993,0.434,0.22,0.199,0.14,0.007,0.484,0.597,0.382,0.417,0.393,0.286,0.651,0.5,0.062,58,0,NA,0,0
19311,2004,3495,Žarko Čabarkapa,NA,PF,22,1,NBA,PHO,49,570,0.411,10.6,0.838,0.35,0.173,0.142,0.173,0.162,0.455,0.623,0.382,0.25,0.353,0.188,0.693,0.833,0.091,16,0.281,0.111,1,0
19312,2004,3364,Željko Rebrača,NA,C,31,3,NBA,TOT,24,273,0.442,8.1,1,0.234,0.338,0.377,0.052,0,0.442,0.722,0.308,0.345,0.75,NA,0.471,NA,0.026,2,NA,NA,0,0
19313,2004,3364,Željko Rebrača,NA,C,31,3,NBA,DET,21,222,0.407,7.5,1,0.259,0.37,0.333,0.037,0,0.407,0.714,0.25,0.278,1,NA,0.455,NA,0.037,2,NA,NA,0,0
19314,2004,3364,Željko Rebrača,NA,C,31,3,NBA,ATL,3,51,0.522,9.5,1,0.174,0.261,0.478,0.087,0,0.522,0.75,0.5,0.455,0.5,NA,0.5,NA,0,0,NA,NA,0,0
