seas_id,season,player_id,player,birth_year,pos,age,experience,lg,tm,g,gs,mp,fg,fga,fg_percent,x3p,x3pa,x3p_percent,x2p,x2pa,x2p_percent,e_fg_percent,ft,fta,ft_percent,orb,drb,trb,ast,stl,blk,tov,pf,pts
18730,2004,2832,Aaron McKie,NA,SF,31,10,NBA,PHI,75,41,2112,265,577,0.459,75,172,0.436,190,405,0.469,0.524,84,111,0.757,45,208,253,195,85,23,103,142,689
18731,2004,2760,Aaron Williams,NA,C,32,10,NBA,NJN,72,7,1337,172,342,0.503,1,3,0.333,171,339,0.504,0.504,105,155,0.677,101,193,294,81,34,46,89,187,450
18732,2004,3035,Adonal Foyle,NA,C,28,7,NBA,GSW,44,8,572,59,130,0.454,0,0,NA,59,130,0.454,0.454,19,35,0.543,54,113,167,17,6,46,21,68,137
18733,2004,3169,Adrian Griffin,NA,SG,29,5,NBA,HOU,19,1,133,5,18,0.278,1,2,0.5,4,16,0.25,0.306,0,4,0,1,18,19,10,7,2,3,17,11
18734,2004,3101,Al Harrington,NA,PF,23,6,NBA,IND,79,15,2441,421,909,0.463,21,77,0.273,400,832,0.481,0.475,185,252,0.734,163,345,508,131,80,22,163,250,1048
18735,2004,2892,Alan Henderson,NA,PF,31,9,NBA,ATL,6,0,68,10,21,0.476,0,0,NA,10,21,0.476,0.476,4,6,0.667,11,10,21,2,1,2,3,1,24
18736,2004,3429,Alex Garcia,NA,SG,23,1,NBA,SAS,2,0,13,1,7,0.143,0,0,NA,1,7,0.143,0.143,1,2,0.5,0,0,0,0,2,0,1,0,3
18737,2004,2763,Allan Houston,NA,SG,32,11,NBA,NYK,50,50,1799,340,781,0.435,87,202,0.431,253,579,0.437,0.491,157,172,0.913,20,101,121,99,38,2,102,105,924
18738,2004,2967,Allen Iverson,NA,SG,28,8,NBA,PHI,48,47,2040,435,1125,0.387,57,199,0.286,378,926,0.408,0.412,339,455,0.745,34,144,178,324,115,5,209,87,1266
18739,2004,2696,Alonzo Mourning,NA,C,33,11,NBA,NJN,12,0,215,33,71,0.465,0,0,NA,33,71,0.465,0.465,30,34,0.882,8,19,27,8,2,6,10,32,96
18740,2004,3296,Alton Ford,NA,PF,22,3,NBA,HOU,9,0,41,6,11,0.545,0,0,NA,6,11,0.545,0.545,3,6,0.5,3,8,11,3,0,1,3,9,15
18741,2004,3036,Alvin Williams,NA,SG,29,7,NBA,TOR,56,54,1730,201,496,0.405,26,89,0.292,175,407,0.43,0.431,66,85,0.776,18,132,150,224,55,10,78,114,494
18742,2004,2968,Amal McCaskill,NA,C,30,4,NBA,PHI,59,3,636,47,117,0.402,0,1,0,47,116,0.405,0.402,19,27,0.704,48,85,133,20,12,20,25,89,113
18743,2004,3366,Amar'e Stoudemire,NA,PF,21,2,NBA,PHO,55,53,2025,411,865,0.475,1,5,0.2,410,860,0.477,0.476,310,435,0.713,157,339,496,78,64,89,177,188,1133
18744,2004,3171,Andre Miller,NA,PG,27,5,NBA,DEN,82,82,2838,430,941,0.457,12,65,0.185,418,876,0.477,0.463,342,411,0.832,127,239,366,501,142,25,215,194,1214
18745,2004,3298,Andrei Kirilenko,NA,PF,22,3,NBA,UTA,78,78,2895,412,931,0.443,68,201,0.338,344,730,0.471,0.479,392,496,0.79,226,403,629,244,150,215,215,174,1284
18746,2004,2894,Andrew DeClercq,NA,C,30,9,NBA,ORL,71,53,1211,93,195,0.477,0,0,NA,93,195,0.477,0.477,44,54,0.815,131,186,317,44,47,32,54,217,230
18747,2004,2767,Anfernee Hardaway,NA,SG,32,11,NBA,TOT,76,14,2095,279,679,0.411,30,79,0.38,249,600,0.415,0.433,111,138,0.804,69,218,287,176,70,20,107,146,699
18748,2004,2767,Anfernee Hardaway,NA,SG,32,11,NBA,PHO,34,10,876,120,271,0.443,14,35,0.4,106,236,0.449,0.469,42,49,0.857,27,71,98,97,28,8,42,65,296
18749,2004,2767,Anfernee Hardaway,NA,SG,32,11,NBA,NYK,42,4,1219,159,408,0.39,16,44,0.364,143,364,0.393,0.409,69,89,0.775,42,147,189,79,42,12,65,81,403
18750,2004,3299,Ansu Sesay,NA,SF,27,3,NBA,SEA,57,2,583,81,178,0.455,6,21,0.286,75,157,0.478,0.472,32,46,0.696,43,49,92,19,19,20,23,66,200
18751,2004,3104,Antawn Jamison,NA,SF,27,6,NBA,DAL,82,2,2376,488,913,0.535,16,40,0.4,472,873,0.541,0.543,220,294,0.748,233,287,520,70,83,30,81,174,1212
18752,2004,3172,Anthony Carter,NA,PG,28,5,NBA,SAS,5,2,87,11,37,0.297,0,3,0,11,34,0.324,0.297,0,0,NA,2,9,11,12,4,0,12,9,22
18753,2004,2895,Anthony Goldwire,NA,PG,32,6,NBA,TOT,11,0,85,7,22,0.318,2,8,0.25,5,14,0.357,0.364,1,1,1,1,6,7,11,5,0,3,5,17
18754,2004,2895,Anthony Goldwire,NA,PG,32,6,NBA,MIN,5,0,66,5,14,0.357,2,6,0.333,3,8,0.375,0.429,1,1,1,1,5,6,10,3,0,2,5,13
18755,2004,2895,Anthony Goldwire,NA,PG,32,6,NBA,NJN,6,0,19,2,8,0.25,0,2,0,2,6,0.333,0.25,0,0,NA,0,1,1,1,2,0,1,0,4
18756,2004,3037,Anthony Johnson,NA,PG,29,7,NBA,IND,73,7,1598,167,411,0.406,41,122,0.336,126,289,0.436,0.456,75,94,0.798,28,102,130,202,64,8,75,138,450
18757,2004,2699,Anthony Peeler,NA,SG,34,12,NBA,SAC,75,0,1391,156,348,0.448,68,141,0.482,88,207,0.425,0.546,51,61,0.836,31,122,153,120,56,10,77,103,431
18758,2004,2969,Antoine Walker,NA,PF,27,8,NBA,DAL,82,82,2840,483,1129,0.428,82,305,0.269,401,824,0.487,0.464,103,186,0.554,198,486,684,369,65,65,202,212,1151
18759,2004,3039,Antonio Daniels,NA,PG,28,7,NBA,SEA,71,32,1512,187,398,0.47,42,116,0.362,145,282,0.514,0.523,155,184,0.842,23,119,142,298,45,6,61,64,571
18760,2004,2768,Antonio Davis,NA,C,35,11,NBA,TOT,80,79,2570,266,660,0.403,0,0,NA,266,660,0.403,0.403,176,230,0.765,207,464,671,137,37,65,114,206,708
18761,2004,2768,Antonio Davis,NA,C,35,11,NBA,TOR,15,15,538,46,120,0.383,0,0,NA,46,120,0.383,0.383,37,49,0.755,49,94,143,14,8,8,21,45,129
18762,2004,2768,Antonio Davis,NA,C,35,11,NBA,CHI,65,64,2032,220,540,0.407,0,0,NA,220,540,0.407,0.407,139,181,0.768,158,370,528,123,29,57,93,161,579
18763,2004,2896,Antonio McDyess,NA,PF,29,8,NBA,TOT,42,20,927,126,268,0.47,0,0,NA,126,268,0.47,0.47,38,69,0.551,70,187,257,36,37,24,57,117,290
18764,2004,2896,Antonio McDyess,NA,PF,29,8,NBA,NYK,18,6,421,65,142,0.458,0,0,NA,65,142,0.458,0.458,22,38,0.579,31,88,119,20,12,11,27,46,152
18765,2004,2896,Antonio McDyess,NA,PF,29,8,NBA,PHO,24,14,506,61,126,0.484,0,0,NA,61,126,0.484,0.484,16,31,0.516,39,99,138,16,25,13,30,71,138
18766,2004,3040,Austin Croshere,NA,PF,28,7,NBA,IND,77,0,1051,119,307,0.388,56,144,0.389,63,163,0.387,0.479,93,104,0.894,60,183,243,52,24,14,55,101,387
18767,2004,2406,Avery Johnson,NA,PG,38,16,NBA,GSW,46,1,637,80,199,0.402,0,3,0,80,196,0.408,0.402,52,78,0.667,3,30,33,111,26,3,51,34,212
18768,2004,3173,Baron Davis,NA,PG,24,5,NBA,NOH,67,66,2686,554,1402,0.395,187,582,0.321,367,820,0.448,0.462,237,352,0.673,66,221,287,501,158,27,215,178,1532
18769,2004,3430,Ben Handlogten,NA,C,30,1,NBA,UTA,17,0,172,25,47,0.532,0,0,NA,25,47,0.532,0.532,18,27,0.667,22,33,55,6,3,4,10,32,68
18770,2004,2971,Ben Wallace,NA,C,29,8,NBA,DET,81,81,3050,315,748,0.421,1,8,0.125,314,740,0.424,0.422,142,290,0.49,324,682,1006,138,143,246,123,162,773
18771,2004,2568,Bimbo Coles,NA,PG,35,14,NBA,MIA,22,1,170,12,34,0.353,0,0,NA,12,34,0.353,0.353,4,6,0.667,2,8,10,15,3,0,9,27,28
18772,2004,2771,Bo Outlaw,NA,PF,32,11,NBA,MEM,82,1,1606,159,312,0.51,0,4,0,159,308,0.516,0.51,61,116,0.526,125,217,342,90,73,70,69,170,379
18773,2004,2899,Bob Sura,NA,SG,30,9,NBA,TOT,80,18,1663,202,485,0.416,21,79,0.266,181,406,0.446,0.438,171,226,0.757,100,226,326,233,62,14,105,158,596
18774,2004,2899,Bob Sura,NA,SG,30,9,NBA,DET,53,0,707,71,173,0.41,9,36,0.25,62,137,0.453,0.436,48,69,0.696,30,73,103,89,37,9,39,86,199
18775,2004,2899,Bob Sura,NA,SG,30,9,NBA,ATL,27,18,956,131,312,0.42,12,43,0.279,119,269,0.442,0.439,123,157,0.783,70,153,223,144,25,5,66,72,397
18776,2004,3041,Bobby Jackson,NA,SG,30,7,NBA,SAC,50,0,1185,263,592,0.444,81,219,0.37,182,373,0.488,0.513,82,109,0.752,55,119,174,105,49,8,63,106,689
18777,2004,3301,Bobby Simmons,NA,SF,23,3,NBA,LAC,56,8,1376,147,373,0.394,2,12,0.167,145,361,0.402,0.397,141,169,0.834,115,147,262,96,51,17,73,169,437
18778,2004,3105,Bonzi Wells,NA,SG,27,6,NBA,TOT,72,27,1872,363,850,0.427,22,69,0.319,341,781,0.437,0.44,138,183,0.754,78,182,260,139,91,19,161,197,886
18779,2004,3105,Bonzi Wells,NA,SG,27,6,NBA,POR,13,10,404,68,175,0.389,1,8,0.125,67,167,0.401,0.391,21,27,0.778,21,40,61,35,20,3,32,38,158
18780,2004,3105,Bonzi Wells,NA,SG,27,6,NBA,MEM,59,17,1468,295,675,0.437,21,61,0.344,274,614,0.446,0.453,117,156,0.75,57,142,199,104,71,16,129,159,728
18781,2004,3431,Boris Diaw,NA,SG,21,1,NBA,ATL,76,37,1919,140,313,0.447,6,26,0.231,134,287,0.467,0.457,56,93,0.602,111,231,342,182,59,37,126,191,342
18782,2004,3368,Boštjan Nachbar,NA,SF,23,2,NBA,HOU,45,3,516,47,132,0.356,23,63,0.365,24,69,0.348,0.443,21,29,0.724,8,62,70,30,14,14,23,72,138
18783,2004,3106,Brad Miller,NA,PF,27,6,NBA,SAC,72,53,2621,373,731,0.51,12,38,0.316,361,693,0.521,0.518,256,329,0.778,191,552,743,312,68,86,144,247,1014
18784,2004,3302,Brandon Armstrong,NA,SG,23,3,NBA,NJN,56,0,434,65,175,0.371,19,52,0.365,46,123,0.374,0.426,2,4,0.5,12,31,43,14,12,2,24,49,151
18785,2004,3432,Brandon Hunter,NA,PF,23,1,NBA,BOS,36,12,406,53,116,0.457,0,3,0,53,113,0.469,0.457,19,43,0.442,50,68,118,19,13,1,22,40,125
18786,2004,3303,Brendan Haywood,NA,C,24,3,NBA,WAS,77,59,1484,200,388,0.515,0,1,0,200,387,0.517,0.515,137,234,0.585,186,201,387,43,32,100,80,154,537
18787,2004,2900,Brent Barry,NA,SG,32,9,NBA,SEA,59,53,1803,215,427,0.504,114,252,0.452,101,175,0.577,0.637,91,110,0.827,21,183,204,342,85,16,139,121,635
18788,2004,3043,Brevin Knight,NA,PG,28,7,NBA,TOT,56,13,1037,105,246,0.427,2,8,0.25,103,238,0.433,0.431,49,65,0.754,14,98,112,204,84,1,72,107,261
18789,2004,3043,Brevin Knight,NA,PG,28,7,NBA,PHO,3,0,19,1,3,0.333,0,0,NA,1,3,0.333,0.333,0,0,NA,0,3,3,4,3,1,3,1,2
18790,2004,3043,Brevin Knight,NA,PG,28,7,NBA,WAS,32,12,598,58,138,0.42,1,5,0.2,57,133,0.429,0.424,19,27,0.704,11,50,61,102,52,0,44,50,136
18791,2004,3043,Brevin Knight,NA,PG,28,7,NBA,MIL,21,1,420,46,105,0.438,1,3,0.333,45,102,0.441,0.443,30,38,0.789,3,45,48,98,29,0,25,56,123
18792,2004,3231,Brian Cardinal,NA,PF,26,4,NBA,GSW,76,11,1634,220,466,0.472,55,124,0.444,165,342,0.482,0.531,238,271,0.878,100,217,317,103,66,20,84,206,733
18793,2004,3433,Brian Cook,NA,C,23,1,NBA,LAL,35,2,442,67,141,0.475,0,5,0,67,136,0.493,0.475,21,28,0.75,31,70,101,20,16,16,17,64,155
18794,2004,2840,Brian Grant,NA,C,31,10,NBA,MIA,76,76,2303,289,613,0.471,0,1,0,289,612,0.472,0.471,86,110,0.782,174,350,524,69,51,35,82,254,664
18795,2004,3304,Brian Scalabrine,NA,PF,25,3,NBA,NJN,69,2,928,86,218,0.394,10,41,0.244,76,177,0.429,0.417,58,70,0.829,42,131,173,65,21,14,42,113,240
18796,2004,3107,Brian Skinner,NA,C,27,6,NBA,MIL,56,54,1577,255,513,0.497,0,0,NA,255,513,0.497,0.497,79,138,0.572,119,292,411,49,30,61,78,165,589
18797,2004,3434,Britton Johnsen,NA,C,24,1,NBA,ORL,20,4,290,17,59,0.288,1,12,0.083,16,47,0.34,0.297,7,16,0.438,15,30,45,12,7,1,14,28,42
18798,2004,2975,Bruce Bowen,NA,SF,32,8,NBA,SAS,82,82,2624,211,502,0.42,77,212,0.363,134,290,0.462,0.497,66,114,0.579,45,208,253,113,84,33,90,166,565
18799,2004,3108,Bruno Šundov,NA,C,23,6,NBA,TOT,5,0,33,4,10,0.4,0,0,NA,4,10,0.4,0.4,3,6,0.5,2,8,10,1,0,0,3,9,11
18800,2004,3108,Bruno Šundov,NA,C,23,6,NBA,CLE,4,0,29,3,9,0.333,0,0,NA,3,9,0.333,0.333,3,6,0.5,2,8,10,0,0,0,3,7,9
18801,2004,3108,Bruno Šundov,NA,C,23,6,NBA,NYK,1,0,4,1,1,1,0,0,NA,1,1,1,1,0,0,NA,0,0,0,1,0,0,0,2,2
18802,2004,3109,Bryce Drew,NA,PG,29,6,NBA,NOH,15,0,78,4,18,0.222,1,7,0.143,3,11,0.273,0.25,3,3,1,0,6,6,13,4,0,8,1,12
18803,2004,2775,Bryon Russell,NA,SF,33,11,NBA,LAL,72,1,945,98,244,0.402,43,112,0.384,55,132,0.417,0.49,50,65,0.769,32,114,146,71,32,12,37,110,289
18804,2004,2776,Calbert Cheaney,NA,SF,32,11,NBA,GSW,79,7,2067,278,578,0.481,0,10,0,278,568,0.489,0.481,47,77,0.61,77,183,260,136,60,12,85,184,603
18805,2004,3175,Calvin Booth,NA,C,27,5,NBA,SEA,71,35,1206,135,290,0.466,0,2,0,135,288,0.469,0.466,75,94,0.798,86,194,280,28,17,101,45,150,345
18806,2004,3305,Carlos Arroyo,NA,PG,24,3,NBA,UTA,71,71,2008,339,768,0.441,38,117,0.325,301,651,0.462,0.466,181,225,0.804,41,144,185,355,63,5,156,165,897
18807,2004,3369,Carlos Boozer,NA,PF,22,2,NBA,CLE,75,75,2592,471,900,0.523,1,6,0.167,470,894,0.526,0.524,219,285,0.768,230,627,857,148,74,55,134,199,1162
18808,2004,3435,Carmelo Anthony,NA,SF,19,1,NBA,DEN,82,82,2995,624,1465,0.426,69,214,0.322,555,1251,0.444,0.449,408,525,0.777,183,315,498,227,97,41,247,225,1725
18809,2004,3370,Caron Butler,NA,SF,23,2,NBA,MIA,68,56,2030,240,631,0.38,10,42,0.238,230,589,0.39,0.388,133,176,0.756,92,234,326,126,75,13,91,162,623
18810,2004,3371,Casey Jacobsen,NA,SF,22,2,NBA,PHO,78,13,1828,150,360,0.417,75,180,0.417,75,180,0.417,0.521,91,111,0.82,42,159,201,98,48,9,68,144,466
18811,2004,3372,Cezary Trybański,NA,C,24,2,NBA,TOT,7,0,15,0,4,0,0,0,NA,0,4,0,0,1,2,0.5,0,1,1,0,1,1,2,3,1
18812,2004,3372,Cezary Trybański,NA,C,24,2,NBA,PHO,4,0,10,0,2,0,0,0,NA,0,2,0,0,0,0,NA,0,1,1,0,0,1,2,1,0
18813,2004,3372,Cezary Trybański,NA,C,24,2,NBA,NYK,3,0,5,0,2,0,0,0,NA,0,2,0,0,1,2,0.5,0,0,0,0,1,0,0,2,1
18814,2004,2230,Charles Oakley,NA,PF,40,19,NBA,HOU,7,0,25,2,6,0.333,0,0,NA,2,6,0.333,0.333,5,6,0.833,0,5,5,2,0,0,1,8,9
18815,2004,2843,Charlie Ward,NA,PG,33,10,NBA,TOT,71,10,1252,160,390,0.41,84,206,0.408,76,184,0.413,0.518,20,27,0.741,12,132,144,215,64,11,96,107,424
18816,2004,2843,Charlie Ward,NA,PG,33,10,NBA,NYK,35,10,827,115,260,0.442,59,138,0.428,56,122,0.459,0.556,16,21,0.762,10,86,96,170,47,8,69,74,305
18817,2004,2843,Charlie Ward,NA,PG,33,10,NBA,SAS,36,0,425,45,130,0.346,25,68,0.368,20,62,0.323,0.442,4,6,0.667,2,46,48,45,17,3,27,33,119
18818,2004,3048,Chauncey Billups,NA,PG,27,7,NBA,DET,78,78,2758,392,996,0.394,130,335,0.388,262,661,0.396,0.459,404,460,0.878,35,241,276,446,84,8,189,177,1318
18819,2004,2904,Cherokee Parks,NA,C,31,9,NBA,GSW,12,0,64,4,10,0.4,0,0,NA,4,10,0.4,0.4,4,6,0.667,4,6,10,1,0,3,2,7,12
18820,2004,3307,Chris Andersen,NA,PF,25,3,NBA,DEN,71,0,1029,90,203,0.443,0,1,0,90,202,0.446,0.443,63,107,0.589,89,209,298,35,34,114,48,119,243
18821,2004,3436,Chris Bosh,NA,C,19,1,NBA,TOR,75,63,2510,327,712,0.459,5,14,0.357,322,698,0.461,0.463,202,288,0.701,191,366,557,78,59,106,107,215,861
18822,2004,3050,Chris Crawford,NA,PF,28,7,NBA,ATL,56,25,1207,211,471,0.448,44,113,0.389,167,358,0.466,0.495,103,119,0.866,58,117,175,45,37,20,55,131,569
18823,2004,3373,Chris Jefferies,NA,SF-SG,23,2,NBA,TOT,21,2,195,27,72,0.375,17,42,0.405,10,30,0.333,0.493,13,20,0.65,5,24,29,7,4,7,19,36,84
18824,2004,3373,Chris Jefferies,NA,SG,23,2,NBA,TOR,2,0,8,3,6,0.5,1,3,0.333,2,3,0.667,0.583,1,1,1,0,1,1,1,0,0,1,0,8
18825,2004,3373,Chris Jefferies,NA,SF,23,2,NBA,CHI,19,2,187,24,66,0.364,16,39,0.41,8,27,0.296,0.485,12,19,0.632,5,23,28,6,4,7,18,36,76
18826,2004,3437,Chris Kaman,NA,C,21,1,NBA,LAC,82,61,1843,200,435,0.46,0,2,0,200,433,0.462,0.46,99,142,0.697,126,335,461,85,23,73,155,211,499
18827,2004,3232,Chris Mihm,NA,C-PF,24,4,NBA,TOT,76,17,1330,186,381,0.488,0,0,NA,186,381,0.488,0.488,110,166,0.663,156,257,413,21,37,63,90,208,482
18828,2004,3232,Chris Mihm,NA,PF,24,4,NBA,CLE,22,1,391,59,127,0.465,0,0,NA,59,127,0.465,0.465,34,48,0.708,47,93,140,10,9,22,25,58,152
18829,2004,3232,Chris Mihm,NA,C,24,4,NBA,BOS,54,16,939,127,254,0.5,0,0,NA,127,254,0.5,0.5,76,118,0.644,109,164,273,11,28,41,65,150,330
18830,2004,2781,Chris Webber,NA,PF,30,11,NBA,SAC,23,23,831,174,421,0.413,1,5,0.2,173,416,0.416,0.414,81,114,0.711,48,152,200,105,31,20,60,76,430
18831,2004,2782,Chris Whitney,NA,PG,32,11,NBA,WAS,16,5,186,17,45,0.378,8,18,0.444,9,27,0.333,0.467,5,5,1,3,12,15,14,6,2,6,6,47
18832,2004,3375,Chris Wilcox,NA,C,21,2,NBA,LAC,65,17,1340,227,436,0.521,0,1,0,227,435,0.522,0.521,105,150,0.7,125,180,305,51,29,20,80,183,559
18833,2004,2706,Christian Laettner,NA,PF,34,12,NBA,WAS,48,18,984,119,256,0.465,6,21,0.286,113,235,0.481,0.477,40,50,0.8,50,182,232,89,37,28,42,102,284
18834,2004,3177,Chucky Atkins,NA,PG,29,5,NBA,TOT,64,24,1544,192,484,0.397,81,241,0.336,111,243,0.457,0.48,73,97,0.753,9,84,93,223,45,2,92,102,538
18835,2004,3177,Chucky Atkins,NA,PG,29,5,NBA,DET,40,0,751,88,235,0.374,42,130,0.323,46,105,0.438,0.464,31,43,0.721,6,42,48,95,19,1,48,60,249
18836,2004,3177,Chucky Atkins,NA,PG,29,5,NBA,BOS,24,24,793,104,249,0.418,39,111,0.351,65,138,0.471,0.496,42,54,0.778,3,42,45,128,26,1,44,42,289
18837,2004,2707,Clarence Weatherspoon,NA,PF,33,12,NBA,TOT,52,1,868,104,211,0.493,0,1,0,104,210,0.495,0.493,53,72,0.736,74,130,204,30,30,15,35,75,261
18838,2004,2707,Clarence Weatherspoon,NA,PF,33,12,NBA,NYK,15,1,216,18,40,0.45,0,0,NA,18,40,0.45,0.45,18,19,0.947,14,36,50,13,8,2,9,19,54
18839,2004,2707,Clarence Weatherspoon,NA,PF,33,12,NBA,HOU,37,0,652,86,171,0.503,0,1,0,86,170,0.506,0.503,35,53,0.66,60,94,154,17,22,13,26,56,207
18840,2004,2492,Clifford Robinson,NA,PF,37,15,NBA,GSW,82,82,2846,366,945,0.387,112,314,0.357,254,631,0.403,0.447,123,173,0.711,54,268,322,271,68,73,173,237,967
18841,2004,3178,Corey Maggette,NA,SF,24,5,NBA,LAC,73,72,2628,453,1013,0.447,76,231,0.329,377,782,0.482,0.485,526,620,0.848,96,334,430,224,65,16,207,217,1508
18842,2004,2783,Corie Blount,NA,PF-C,35,11,NBA,TOT,62,3,1050,115,253,0.455,0,3,0,115,250,0.46,0.455,15,27,0.556,98,177,275,55,49,24,43,135,245
18843,2004,2783,Corie Blount,NA,PF,35,11,NBA,CHI,46,3,756,97,206,0.471,0,3,0,97,203,0.478,0.471,13,24,0.542,76,130,206,45,38,19,35,86,207
18844,2004,2783,Corie Blount,NA,C,35,11,NBA,TOR,16,0,294,18,47,0.383,0,0,NA,18,47,0.383,0.383,2,3,0.667,22,47,69,10,11,5,8,49,38
18845,2004,2908,Corliss Williamson,NA,PF,30,9,NBA,DET,79,0,1574,304,602,0.505,0,0,NA,304,602,0.505,0.505,144,197,0.731,88,168,256,57,30,20,113,204,752
18846,2004,3438,Curtis Borchardt,NA,C,23,1,NBA,UTA,16,0,258,22,56,0.393,0,1,0,22,55,0.4,0.393,14,18,0.778,13,41,54,15,4,14,18,40,58
18847,2004,3114,Cuttino Mobley,NA,SG,28,6,NBA,HOU,80,80,3229,460,1081,0.426,164,420,0.39,296,661,0.448,0.501,176,217,0.811,40,322,362,258,107,33,180,179,1260
18848,2004,3439,Dahntay Jones,NA,SG,23,1,NBA,MEM,20,0,154,15,53,0.283,1,4,0.25,14,49,0.286,0.292,5,11,0.455,7,16,23,12,5,6,12,23,36
18849,2004,3376,Dajuan Wagner,NA,SG,20,2,NBA,CLE,44,4,708,112,306,0.366,31,86,0.36,81,220,0.368,0.417,32,47,0.681,9,49,58,51,26,7,41,89,287
18850,2004,2644,Dale Davis,NA,C,34,13,NBA,POR,76,37,1682,133,281,0.473,0,0,NA,133,281,0.473,0.473,65,106,0.613,158,240,398,72,43,62,40,154,331
18851,2004,3115,Damon Jones,NA,PG,27,6,NBA,MIL,82,26,2016,210,524,0.401,98,273,0.359,112,251,0.446,0.494,55,72,0.764,15,155,170,478,30,4,103,92,573
18852,2004,2911,Damon Stoudamire,NA,PG,30,9,NBA,POR,82,82,3118,408,1018,0.401,156,427,0.365,252,591,0.426,0.477,127,145,0.876,52,256,308,500,99,9,180,173,1099
18853,2004,3308,Damone Brown,NA,PF,24,3,NBA,NJN,3,0,17,1,10,0.1,0,0,NA,1,10,0.1,0.1,1,2,0.5,3,2,5,0,2,0,1,2,3
18854,2004,3377,Dan Dickau,NA,PG,25,2,NBA,TOT,43,0,294,37,98,0.378,10,30,0.333,27,68,0.397,0.429,11,14,0.786,7,19,26,38,17,0,26,44,95
18855,2004,3377,Dan Dickau,NA,PG,25,2,NBA,ATL,23,0,143,21,49,0.429,3,10,0.3,18,39,0.462,0.459,4,6,0.667,4,12,16,18,9,0,13,22,49
18856,2004,3377,Dan Dickau,NA,PG,25,2,NBA,POR,20,0,151,16,49,0.327,7,20,0.35,9,29,0.31,0.398,7,8,0.875,3,7,10,20,8,0,13,22,46
18857,2004,3378,Dan Gadzuric,NA,C,25,2,NBA,MIL,75,0,1260,183,349,0.524,0,1,0,183,348,0.526,0.524,58,118,0.492,126,220,346,28,51,105,45,186,424
18858,2004,3236,Dan Langhi,NA,SF,26,4,NBA,TOT,6,0,37,5,14,0.357,1,2,0.5,4,12,0.333,0.393,2,2,1,0,4,4,0,0,0,2,7,13
18859,2004,3236,Dan Langhi,NA,SF,26,4,NBA,GSW,4,0,17,2,6,0.333,0,0,NA,2,6,0.333,0.333,2,2,1,0,3,3,0,0,0,2,5,6
18860,2004,3236,Dan Langhi,NA,SF,26,4,NBA,MIL,2,0,20,3,8,0.375,1,2,0.5,2,6,0.333,0.438,0,0,NA,0,1,1,0,0,0,0,2,7
18861,2004,2493,Dana Barros,NA,SG,36,14,NBA,BOS,1,0,11,2,3,0.667,0,0,NA,2,3,0.667,0.667,2,2,1,0,0,0,0,0,0,0,2,6
18862,2004,3238,Daniel Santiago,NA,C,27,3,NBA,MIL,54,28,708,78,163,0.479,0,0,NA,78,163,0.479,0.479,61,90,0.678,35,97,132,24,19,21,32,98,217
18863,2004,3052,Danny Fortson,NA,C,27,7,NBA,DAL,56,20,625,71,139,0.511,0,0,NA,71,139,0.511,0.511,75,92,0.815,114,136,250,9,12,11,37,148,217
18864,2004,3239,Darius Miles,NA,SF,22,4,NBA,TOT,79,56,2079,365,753,0.485,7,40,0.175,358,713,0.502,0.489,124,193,0.642,112,247,359,162,67,61,130,168,861
18865,2004,3239,Darius Miles,NA,SF,22,4,NBA,CLE,37,16,888,143,331,0.432,5,30,0.167,138,301,0.458,0.44,39,72,0.542,48,119,167,80,25,27,56,84,330
18866,2004,3239,Darius Miles,NA,SF,22,4,NBA,POR,42,40,1191,222,422,0.526,2,10,0.2,220,412,0.534,0.528,85,121,0.702,64,128,192,82,42,34,74,84,531
18867,2004,3440,Darius Songaila,NA,PF,25,1,NBA,SAC,73,7,976,133,273,0.487,0,0,NA,133,273,0.487,0.487,71,88,0.807,91,134,225,48,42,12,43,126,337
18868,2004,3441,Darko Miličić,NA,C,18,1,NBA,DET,34,0,159,17,65,0.262,0,1,0,17,64,0.266,0.262,14,24,0.583,11,32,43,7,7,15,13,33,48
18869,2004,2846,Darrell Armstrong,NA,PG,35,10,NBA,NOH,79,22,2247,291,736,0.395,135,429,0.315,156,307,0.508,0.487,123,144,0.854,63,163,226,311,133,16,155,148,840
18870,2004,2847,Darrick Martin,NA,PG,32,9,NBA,MIN,16,0,172,20,67,0.299,6,26,0.231,14,41,0.341,0.343,9,9,1,2,5,7,23,2,1,7,23,55
18871,2004,2977,Darvin Ham,NA,SF,30,7,NBA,DET,54,2,484,37,75,0.493,1,2,0.5,36,73,0.493,0.5,21,35,0.6,47,46,93,16,13,8,31,63,96
18872,2004,2786,David Wesley,NA,SG,33,11,NBA,NOH,61,60,2001,311,800,0.389,92,285,0.323,219,515,0.425,0.446,137,182,0.753,28,106,134,175,71,14,100,147,851
18873,2004,3442,David West,NA,PF,23,1,NBA,NOH,71,1,930,108,228,0.474,0,2,0,108,226,0.478,0.474,57,80,0.713,117,180,297,60,27,28,48,117,273
18874,2004,3309,DeSagana Diop,NA,C,22,3,NBA,CLE,56,3,730,57,147,0.388,0,0,NA,57,147,0.388,0.388,12,20,0.6,72,127,199,34,26,51,29,116,126
18875,2004,3241,DeShawn Stevenson,NA,SG-SF,22,4,NBA,TOT,80,78,2444,376,871,0.432,19,71,0.268,357,800,0.446,0.443,138,204,0.676,79,219,298,158,52,17,120,140,909
18876,2004,3241,DeShawn Stevenson,NA,SG,22,4,NBA,UTA,54,54,1511,261,586,0.445,7,30,0.233,254,556,0.457,0.451,89,133,0.669,43,135,178,92,28,16,80,86,618
18877,2004,3241,DeShawn Stevenson,NA,SF,22,4,NBA,ORL,26,24,933,115,285,0.404,12,41,0.293,103,244,0.422,0.425,49,71,0.69,36,84,120,66,24,1,40,54,291
18878,2004,3242,DerMarr Johnson,NA,SF,23,3,NBA,NYK,21,1,287,36,97,0.371,13,36,0.361,23,61,0.377,0.438,28,31,0.903,5,34,39,11,8,7,16,32,113
18879,2004,3054,Derek Anderson,NA,SG,29,7,NBA,POR,51,46,1810,230,612,0.376,79,259,0.305,151,353,0.428,0.44,155,188,0.824,26,156,182,228,66,3,90,79,694
18880,2004,2979,Derek Fisher,NA,SG,29,8,NBA,LAL,82,3,1769,203,576,0.352,52,179,0.291,151,397,0.38,0.398,122,153,0.797,30,122,152,187,103,4,79,115,580
18881,2004,2580,Derrick Coleman,NA,C,36,14,NBA,PHI,34,30,843,107,259,0.413,8,36,0.222,99,223,0.444,0.429,49,65,0.754,45,147,192,46,23,26,57,79,271
18882,2004,3182,Derrick Dial,NA,SG,28,4,NBA,ORL,9,0,86,9,28,0.321,2,9,0.222,7,19,0.368,0.357,6,8,0.75,5,8,13,2,6,0,1,6,26
18883,2004,3443,Desmond Ferguson,NA,SF,26,1,NBA,POR,7,0,32,5,12,0.417,3,8,0.375,2,4,0.5,0.542,0,2,0,0,4,4,1,0,0,1,0,13
18884,2004,3243,Desmond Mason,NA,SF,26,4,NBA,MIL,82,31,2534,409,867,0.472,9,39,0.231,400,828,0.483,0.477,356,463,0.769,93,266,359,152,60,24,148,191,1183
18885,2004,3444,Desmond Penigar,NA,PF,22,1,NBA,ORL,10,0,89,14,28,0.5,0,0,NA,14,28,0.5,0.5,4,4,1,6,18,24,3,2,2,6,14,32
18886,2004,3183,Devean George,NA,SF,26,5,NBA,LAL,82,48,1951,233,571,0.408,65,186,0.349,168,385,0.436,0.465,73,96,0.76,87,245,332,112,81,38,88,189,604
18887,2004,3379,Devin Brown,NA,SG,25,2,NBA,SAS,58,0,627,85,196,0.434,4,14,0.286,81,182,0.445,0.444,60,74,0.811,38,92,130,33,15,4,38,61,234
18888,2004,2648,Dikembe Mutombo,NA,C,37,13,NBA,NYK,65,56,1494,141,295,0.478,0,0,NA,141,295,0.478,0.478,81,119,0.681,145,292,437,25,17,123,54,141,363
18889,2004,3184,Dion Glover,NA,SG,25,5,NBA,TOT,69,30,1643,230,589,0.39,40,119,0.336,190,470,0.404,0.424,120,156,0.769,58,208,266,130,50,19,102,123,620
18890,2004,3184,Dion Glover,NA,SG,25,5,NBA,ATL,55,26,1465,205,524,0.391,36,105,0.343,169,419,0.403,0.426,110,142,0.775,54,183,237,115,40,17,83,106,556
18891,2004,3184,Dion Glover,NA,SG,25,5,NBA,TOR,14,4,178,25,65,0.385,4,14,0.286,21,51,0.412,0.415,10,14,0.714,4,25,29,15,10,2,19,17,64
18892,2004,3116,Dirk Nowitzki,NA,C,25,6,NBA,DAL,77,77,2915,605,1310,0.462,99,290,0.341,506,1020,0.496,0.5,371,423,0.877,90,580,670,207,92,104,135,216,1680
18893,2004,3244,Donnell Harvey,NA,PF,23,4,NBA,TOT,60,8,783,89,201,0.443,0,3,0,89,198,0.449,0.443,61,83,0.735,48,116,164,21,24,27,45,129,239
18894,2004,3244,Donnell Harvey,NA,PF,23,4,NBA,ORL,24,1,345,36,89,0.404,0,3,0,36,86,0.419,0.404,26,39,0.667,29,43,72,8,10,11,22,44,98
18895,2004,3244,Donnell Harvey,NA,PF,23,4,NBA,PHO,36,7,438,53,112,0.473,0,0,NA,53,112,0.473,0.473,35,44,0.795,19,73,92,13,14,16,23,85,141
18896,2004,2853,Donyell Marshall,NA,PF,30,10,NBA,TOT,82,74,2988,470,1020,0.461,131,325,0.403,339,695,0.488,0.525,134,182,0.736,210,598,808,122,93,124,117,247,1205
18897,2004,2853,Donyell Marshall,NA,PF,30,10,NBA,CHI,16,8,408,57,136,0.419,11,27,0.407,46,109,0.422,0.46,14,20,0.7,28,71,99,28,13,20,22,47,139
18898,2004,2853,Donyell Marshall,NA,PF,30,10,NBA,TOR,66,66,2580,413,884,0.467,120,298,0.403,293,586,0.5,0.535,120,162,0.741,182,527,709,94,80,104,95,200,1066
18899,2004,2712,Doug Christie,NA,SG,33,12,NBA,SAC,82,82,2780,317,688,0.461,49,142,0.345,268,546,0.491,0.496,148,172,0.86,69,260,329,347,151,41,155,186,831
18900,2004,2713,Doug Overton,NA,PG,34,11,NBA,TOT,61,11,1033,99,245,0.404,3,23,0.13,96,222,0.432,0.41,23,31,0.742,16,70,86,138,26,2,58,89,224
18901,2004,2713,Doug Overton,NA,PG,34,11,NBA,NJN,6,0,22,3,8,0.375,0,0,NA,3,8,0.375,0.375,2,2,1,0,1,1,4,1,0,2,4,8
18902,2004,2713,Doug Overton,NA,PG,34,11,NBA,LAC,55,11,1011,96,237,0.405,3,23,0.13,93,214,0.435,0.411,21,29,0.724,16,69,85,134,25,2,56,85,216
18903,2004,3380,Drew Gooden,NA,PF,22,2,NBA,ORL,79,17,2134,369,829,0.445,9,42,0.214,360,787,0.457,0.451,167,262,0.637,160,356,516,89,62,72,126,196,914
18905,2004,3117,Earl Boykins,NA,SG,27,6,NBA,DEN,82,3,1849,321,766,0.419,55,171,0.322,266,595,0.447,0.455,142,162,0.877,42,101,143,295,51,3,100,84,839
18906,2004,3311,Earl Watson,NA,PG,24,3,NBA,MEM,81,14,1669,172,464,0.371,26,106,0.245,146,358,0.408,0.399,90,138,0.652,49,129,178,402,91,19,146,175,460
18907,2004,3246,Eddie Gill,NA,PG,25,3,NBA,POR,22,0,157,15,36,0.417,3,8,0.375,12,28,0.429,0.458,17,20,0.85,4,13,17,16,9,1,12,16,50
18908,2004,3247,Eddie House,NA,SG,25,4,NBA,LAC,60,10,1188,161,449,0.359,51,136,0.375,110,313,0.351,0.415,36,45,0.8,28,110,138,148,65,4,63,92,409
18909,2004,2855,Eddie Jones,NA,SG,32,10,NBA,MIA,81,81,2998,473,1156,0.409,177,479,0.37,296,677,0.437,0.486,278,333,0.835,38,270,308,258,92,34,129,226,1401
18910,2004,3185,Eddie Robinson,NA,SF,27,5,NBA,CHI,51,4,1024,157,326,0.482,1,5,0.2,156,321,0.486,0.483,28,43,0.651,27,77,104,58,33,10,45,57,343
18911,2004,3313,Eddy Curry,NA,PF,21,3,NBA,CHI,73,63,2154,417,840,0.496,1,1,1,416,839,0.496,0.497,235,350,0.671,143,308,451,68,24,83,177,258,1070
18912,2004,3248,Eduardo Nájera,NA,SF,27,4,NBA,DAL,58,7,720,72,162,0.444,2,4,0.5,70,158,0.443,0.451,30,46,0.652,67,89,156,25,35,19,29,90,176
18913,2004,2583,Elden Campbell,NA,C,35,14,NBA,DET,65,27,892,138,314,0.439,0,0,NA,138,314,0.439,0.439,85,124,0.685,52,157,209,45,21,50,63,137,361
18914,2004,3186,Elton Brand,NA,PF,24,5,NBA,LAC,69,68,2670,484,982,0.493,0,1,0,484,981,0.493,0.493,411,532,0.773,269,445,714,227,64,154,193,229,1379
18915,2004,2860,Eric Piatkowski,NA,SF,33,10,NBA,HOU,49,0,703,72,191,0.377,43,122,0.352,29,69,0.42,0.49,14,16,0.875,10,63,73,26,16,5,29,42,201
18916,2004,2919,Eric Snow,NA,PG,30,9,NBA,PHI,82,82,2966,295,715,0.413,2,18,0.111,293,697,0.42,0.414,252,316,0.797,62,219,281,563,97,6,187,213,844
18917,2004,2920,Eric Williams,NA,SF,31,9,NBA,TOT,71,36,1886,231,598,0.386,35,127,0.276,196,471,0.416,0.416,215,283,0.76,65,221,286,120,70,9,88,180,712
18918,2004,2920,Eric Williams,NA,SF,31,9,NBA,BOS,21,0,513,77,177,0.435,11,32,0.344,66,145,0.455,0.466,78,109,0.716,21,74,95,25,22,1,31,52,243
18919,2004,2920,Eric Williams,NA,SF,31,9,NBA,CLE,50,36,1373,154,421,0.366,24,95,0.253,130,326,0.399,0.394,137,174,0.787,44,147,191,95,48,8,57,128,469
18920,2004,2984,Erick Dampier,NA,C,28,8,NBA,GSW,74,74,2403,348,650,0.535,0,2,0,348,648,0.537,0.535,217,332,0.654,344,543,887,60,33,137,131,227,913
18921,2004,2985,Erick Strickland,NA,PG,30,8,NBA,MIL,43,0,571,79,196,0.403,29,66,0.439,50,130,0.385,0.477,44,51,0.863,13,58,71,90,26,2,54,63,231
18922,2004,2791,Ervin Johnson,NA,C,36,11,NBA,MIN,66,47,965,55,103,0.534,0,1,0,55,102,0.539,0.534,17,28,0.607,61,171,232,24,27,43,30,156,127
18923,2004,3315,Etan Thomas,NA,C,25,3,NBA,WAS,79,15,1901,257,526,0.489,0,0,NA,257,526,0.489,0.489,191,295,0.647,183,345,528,68,36,123,113,219,705
18924,2004,3446,Francisco Elson,NA,C,27,1,NBA,DEN,62,14,875,94,199,0.472,0,1,0,94,198,0.475,0.472,30,45,0.667,65,138,203,32,35,39,35,145,218
18925,2004,3382,Frank Williams,NA,PG,23,2,NBA,NYK,56,3,714,80,208,0.385,18,60,0.3,62,148,0.419,0.428,41,48,0.854,8,45,53,121,25,6,63,58,219
18926,2004,2922,Fred Hoiberg,NA,SG,31,9,NBA,MIN,79,3,1804,178,383,0.465,76,172,0.442,102,211,0.483,0.564,98,116,0.845,21,247,268,109,66,10,44,136,530
18927,2004,3383,Fred Jones,NA,SG,24,2,NBA,IND,81,2,1508,123,311,0.395,27,89,0.303,96,222,0.432,0.439,124,149,0.832,25,101,126,173,65,18,73,132,397
18928,2004,2585,Gary Payton,NA,PG,35,14,NBA,LAL,82,82,2825,482,1024,0.471,55,165,0.333,427,859,0.497,0.498,180,252,0.714,72,270,342,449,96,19,151,169,1199
18929,2004,2923,Gary Trent,NA,C,29,9,NBA,MIN,68,2,1025,155,328,0.473,0,6,0,155,322,0.481,0.473,69,91,0.758,83,133,216,49,12,17,54,129,379
18930,2004,2795,George Lynch,NA,SF,33,11,NBA,NOH,78,51,1701,149,375,0.397,43,139,0.309,106,236,0.449,0.455,34,51,0.667,96,216,312,117,48,18,64,159,375
18931,2004,3316,Gerald Wallace,NA,SF,21,3,NBA,SAC,37,1,337,32,89,0.36,0,2,0,32,87,0.368,0.36,11,24,0.458,35,39,74,19,14,14,8,37,75
18932,2004,3317,Gilbert Arenas,NA,PG,22,3,NBA,WAS,55,52,2066,358,914,0.392,125,333,0.375,233,581,0.401,0.46,237,317,0.748,55,199,254,275,103,12,226,176,1078
18933,2004,2509,Glen Rice,NA,SF,36,15,NBA,LAC,18,0,262,22,76,0.289,5,28,0.179,17,48,0.354,0.322,17,17,1,9,32,41,24,6,0,13,22,66
18934,2004,2862,Glenn Robinson,NA,SF,31,10,NBA,PHI,42,42,1336,275,614,0.448,34,100,0.34,241,514,0.469,0.476,114,137,0.832,46,143,189,57,42,9,106,96,698
18935,2004,3384,Gordan Giriček,NA,SF-SG,26,2,NBA,TOT,73,43,2041,316,724,0.436,60,152,0.395,256,572,0.448,0.478,135,158,0.854,51,175,226,122,56,15,103,144,827
18936,2004,3384,Gordan Giriček,NA,SF,26,2,NBA,ORL,48,25,1435,188,427,0.44,46,113,0.407,142,314,0.452,0.494,67,81,0.827,37,127,164,80,41,10,63,98,489
18937,2004,3384,Gordan Giriček,NA,SG,26,2,NBA,UTA,25,18,606,128,297,0.431,14,39,0.359,114,258,0.442,0.455,68,77,0.883,14,48,62,42,15,5,40,46,338
18938,2004,3188,Greg Buckner,NA,SG,27,5,NBA,PHI,53,3,703,66,175,0.377,12,44,0.273,54,131,0.412,0.411,20,27,0.741,28,75,103,45,21,4,34,77,164
18939,2004,2925,Greg Ostertag,NA,C,30,9,NBA,UTA,78,51,2153,208,437,0.476,0,1,0,208,436,0.477,0.476,113,195,0.579,221,357,578,123,30,139,99,228,529
18940,2004,3252,Hedo Türkoğlu,NA,SF,24,4,NBA,SAS,80,44,2073,262,645,0.406,101,241,0.419,161,404,0.399,0.484,114,161,0.708,52,306,358,154,80,32,94,165,739
18941,2004,3447,Hiram Fuller,NA,PF,22,1,NBA,ATL,4,0,43,3,8,0.375,0,0,NA,3,8,0.375,0.375,2,6,0.333,4,7,11,2,0,1,4,5,8
18942,2004,2361,Horace Grant,NA,PF,38,17,NBA,LAL,55,10,1106,92,224,0.411,0,1,0,92,223,0.413,0.411,39,54,0.722,79,154,233,71,24,21,29,70,223
18943,2004,2865,Howard Eisley,NA,PG,31,10,NBA,TOT,67,23,1457,166,451,0.368,52,163,0.319,114,288,0.396,0.426,76,89,0.854,20,109,129,273,56,5,98,137,460
18944,2004,2865,Howard Eisley,NA,PG,31,10,NBA,NYK,33,23,730,80,202,0.396,28,85,0.329,52,117,0.444,0.465,32,36,0.889,7,59,66,156,30,3,50,85,220
18945,2004,2865,Howard Eisley,NA,PG,31,10,NBA,PHO,34,0,727,86,249,0.345,24,78,0.308,62,171,0.363,0.394,44,53,0.83,13,50,63,117,26,2,48,52,240
18946,2004,2719,Hubert Davis,NA,SG,33,12,NBA,TOT,17,0,78,1,11,0.091,0,1,0,1,10,0.1,0.091,2,2,1,2,6,8,4,2,0,3,12,4
18947,2004,2719,Hubert Davis,NA,SG,33,12,NBA,DET,3,0,23,0,2,0,0,1,0,0,1,0,0,0,0,NA,0,0,0,1,0,0,1,4,0
18948,2004,2719,Hubert Davis,NA,SG,33,12,NBA,NJN,14,0,55,1,9,0.111,0,0,NA,1,9,0.111,0.111,2,2,1,2,6,8,3,2,0,2,8,4
18949,2004,3448,Ime Udoka,NA,SF,26,1,NBA,LAL,4,0,28,3,9,0.333,0,1,0,3,8,0.375,0.333,2,4,0.5,1,4,5,2,2,1,3,3,8
18950,2004,3253,Ira Newble,NA,SF,29,4,NBA,CLE,64,25,1245,108,276,0.391,2,19,0.105,106,257,0.412,0.395,36,46,0.783,65,90,155,72,25,19,54,109,254
18951,2004,3387,J.R. Bremer,NA,PG,23,2,NBA,TOT,36,2,443,43,158,0.272,19,74,0.257,24,84,0.286,0.332,13,20,0.65,9,27,36,51,18,4,24,32,118
18952,2004,3387,J.R. Bremer,NA,PG,23,2,NBA,CLE,31,2,403,39,137,0.285,19,66,0.288,20,71,0.282,0.354,13,20,0.65,7,26,33,39,18,4,19,27,110
18953,2004,3387,J.R. Bremer,NA,PG,23,2,NBA,GSW,5,0,40,4,21,0.19,0,8,0,4,13,0.308,0.19,0,0,NA,2,1,3,12,0,0,5,5,8
18954,2004,3254,Jabari Smith,NA,C,26,3,NBA,SAC,31,0,168,26,70,0.371,0,3,0,26,67,0.388,0.371,12,20,0.6,11,20,31,11,2,6,7,25,64
18955,2004,3063,Jacque Vaughn,NA,PG,28,7,NBA,ATL,71,6,1271,107,277,0.386,3,20,0.15,104,257,0.405,0.392,53,68,0.779,12,104,116,195,44,2,84,126,270
18956,2004,3122,Jahidi White,NA,C,27,6,NBA,TOT,62,17,865,99,190,0.521,0,0,NA,99,190,0.521,0.521,63,126,0.5,97,164,261,7,25,51,66,176,261
18957,2004,3122,Jahidi White,NA,C,27,6,NBA,WAS,1,0,4,0,1,0,0,0,NA,0,1,0,0,0,0,NA,0,0,0,0,0,1,1,0,0
18958,2004,3122,Jahidi White,NA,C,27,6,NBA,PHO,61,17,861,99,189,0.524,0,0,NA,99,189,0.524,0.524,63,126,0.5,97,164,261,7,25,50,65,176,261
18959,2004,3255,Jake Tsakalidis,NA,C,24,4,NBA,MEM,40,28,533,67,133,0.504,0,0,NA,67,133,0.504,0.504,36,61,0.59,37,91,128,18,9,22,23,79,170
18960,2004,3256,Jake Voskuhl,NA,C,26,4,NBA,PHO,66,43,1606,152,300,0.507,0,0,NA,152,300,0.507,0.507,134,181,0.74,123,220,343,57,42,25,77,258,438
18961,2004,2867,Jalen Rose,NA,PG-SF,31,10,NBA,TOT,66,64,2497,383,952,0.402,69,202,0.342,314,750,0.419,0.439,187,231,0.81,34,232,266,329,51,22,208,184,1022
18962,2004,2867,Jalen Rose,NA,SF,31,10,NBA,CHI,16,14,529,75,200,0.375,23,54,0.426,52,146,0.356,0.433,39,51,0.765,7,57,64,56,12,4,37,45,212
18963,2004,2867,Jalen Rose,NA,PG,31,10,NBA,TOR,50,50,1968,308,752,0.41,46,148,0.311,262,604,0.434,0.44,148,180,0.822,27,175,202,273,39,18,171,139,810
18964,2004,3257,Jamaal Magloire,NA,C,25,4,NBA,NOH,82,82,2777,383,809,0.473,0,1,0,383,808,0.474,0.473,353,470,0.751,268,579,847,86,43,101,201,278,1119
18965,2004,3319,Jamaal Tinsley,NA,PG,25,3,NBA,IND,52,43,1378,153,370,0.414,77,207,0.372,76,163,0.466,0.518,49,67,0.731,28,108,136,303,84,17,110,132,432
18966,2004,3258,Jamal Crawford,NA,SG,23,4,NBA,CHI,80,73,2811,509,1318,0.386,165,521,0.317,344,797,0.432,0.449,200,240,0.833,46,237,283,405,111,29,193,161,1383
18967,2004,2801,Jamal Mashburn,NA,SF,31,11,NBA,NOH,19,18,730,156,398,0.392,19,67,0.284,137,331,0.414,0.416,65,80,0.813,19,98,117,47,14,5,37,42,396
18968,2004,3388,Jamal Sampson,NA,C,20,2,NBA,LAL,10,2,130,11,23,0.478,0,0,NA,11,23,0.478,0.478,7,12,0.583,23,29,52,7,2,4,6,16,29
18969,2004,3449,James Jones,NA,SF,23,1,NBA,IND,6,0,26,2,9,0.222,1,4,0.25,1,5,0.2,0.278,2,2,1,0,2,2,0,1,0,0,1,7
18970,2004,3192,James Posey,NA,SG,27,5,NBA,MEM,82,82,2451,368,770,0.478,112,290,0.386,256,480,0.533,0.551,278,335,0.83,92,311,403,122,137,40,112,248,1126
18971,2004,3320,Jamison Brewer,NA,PG,23,3,NBA,IND,13,1,160,13,35,0.371,5,14,0.357,8,21,0.381,0.443,1,6,0.167,2,9,11,17,7,0,10,9,32
18972,2004,3389,Jannero Pargo,NA,PG,24,2,NBA,TOT,31,1,479,81,199,0.407,22,62,0.355,59,137,0.431,0.462,23,27,0.852,8,29,37,70,13,6,47,50,207
18973,2004,3389,Jannero Pargo,NA,PG,24,2,NBA,LAL,13,0,63,6,16,0.375,2,4,0.5,4,12,0.333,0.438,0,0,NA,0,6,6,11,2,0,12,5,14
18974,2004,3389,Jannero Pargo,NA,PG,24,2,NBA,TOR,5,0,71,9,29,0.31,0,5,0,9,24,0.375,0.31,0,0,NA,0,4,4,12,4,1,5,7,18
18975,2004,3389,Jannero Pargo,NA,PG,24,2,NBA,CHI,13,1,345,66,154,0.429,20,53,0.377,46,101,0.455,0.494,23,27,0.852,8,19,27,47,7,5,30,38,175
18976,2004,3390,Jared Jeffries,NA,PF,22,2,NBA,WAS,82,38,1913,177,469,0.377,5,30,0.167,172,439,0.392,0.383,105,171,0.614,180,244,424,93,48,28,107,212,464
18977,2004,3321,Jarron Collins,NA,C,25,3,NBA,UTA,81,31,1732,147,295,0.498,0,1,0,147,294,0.5,0.498,188,262,0.718,117,199,316,77,26,18,79,255,482
18978,2004,3450,Jarvis Hayes,NA,SF,22,1,NBA,WAS,70,42,2044,278,695,0.4,40,131,0.305,238,564,0.422,0.429,77,98,0.786,71,193,264,106,71,11,110,157,673
18979,2004,3260,Jason Collier,NA,C,26,4,NBA,ATL,20,16,545,79,165,0.479,1,4,0.25,78,161,0.484,0.482,67,85,0.788,36,75,111,17,11,11,31,71,226
18980,2004,3322,Jason Collins,NA,C,25,3,NBA,NJN,78,78,2220,163,384,0.424,0,2,0,163,382,0.427,0.424,136,184,0.739,143,257,400,153,67,56,97,251,462
18981,2004,3261,Jason Hart,NA,PG,25,3,NBA,SAS,53,5,660,71,159,0.447,2,9,0.222,69,150,0.46,0.453,33,43,0.767,10,69,79,81,28,5,29,59,177
18982,2004,3451,Jason Kapono,NA,SF,22,1,NBA,CLE,41,3,427,52,129,0.403,21,44,0.477,31,85,0.365,0.484,20,24,0.833,19,36,55,14,13,2,21,41,145
18983,2004,2870,Jason Kidd,NA,PG,30,10,NBA,NJN,67,66,2450,368,959,0.384,94,293,0.321,274,666,0.411,0.433,206,249,0.827,85,343,428,618,122,14,214,110,1036
18984,2004,3323,Jason Richardson,NA,SG,23,3,NBA,GSW,78,78,2936,563,1284,0.438,77,273,0.282,486,1011,0.481,0.468,258,377,0.684,124,400,524,226,86,41,196,182,1461
18985,2004,3194,Jason Terry,NA,PG,26,5,NBA,ATL,81,78,3018,499,1196,0.417,146,421,0.347,353,775,0.455,0.478,215,260,0.827,49,287,336,437,124,16,229,192,1359
18986,2004,3123,Jason Williams,NA,PG,28,6,NBA,MEM,72,68,2115,290,713,0.407,120,364,0.33,170,349,0.487,0.491,82,98,0.837,25,122,147,492,92,5,136,97,782
18987,2004,3195,Jeff Foster,NA,C,27,5,NBA,IND,82,79,1961,197,362,0.544,0,4,0,197,358,0.55,0.544,103,154,0.669,248,362,610,64,71,27,60,189,497
18988,2004,2992,Jeff McInnis,NA,SG-PG,29,7,NBA,TOT,70,57,2365,334,747,0.447,46,127,0.362,288,620,0.465,0.478,114,143,0.797,33,143,176,430,72,6,120,163,828
18989,2004,2992,Jeff McInnis,NA,SG,29,7,NBA,POR,39,26,1269,196,416,0.471,15,47,0.319,181,369,0.491,0.489,58,76,0.763,16,78,94,196,36,2,61,94,465
18990,2004,2992,Jeff McInnis,NA,PG,29,7,NBA,CLE,31,31,1096,138,331,0.417,31,80,0.388,107,251,0.426,0.464,56,67,0.836,17,65,82,234,36,4,59,69,363
18991,2004,3324,Jeff Trepagnier,NA,SG,24,3,NBA,DEN,11,0,96,10,38,0.263,2,4,0.5,8,34,0.235,0.289,3,6,0.5,6,9,15,4,3,0,6,7,25
18992,2004,3125,Jelani McCoy,NA,C,26,6,NBA,CLE,2,0,12,0,0,NA,0,0,NA,0,0,NA,NA,0,0,NA,1,3,4,0,0,0,1,4,0
18993,2004,2993,Jermaine O'Neal,NA,PF,25,8,NBA,IND,78,78,2788,608,1400,0.434,2,18,0.111,606,1382,0.438,0.435,348,460,0.757,193,585,778,164,59,199,181,248,1566
18994,2004,3452,Jerome Beasley,NA,PF,23,1,NBA,MIA,2,0,5,1,3,0.333,0,0,NA,1,3,0.333,0.333,0,0,NA,0,1,1,0,0,0,0,0,2
18995,2004,3126,Jerome James,NA,C,28,4,NBA,SEA,65,24,990,129,259,0.498,0,0,NA,129,259,0.498,0.498,66,100,0.66,78,152,230,32,20,60,82,180,324
18996,2004,2994,Jerome Williams,NA,PF,30,8,NBA,TOT,68,44,1637,158,336,0.47,0,8,0,158,328,0.482,0.47,106,155,0.684,177,298,475,72,90,8,74,134,422
18997,2004,2994,Jerome Williams,NA,PF,30,8,NBA,TOR,15,12,407,28,57,0.491,0,1,0,28,56,0.5,0.491,21,29,0.724,35,93,128,11,19,3,23,30,77
18998,2004,2994,Jerome Williams,NA,PF,30,8,NBA,CHI,53,32,1230,130,279,0.466,0,7,0,130,272,0.478,0.466,85,126,0.675,142,205,347,61,71,5,51,104,345
18999,2004,2930,Jerry Stackhouse,NA,SF,29,9,NBA,WAS,26,17,774,128,321,0.399,23,65,0.354,105,256,0.41,0.435,83,103,0.806,16,78,94,103,24,3,88,49,362
19000,2004,2722,Jim Jackson,NA,SF,33,12,NBA,HOU,80,80,3119,382,900,0.424,162,405,0.4,220,495,0.444,0.514,107,127,0.843,52,435,487,226,86,23,175,227,1033
19001,2004,3392,Jiří Welsch,NA,SG,24,2,NBA,BOS,81,68,2179,262,612,0.428,69,181,0.381,193,431,0.448,0.484,153,206,0.743,60,236,296,183,101,7,129,176,746
19002,2004,3327,Joe Johnson,NA,SG,22,3,NBA,PHO,82,77,3331,555,1291,0.43,83,272,0.305,472,1019,0.463,0.462,174,232,0.75,80,305,385,362,93,26,199,177,1367
19003,2004,2932,Joe Smith,NA,PF,28,9,NBA,MIL,76,76,2254,311,708,0.439,1,5,0.2,310,703,0.441,0.44,207,241,0.859,230,413,643,78,47,94,82,209,830
19004,2004,3262,Joel Przybilla,NA,C,24,4,NBA,TOT,17,12,347,18,50,0.36,0,0,NA,18,50,0.36,0.36,13,31,0.419,32,79,111,7,5,17,18,53,49
19005,2004,3262,Joel Przybilla,NA,C,24,4,NBA,MIL,5,0,33,0,0,NA,0,0,NA,0,0,NA,NA,1,2,0.5,1,9,10,3,0,0,2,5,1
19006,2004,3262,Joel Przybilla,NA,C,24,4,NBA,ATL,12,12,314,18,50,0.36,0,0,NA,18,50,0.36,0.36,12,29,0.414,31,70,101,4,5,17,16,48,48
19007,2004,3393,John Salmons,NA,SG,24,2,NBA,PHI,77,24,1603,161,416,0.387,50,147,0.34,111,269,0.413,0.447,71,92,0.772,38,158,196,134,62,16,77,122,443
19008,2004,2997,John Wallace,NA,SF,29,7,NBA,MIA,37,0,368,61,145,0.421,5,13,0.385,56,132,0.424,0.438,31,40,0.775,12,47,59,14,5,8,24,38,158
19009,2004,2726,Jon Barry,NA,SG,34,12,NBA,DEN,57,9,1101,120,297,0.404,51,138,0.37,69,159,0.434,0.49,60,71,0.845,25,98,123,147,57,8,53,66,351
19010,2004,3198,Jonathan Bender,NA,SF,23,5,NBA,IND,21,0,271,50,106,0.472,9,22,0.409,41,84,0.488,0.514,39,47,0.83,9,31,40,9,5,11,33,23,148
19011,2004,3453,Josh Davis,NA,PF,23,1,NBA,ATL,4,1,23,2,5,0.4,0,2,0,2,3,0.667,0.4,1,1,1,1,4,5,0,0,0,2,3,5
19012,2004,3454,Josh Howard,NA,SF,23,1,NBA,DAL,67,29,1589,229,532,0.43,20,66,0.303,209,466,0.448,0.449,97,138,0.703,149,219,368,97,69,54,67,168,575
19013,2004,3394,Juan Dixon,NA,SG,25,2,NBA,WAS,71,16,1478,247,637,0.388,59,198,0.298,188,439,0.428,0.434,111,139,0.799,30,118,148,137,82,4,104,111,664
19014,2004,3199,Jumaine Jones,NA,SG,24,5,NBA,BOS,42,2,373,33,96,0.344,13,44,0.295,20,52,0.385,0.411,14,23,0.609,24,44,68,14,12,9,19,48,93
19015,2004,2874,Juwan Howard,NA,PF,30,10,NBA,ORL,81,77,2877,529,1169,0.453,0,1,0,529,1168,0.453,0.453,318,393,0.809,171,399,570,158,54,22,178,284,1376
19016,2004,3263,Jérôme Moïso,NA,PF,25,4,NBA,TOR,35,1,417,40,84,0.476,0,1,0,40,83,0.482,0.476,22,38,0.579,41,72,113,8,17,12,25,42,102
19017,2004,3455,Kaniel Dickens,NA,PF,25,1,NBA,POR,3,0,12,3,3,1,0,0,NA,3,3,1,1,1,2,0.5,2,0,2,0,0,0,1,3,7
19018,2004,3397,Kareem Rush,NA,SG,23,2,NBA,LAL,72,15,1244,190,432,0.44,48,138,0.348,142,294,0.483,0.495,31,52,0.596,20,77,97,59,33,20,48,109,459
19019,2004,2252,Karl Malone,NA,PF,40,19,NBA,LAL,42,42,1373,193,400,0.483,0,1,0,193,399,0.484,0.483,168,225,0.747,61,306,367,163,50,20,103,116,554
19020,2004,3329,Kedrick Brown,NA,SF,22,3,NBA,TOT,55,26,969,117,254,0.461,38,99,0.384,79,155,0.51,0.535,17,27,0.63,41,105,146,64,30,7,29,80,289
19021,2004,3329,Kedrick Brown,NA,SF,22,3,NBA,BOS,21,10,408,45,99,0.455,12,32,0.375,33,67,0.493,0.515,8,13,0.615,18,50,68,25,17,2,12,38,110
19022,2004,3329,Kedrick Brown,NA,SF,22,3,NBA,CLE,34,16,561,72,155,0.465,26,67,0.388,46,88,0.523,0.548,9,14,0.643,23,55,78,39,13,5,17,42,179
19023,2004,3456,Keith Bogans,NA,SF,23,1,NBA,ORL,73,36,1787,183,454,0.403,67,187,0.358,116,267,0.434,0.477,65,103,0.631,106,211,317,98,46,10,75,128,498
19024,2004,3457,Keith McLeod,NA,PG,24,1,NBA,MIN,33,0,391,27,82,0.329,1,10,0.1,26,72,0.361,0.335,33,43,0.767,5,29,34,59,16,1,29,39,88
19025,2004,3074,Keith Van Horn,NA,SF,28,7,NBA,TOT,72,62,2340,410,903,0.454,93,233,0.399,317,670,0.473,0.506,249,290,0.859,149,352,501,120,68,33,169,215,1162
19026,2004,3074,Keith Van Horn,NA,SF,28,7,NBA,NYK,47,47,1574,273,613,0.445,60,161,0.373,213,452,0.471,0.494,163,199,0.819,98,245,343,83,52,18,119,151,769
19027,2004,3074,Keith Van Horn,NA,SF,28,7,NBA,MIL,25,15,766,137,290,0.472,33,72,0.458,104,218,0.477,0.529,86,91,0.945,51,107,158,37,16,15,50,64,393
19028,2004,3075,Kelvin Cato,NA,PF,29,7,NBA,HOU,69,67,1743,161,360,0.447,0,0,NA,161,360,0.447,0.447,96,142,0.676,153,319,472,72,52,96,84,203,418
19029,2004,2598,Kendall Gill,NA,SG,35,14,NBA,CHI,56,35,1411,215,548,0.392,9,38,0.237,206,510,0.404,0.401,100,136,0.735,61,129,190,89,65,16,83,107,539
19030,2004,3458,Kendrick Perkins,NA,C,19,1,NBA,BOS,10,0,35,8,15,0.533,0,0,NA,8,15,0.533,0.533,6,9,0.667,5,9,14,3,0,2,5,6,22
19031,2004,2661,Kenny Anderson,NA,PG,33,13,NBA,IND,44,31,905,113,256,0.441,1,4,0.25,112,252,0.444,0.443,35,48,0.729,19,62,81,125,26,5,50,73,262
19032,2004,3200,Kenny Thomas,NA,PF,26,5,NBA,PHI,74,72,2699,381,813,0.469,1,5,0.2,380,808,0.47,0.469,243,323,0.752,261,489,750,111,82,33,172,219,1006
19033,2004,3264,Kenyon Martin,NA,PF,26,4,NBA,NJN,65,62,2252,439,900,0.488,7,25,0.28,432,875,0.494,0.492,201,294,0.684,133,484,617,160,95,82,168,230,1086
19034,2004,3129,Keon Clark,NA,PF,28,6,NBA,UTA,2,0,27,2,6,0.333,0,0,NA,2,6,0.333,0.333,0,0,NA,1,6,7,1,1,0,0,1,4
19035,2004,2998,Kerry Kittles,NA,SG,29,7,NBA,NJN,82,82,2842,434,959,0.453,97,276,0.351,337,683,0.493,0.503,107,136,0.787,56,271,327,206,125,40,95,144,1072
19036,2004,2936,Kevin Garnett,NA,PF,27,9,NBA,MIN,82,82,3231,804,1611,0.499,11,43,0.256,793,1568,0.506,0.502,368,465,0.791,245,894,1139,409,120,178,212,202,1987
19037,2004,3076,Kevin Ollie,NA,PG,31,7,NBA,CLE,82,7,1401,95,257,0.37,4,9,0.444,91,248,0.367,0.377,147,176,0.835,23,147,170,234,51,8,81,119,341
19038,2004,2187,Kevin Willis,NA,C,41,19,NBA,SAS,48,0,373,70,150,0.467,0,1,0,70,149,0.47,0.467,24,39,0.615,37,61,98,11,21,9,32,61,164
19039,2004,3265,Keyon Dooling,NA,PG,23,4,NBA,LAC,58,24,1137,137,352,0.389,8,46,0.174,129,306,0.422,0.401,78,94,0.83,17,62,79,130,45,6,65,108,360
19040,2004,3459,Kirk Hinrich,NA,PG,23,1,NBA,CHI,76,66,2706,318,823,0.386,144,369,0.39,174,454,0.383,0.474,135,168,0.804,42,217,259,517,101,21,204,276,915
19041,2004,3460,Kirk Penney,NA,SG,23,1,NBA,MIA,2,0,18,1,6,0.167,1,3,0.333,0,3,0,0.25,0,0,NA,0,1,1,1,1,0,3,1,3
19042,2004,3000,Kobe Bryant,NA,SG,25,8,NBA,LAL,65,64,2447,516,1178,0.438,71,217,0.327,445,961,0.463,0.468,454,533,0.852,103,256,359,330,112,28,171,176,1557
19043,2004,2937,Kurt Thomas,NA,PF,31,9,NBA,NYK,80,75,2548,392,829,0.473,0,3,0,392,826,0.475,0.473,106,127,0.835,145,517,662,149,56,80,132,298,890
19044,2004,3332,Kwame Brown,NA,PF,21,3,NBA,WAS,74,57,2239,288,589,0.489,1,2,0.5,287,587,0.489,0.49,228,334,0.683,178,372,550,112,66,52,140,144,805
19045,2004,3461,Kyle Korver,NA,SF,22,1,NBA,PHI,74,0,882,115,327,0.352,81,207,0.391,34,120,0.283,0.476,19,24,0.792,30,81,111,40,25,8,41,102,330
19046,2004,3201,Lamar Odom,NA,PF,24,5,NBA,MIA,80,80,3003,485,1127,0.43,61,205,0.298,424,922,0.46,0.457,340,458,0.742,160,616,776,327,85,71,236,273,1371
19047,2004,2876,Lamond Murray,NA,SF,30,9,NBA,TOR,33,4,518,76,215,0.353,21,60,0.35,55,155,0.355,0.402,24,35,0.686,14,76,90,28,15,7,38,47,197
19048,2004,3132,Larry Hughes,NA,SG,25,6,NBA,WAS,61,61,2061,401,1009,0.397,79,232,0.341,322,777,0.414,0.437,267,335,0.797,96,230,326,148,95,26,152,147,1148
19049,2004,2729,Latrell Sprewell,NA,SF,33,12,NBA,MIN,82,82,3100,518,1266,0.409,99,299,0.331,419,967,0.433,0.448,240,295,0.814,56,254,310,286,88,21,158,101,1375
19050,2004,3462,LeBron James,NA,SG,19,1,NBA,CLE,79,79,3122,622,1492,0.417,63,217,0.29,559,1275,0.438,0.438,347,460,0.754,99,333,432,465,130,58,273,149,1654
19051,2004,3463,Leandro Barbosa,NA,PG,21,1,NBA,PHO,70,46,1500,210,470,0.447,83,210,0.395,127,260,0.488,0.535,47,61,0.77,23,100,123,165,93,7,120,184,550
19052,2004,3268,Lee Nailon,NA,PF-SF,28,4,NBA,TOT,57,4,780,147,327,0.45,0,3,0,147,324,0.454,0.45,47,58,0.81,64,79,143,38,15,8,45,93,341
19053,2004,3268,Lee Nailon,NA,PF,28,4,NBA,ATL,27,0,300,63,138,0.457,0,0,NA,63,138,0.457,0.457,16,19,0.842,26,37,63,17,10,7,24,48,142
19054,2004,3268,Lee Nailon,NA,SF,28,4,NBA,ORL,8,0,83,11,27,0.407,0,0,NA,11,27,0.407,0.407,7,9,0.778,8,6,14,4,1,0,0,9,29
19055,2004,3268,Lee Nailon,NA,SF,28,4,NBA,CLE,22,4,397,73,162,0.451,0,3,0,73,159,0.459,0.451,24,30,0.8,30,36,66,17,4,1,21,36,170
19056,2004,3333,Leon Smith,NA,C,23,2,NBA,SEA,1,0,4,1,2,0.5,0,0,NA,1,2,0.5,0.5,0,0,NA,1,1,2,0,0,0,0,1,2
19057,2004,2806,Lindsey Hunter,NA,SG,33,11,NBA,DET,33,8,661,49,143,0.343,14,50,0.28,35,93,0.376,0.392,5,8,0.625,13,54,67,85,39,6,34,45,117
19058,2004,3464,Linton Johnson,NA,SF,23,1,NBA,CHI,41,20,734,72,203,0.355,7,33,0.212,65,170,0.382,0.372,22,37,0.595,59,124,183,27,37,32,37,90,173
19059,2004,3399,Lonny Baxter,NA,C-PF,25,2,NBA,TOT,62,5,766,103,209,0.493,1,3,0.333,102,206,0.495,0.495,44,76,0.579,64,123,187,20,17,29,38,123,251
19060,2004,3399,Lonny Baxter,NA,PF,25,2,NBA,CHI,14,1,147,27,49,0.551,1,1,1,26,48,0.542,0.561,5,8,0.625,11,24,35,5,1,6,11,31,60
19061,2004,3399,Lonny Baxter,NA,C,25,2,NBA,TOR,36,4,487,60,128,0.469,0,1,0,60,127,0.472,0.469,30,56,0.536,42,79,121,10,14,18,22,69,150
19062,2004,3399,Lonny Baxter,NA,PF,25,2,NBA,WAS,12,0,132,16,32,0.5,0,1,0,16,31,0.516,0.5,9,12,0.75,11,20,31,5,2,5,5,23,41
19063,2004,3334,Loren Woods,NA,C,25,3,NBA,MIA,38,2,506,44,96,0.458,0,0,NA,44,96,0.458,0.458,33,55,0.6,65,69,134,10,11,19,26,52,121
19064,2004,3001,Lorenzen Wright,NA,C,28,8,NBA,MEM,65,46,1674,257,586,0.439,0,5,0,257,581,0.442,0.439,96,131,0.733,144,301,445,71,45,58,77,192,610
19065,2004,2807,Lucious Harris,NA,PG,33,11,NBA,NJN,69,15,1504,187,463,0.404,38,101,0.376,149,362,0.412,0.445,66,78,0.846,39,101,140,135,41,2,53,74,478
19066,2004,3465,Luke Ridnour,NA,PG,22,1,NBA,SEA,69,6,1114,145,350,0.414,27,80,0.338,118,270,0.437,0.453,65,79,0.823,35,73,108,163,52,7,80,105,382
19067,2004,3466,Luke Walton,NA,PF,23,1,NBA,LAL,72,2,730,65,153,0.425,13,39,0.333,52,114,0.456,0.467,31,44,0.705,39,88,127,113,28,8,44,70,174
19068,2004,3467,Maciej Lampe,NA,C,18,1,NBA,PHO,21,0,224,43,88,0.489,0,4,0,43,84,0.512,0.489,10,13,0.769,9,35,44,9,3,3,15,28,96
19069,2004,3335,Malik Allen,NA,PF,25,3,NBA,MIA,45,6,616,83,198,0.419,0,0,NA,83,198,0.419,0.419,25,33,0.758,42,77,119,16,12,28,27,81,191
19070,2004,3002,Malik Rose,NA,PF,29,8,NBA,SAS,67,13,1256,173,404,0.428,0,3,0,173,401,0.431,0.428,183,225,0.813,110,210,320,69,36,24,112,164,529
19071,2004,3269,Mamadou N'Diaye,NA,C,28,4,NBA,TOT,28,1,366,27,69,0.391,0,0,NA,27,69,0.391,0.391,44,59,0.746,43,69,112,0,8,25,18,59,98
19072,2004,3269,Mamadou N'Diaye,NA,C,28,4,NBA,DAL,3,0,7,0,1,0,0,0,NA,0,1,0,0,0,0,NA,0,1,1,0,0,1,1,1,0
19073,2004,3269,Mamadou N'Diaye,NA,C,28,4,NBA,ATL,25,1,359,27,68,0.397,0,0,NA,27,68,0.397,0.397,44,59,0.746,43,68,111,0,8,24,17,58,98
19074,2004,3401,Manu Ginóbili,NA,SG,26,2,NBA,SAS,77,38,2260,330,789,0.418,88,245,0.359,242,544,0.445,0.474,239,298,0.802,86,258,344,291,136,16,161,181,987
19075,2004,3270,Marc Jackson,NA,PF,29,4,NBA,PHI,22,13,598,71,171,0.415,0,1,0,71,170,0.418,0.415,64,81,0.79,45,81,126,18,12,6,24,45,206
19076,2004,3468,Marcus Banks,NA,PG,22,1,NBA,BOS,81,2,1385,177,442,0.4,27,86,0.314,150,356,0.421,0.431,99,131,0.756,30,103,133,175,88,13,125,171,480
19077,2004,3004,Marcus Camby,NA,C,29,8,NBA,DEN,72,72,2162,262,549,0.477,0,2,0,262,547,0.479,0.477,98,136,0.721,211,516,727,132,86,187,98,239,622
19078,2004,3271,Marcus Fizer,NA,SF,25,4,NBA,CHI,46,2,738,134,350,0.383,2,17,0.118,132,333,0.396,0.386,90,120,0.75,61,141,202,43,16,8,51,97,360
19079,2004,3402,Marcus Haislip,NA,PF,23,2,NBA,MIL,31,0,263,36,74,0.486,1,2,0.5,35,72,0.486,0.493,20,28,0.714,21,32,53,4,6,12,9,25,93
19080,2004,3272,Mark Blount,NA,C,28,4,NBA,BOS,82,73,2402,342,604,0.566,0,0,NA,342,604,0.566,0.566,159,221,0.719,207,382,589,75,80,106,150,253,843
19081,2004,2373,Mark Jackson,NA,PG,38,17,NBA,HOU,42,3,577,34,100,0.34,7,41,0.171,27,59,0.458,0.375,28,39,0.718,10,60,70,119,17,1,53,41,103
19082,2004,3273,Mark Madsen,NA,C,28,4,NBA,MIN,72,12,1246,101,204,0.495,0,6,0,101,198,0.51,0.495,57,118,0.483,134,138,272,28,33,18,47,175,259
19083,2004,3079,Mark Pope,NA,PF,31,5,NBA,DEN,4,0,20,1,2,0.5,0,0,NA,1,2,0.5,0.5,0,1,0,0,3,3,0,1,0,3,8,2
19084,2004,3403,Marko Jarić,NA,PG,25,2,NBA,LAC,58,50,1760,185,477,0.388,51,150,0.34,134,327,0.41,0.441,74,101,0.733,44,131,175,281,93,20,115,132,495
19085,2004,3469,Marquis Daniels,NA,SG,23,1,NBA,DAL,56,15,1039,203,411,0.494,11,36,0.306,192,375,0.512,0.507,60,78,0.769,66,80,146,116,53,12,44,51,477
19086,2004,3274,Mateen Cleaves,NA,PG,26,4,NBA,CLE,4,2,92,7,23,0.304,0,1,0,7,22,0.318,0.304,1,2,0.5,1,6,7,19,4,2,5,13,15
19087,2004,3470,Matt Barnes,NA,SF,23,1,NBA,LAC,38,9,724,63,138,0.457,2,13,0.154,61,125,0.488,0.464,43,61,0.705,53,98,151,48,27,3,44,76,171
19088,2004,3471,Matt Carroll,NA,SG,23,1,NBA,TOT,16,0,70,7,16,0.438,1,3,0.333,6,13,0.462,0.469,4,6,0.667,1,5,6,2,1,0,6,8,19
19089,2004,3471,Matt Carroll,NA,SG,23,1,NBA,POR,13,0,48,5,11,0.455,1,3,0.333,4,8,0.5,0.5,2,2,1,0,3,3,1,0,0,2,3,13
19090,2004,3471,Matt Carroll,NA,SG,23,1,NBA,SAS,3,0,22,2,5,0.4,0,0,NA,2,5,0.4,0.4,2,4,0.5,1,2,3,1,1,0,4,5,6
19091,2004,3136,Matt Harpring,NA,SF,27,6,NBA,UTA,31,31,1134,193,410,0.471,8,33,0.242,185,377,0.491,0.48,108,157,0.688,91,156,247,63,22,2,65,102,502
19092,2004,3472,Maurice Carter,NA,SG,27,1,NBA,TOT,10,0,110,11,35,0.314,4,11,0.364,7,24,0.292,0.371,16,20,0.8,2,9,11,4,0,0,9,10,42
19093,2004,3472,Maurice Carter,NA,SG,27,1,NBA,LAL,4,0,50,5,14,0.357,1,3,0.333,4,11,0.364,0.393,11,12,0.917,0,3,3,2,0,0,6,5,22
19094,2004,3472,Maurice Carter,NA,SG,27,1,NBA,NOH,6,0,60,6,21,0.286,3,8,0.375,3,13,0.231,0.357,5,8,0.625,2,6,8,2,0,0,3,5,20
19095,2004,3081,Maurice Taylor,NA,PF,27,6,NBA,HOU,75,10,2081,367,765,0.48,0,2,0,367,763,0.481,0.48,128,174,0.736,131,253,384,107,43,47,149,253,862
19096,2004,3404,Mehmet Okur,NA,PF,24,2,NBA,DET,71,33,1580,251,542,0.463,18,48,0.375,233,494,0.472,0.48,162,209,0.775,160,261,421,69,36,63,101,138,682
19097,2004,3405,Melvin Ely,NA,PF,25,2,NBA,LAC,42,2,510,66,153,0.431,0,1,0,66,152,0.434,0.431,25,42,0.595,48,53,101,22,9,17,20,68,157
19098,2004,3337,Mengke Bateer,NA,C,28,3,NBA,TOR,7,0,40,4,7,0.571,0,0,NA,4,7,0.571,0.571,0,0,NA,5,3,8,1,1,0,2,10,8
19099,2004,3205,Metta World Peace,NA,SF,24,5,NBA,IND,73,71,2714,468,1112,0.421,75,242,0.31,393,870,0.452,0.455,322,439,0.733,100,285,385,272,152,50,202,194,1333
19100,2004,3338,Michael Bradley,NA,C-PF,24,3,NBA,TOT,16,1,98,7,15,0.467,0,0,NA,7,15,0.467,0.467,1,2,0.5,6,17,23,1,3,0,7,14,15
19101,2004,3338,Michael Bradley,NA,PF,24,3,NBA,TOR,5,0,38,1,3,0.333,0,0,NA,1,3,0.333,0.333,1,2,0.5,1,10,11,1,1,0,3,6,3
19102,2004,3338,Michael Bradley,NA,C,24,3,NBA,ATL,11,1,60,6,12,0.5,0,0,NA,6,12,0.5,0.5,0,0,NA,5,7,12,0,2,0,4,8,12
19103,2004,2811,Michael Curry,NA,SF,35,10,NBA,TOR,70,15,1229,76,196,0.388,3,15,0.2,73,181,0.403,0.395,49,58,0.845,22,65,87,53,23,5,48,153,204
19104,2004,3138,Michael Doleac,NA,C,26,6,NBA,TOT,72,0,1029,140,322,0.435,0,0,NA,140,322,0.435,0.435,45,52,0.865,88,177,265,44,23,36,48,142,325
19105,2004,3138,Michael Doleac,NA,C,26,6,NBA,NYK,46,0,685,100,225,0.444,0,0,NA,100,225,0.444,0.444,31,36,0.861,60,129,189,30,17,30,37,84,231
19106,2004,3138,Michael Doleac,NA,C,26,6,NBA,DEN,26,0,344,40,97,0.412,0,0,NA,40,97,0.412,0.412,14,16,0.875,28,48,76,14,6,6,11,58,94
19107,2004,2948,Michael Finley,NA,SG,30,9,NBA,DAL,72,72,2778,514,1159,0.443,150,370,0.405,364,789,0.461,0.508,164,193,0.85,78,247,325,212,84,39,83,118,1342
19108,2004,3139,Michael Olowokandi,NA,C,28,6,NBA,MIN,43,25,925,121,285,0.425,0,0,NA,121,285,0.425,0.425,36,61,0.59,78,167,245,24,16,68,54,137,278
19109,2004,3275,Michael Redd,NA,SG,24,4,NBA,MIL,82,82,3021,633,1439,0.44,127,363,0.35,506,1076,0.47,0.484,383,441,0.868,118,289,407,185,81,6,116,152,1776
19110,2004,3206,Michael Ruffin,NA,PF,27,4,NBA,UTA,41,23,733,38,117,0.325,0,0,NA,38,117,0.325,0.325,16,38,0.421,78,129,207,41,22,21,42,103,92
19111,2004,3083,Michael Stewart,NA,C-PF,28,7,NBA,TOT,25,2,147,5,12,0.417,0,0,NA,5,12,0.417,0.417,3,4,0.75,8,21,29,0,2,10,3,34,13
19112,2004,3083,Michael Stewart,NA,PF,28,7,NBA,CLE,8,2,76,3,7,0.429,0,0,NA,3,7,0.429,0.429,2,2,1,5,13,18,0,1,8,1,21,8
19113,2004,3083,Michael Stewart,NA,C,28,7,NBA,BOS,17,0,71,2,5,0.4,0,0,NA,2,5,0.4,0.4,1,2,0.5,3,8,11,0,1,2,2,13,5
19114,2004,3473,Mickaël Piétrus,NA,PG,21,1,NBA,GSW,53,22,748,96,231,0.416,35,105,0.333,61,126,0.484,0.491,52,75,0.693,48,71,119,27,32,12,40,100,279
19115,2004,3140,Mike Bibby,NA,PG,25,6,NBA,SAC,82,82,2980,527,1170,0.45,148,378,0.392,379,792,0.479,0.514,304,373,0.815,67,210,277,444,112,18,175,146,1506
19116,2004,3407,Mike Dunleavy,1980,SF,23,2,NBA,GSW,75,69,2336,323,720,0.449,94,254,0.37,229,466,0.491,0.514,137,185,0.741,87,355,442,220,68,13,143,169,877
19117,2004,3339,Mike James,1975,PG,28,3,NBA,TOT,81,55,2196,272,657,0.414,106,281,0.377,166,376,0.441,0.495,103,127,0.811,28,206,234,339,96,3,124,156,753
19118,2004,3339,Mike James,1975,PG,28,3,NBA,BOS,55,55,1684,213,510,0.418,86,226,0.381,127,284,0.447,0.502,76,95,0.8,20,156,176,244,70,2,83,113,588
19119,2004,3339,Mike James,1975,PG,28,3,NBA,DET,26,0,512,59,147,0.401,20,55,0.364,39,92,0.424,0.469,27,32,0.844,8,50,58,95,26,1,41,43,165
19120,2004,3276,Mike Miller,NA,SF,23,4,NBA,MEM,65,65,1770,270,616,0.438,80,215,0.372,190,401,0.474,0.503,102,141,0.723,42,174,216,232,59,14,107,162,722
19121,2004,3474,Mike Sweetney,NA,PF,21,1,NBA,NYK,42,1,494,69,140,0.493,0,1,0,69,139,0.496,0.493,42,58,0.724,68,89,157,14,18,12,32,57,180
19122,2004,3408,Mike Wilks,NA,PG,24,2,NBA,HOU,26,0,145,17,36,0.472,6,10,0.6,11,26,0.423,0.556,10,12,0.833,3,13,16,17,3,0,7,15,50
19123,2004,3141,Mikki Moore,NA,PF-C,28,6,NBA,TOT,32,0,395,50,99,0.505,0,0,NA,50,99,0.505,0.505,30,35,0.857,29,55,84,19,7,13,22,65,130
19124,2004,3141,Mikki Moore,NA,C,28,6,NBA,NJN,4,0,10,1,5,0.2,0,0,NA,1,5,0.2,0.2,0,0,NA,1,1,2,0,0,0,0,1,2
19125,2004,3141,Mikki Moore,NA,PF,28,6,NBA,UTA,28,0,385,49,94,0.521,0,0,NA,49,94,0.521,0.521,30,35,0.857,28,54,82,19,7,13,22,64,128
19126,2004,3207,Milt Palacio,NA,PG,25,5,NBA,TOR,59,13,1211,104,298,0.349,4,26,0.154,100,272,0.368,0.356,45,68,0.662,15,87,102,184,41,11,87,90,257
19127,2004,2813,Mitchell Butler,NA,SG,33,8,NBA,WAS,41,4,552,54,124,0.435,11,30,0.367,43,94,0.457,0.48,15,24,0.625,24,47,71,32,22,4,24,54,134
19128,2004,3475,Mo Williams,NA,SG,21,1,NBA,UTA,57,0,772,115,303,0.38,10,39,0.256,105,264,0.398,0.396,44,56,0.786,23,49,72,76,28,2,51,87,284
19129,2004,3011,Moochie Norris,NA,PG,30,7,NBA,TOT,66,0,847,80,217,0.369,20,58,0.345,60,159,0.377,0.415,54,71,0.761,10,55,65,121,44,5,64,51,234
19130,2004,3011,Moochie Norris,NA,PG,30,7,NBA,HOU,30,0,401,27,87,0.31,8,23,0.348,19,64,0.297,0.356,18,24,0.75,2,28,30,48,16,2,30,16,80
19131,2004,3011,Moochie Norris,NA,PG,30,7,NBA,NYK,36,0,446,53,130,0.408,12,35,0.343,41,95,0.432,0.454,36,47,0.766,8,27,35,73,28,3,34,35,154
19132,2004,3279,Morris Peterson,NA,SF,26,4,NBA,TOR,82,29,2148,238,587,0.405,126,340,0.371,112,247,0.453,0.513,76,94,0.809,35,226,261,113,88,14,69,206,678
19133,2004,3143,Nazr Mohammed,NA,C,26,6,NBA,TOT,80,24,1611,246,472,0.521,0,0,NA,246,472,0.521,0.521,100,169,0.592,178,296,474,36,55,52,96,195,592
19134,2004,3143,Nazr Mohammed,NA,C,26,6,NBA,ATL,53,1,938,138,280,0.493,0,0,NA,138,280,0.493,0.493,69,110,0.627,101,166,267,20,22,27,55,113,345
19135,2004,3143,Nazr Mohammed,NA,C,26,6,NBA,NYK,27,23,673,108,192,0.563,0,0,NA,108,192,0.563,0.563,31,59,0.525,77,130,207,16,33,25,41,82,247
19136,2004,3476,Ndudi Ebi,NA,SF,19,1,NBA,MIN,17,0,32,6,14,0.429,0,0,NA,6,14,0.429,0.429,1,4,0.25,2,1,3,3,0,4,3,6,13
19137,2004,3410,Nenê,NA,PF,21,2,NBA,DEN,77,77,2504,334,630,0.53,0,2,0,334,628,0.532,0.53,240,352,0.682,154,349,503,168,116,41,183,280,908
19138,2004,2814,Nick Van Exel,NA,PG,32,11,NBA,GSW,39,29,1255,187,479,0.39,46,150,0.307,141,329,0.429,0.438,70,99,0.707,16,88,104,206,20,2,78,57,490
19139,2004,3411,Nikoloz Tskitishvili,NA,PF,20,2,NBA,DEN,39,0,307,40,122,0.328,3,11,0.273,37,111,0.333,0.34,23,29,0.793,24,39,63,10,6,8,17,50,106
19140,2004,2382,Olden Polynice,NA,C,39,15,NBA,LAC,2,0,12,0,0,NA,0,0,NA,0,0,NA,NA,0,0,NA,1,1,2,1,1,0,4,2,0
19141,2004,2740,Oliver Miller,NA,C,33,9,NBA,MIN,48,1,506,53,100,0.53,0,1,0,53,99,0.535,0.53,15,23,0.652,46,84,130,36,19,26,33,91,121
19142,2004,3477,Omar Cook,NA,PG,22,1,NBA,POR,17,0,139,7,27,0.259,0,1,0,7,26,0.269,0.259,0,0,NA,3,3,6,24,10,0,10,14,14
19143,2004,3013,Othella Harrington,NA,PF,30,8,NBA,NYK,56,3,872,100,202,0.495,0,0,NA,100,202,0.495,0.495,58,78,0.744,58,119,177,29,12,14,65,134,258
19144,2004,2815,P.J. Brown,NA,PF,34,11,NBA,NOH,80,80,2753,339,712,0.476,0,1,0,339,711,0.477,0.476,158,185,0.854,237,453,690,155,78,73,101,203,836
19145,2004,3144,Pat Garrity,NA,PF,27,6,NBA,ORL,2,0,22,1,3,0.333,0,0,NA,1,3,0.333,0.333,0,0,NA,0,0,0,1,0,0,0,2,2
19146,2004,3341,Pau Gasol,NA,PF,23,3,NBA,MEM,78,78,2458,506,1049,0.482,4,15,0.267,502,1034,0.485,0.484,365,511,0.714,206,394,600,198,44,132,187,185,1381
19147,2004,3145,Paul Grant,NA,C,30,2,NBA,UTA,10,0,98,11,23,0.478,0,0,NA,11,23,0.478,0.478,3,8,0.375,7,10,17,3,1,1,7,17,25
19148,2004,3146,Paul Pierce,NA,SG,26,6,NBA,BOS,80,80,3099,602,1497,0.402,115,384,0.299,487,1113,0.438,0.441,517,631,0.819,69,453,522,410,131,52,303,234,1836
19149,2004,3413,Paul Shirley,NA,PF,26,2,NBA,CHI,7,0,86,10,23,0.435,0,1,0,10,22,0.455,0.435,1,3,0.333,8,8,16,4,1,1,9,9,21
19150,2004,3147,Peja Stojaković,NA,SF,26,6,NBA,SAC,81,81,3264,665,1386,0.48,240,554,0.433,425,832,0.511,0.566,394,425,0.927,91,417,508,173,108,14,153,159,1964
19151,2004,2816,Popeye Jones,NA,PF,33,11,NBA,GSW,5,0,10,0,2,0,0,0,NA,0,2,0,0,0,0,NA,1,0,1,0,0,0,0,2,0
19152,2004,3342,Predrag Drobnjak,NA,C,28,3,NBA,LAC,61,14,949,149,379,0.393,11,36,0.306,138,343,0.402,0.408,73,86,0.849,54,142,196,39,22,24,48,85,382
19153,2004,3343,Primož Brezec,NA,C,24,3,NBA,IND,18,0,72,12,26,0.462,0,0,NA,12,26,0.462,0.462,4,6,0.667,5,10,15,3,0,3,6,13,28
19154,2004,3283,Quentin Richardson,NA,SG,23,4,NBA,LAC,65,64,2338,425,1068,0.398,120,341,0.352,305,727,0.42,0.454,151,204,0.74,146,268,414,139,67,19,141,130,1121
19155,2004,3210,Quincy Lewis,NA,SF,26,4,NBA,MIN,14,0,65,7,20,0.35,2,5,0.4,5,15,0.333,0.4,0,0,NA,1,6,7,2,2,2,3,10,16
19156,2004,3415,Qyntel Woods,NA,SF,22,2,NBA,POR,62,8,673,88,237,0.371,10,29,0.345,78,208,0.375,0.392,38,60,0.633,46,90,136,46,20,14,52,88,224
19157,2004,3149,Raef LaFrentz,NA,C,27,6,NBA,BOS,17,1,328,57,124,0.46,8,40,0.2,49,84,0.583,0.492,10,13,0.769,30,49,79,24,8,13,11,47,132
19158,2004,3211,Rafer Alston,NA,PG,27,5,NBA,MIA,82,28,2581,287,764,0.376,161,434,0.371,126,330,0.382,0.481,103,134,0.769,26,200,226,372,114,18,128,212,838
19159,2004,3284,Raja Bell,NA,SG,27,4,NBA,UTA,82,4,2020,329,805,0.409,62,166,0.373,267,639,0.418,0.447,195,248,0.786,60,181,241,107,63,13,111,262,915
19160,2004,3015,Randy Livingston,NA,PG,28,8,NBA,LAC,4,0,48,2,10,0.2,0,3,0,2,7,0.286,0.2,4,6,0.667,2,5,7,4,2,0,4,7,8
19161,2004,3151,Rashard Lewis,NA,SF,24,6,NBA,SEA,80,80,2931,535,1229,0.435,145,386,0.376,390,843,0.463,0.494,206,270,0.763,133,385,518,175,99,54,135,233,1421
19162,2004,2950,Rasheed Wallace,NA,PF,29,9,NBA,TOT,68,66,2390,425,974,0.436,82,248,0.331,343,726,0.472,0.478,156,212,0.736,102,357,459,156,61,122,119,190,1088
19163,2004,2950,Rasheed Wallace,NA,PF,29,9,NBA,POR,45,44,1675,296,669,0.442,59,173,0.341,237,496,0.478,0.487,115,155,0.742,69,229,298,114,36,72,87,131,766
19164,2004,2950,Rasheed Wallace,NA,PF,29,9,NBA,ATL,1,1,42,8,24,0.333,1,6,0.167,7,18,0.389,0.354,3,3,1,1,5,6,2,1,5,3,0,20
19165,2004,2950,Rasheed Wallace,NA,PF,29,9,NBA,DET,22,21,673,121,281,0.431,22,69,0.319,99,212,0.467,0.47,38,54,0.704,32,123,155,40,24,45,29,59,302
19166,2004,3152,Rasho Nesterović,NA,C,27,6,NBA,SAS,82,82,2353,328,700,0.469,0,0,NA,328,700,0.469,0.469,54,114,0.474,257,376,633,114,51,165,107,247,710
19167,2004,3416,Rasual Butler,NA,SF,24,2,NBA,MIA,45,0,675,119,250,0.476,50,108,0.463,69,142,0.486,0.576,16,21,0.762,4,57,61,23,10,13,28,72,304
19168,2004,3016,Ray Allen,NA,SG,28,8,NBA,SEA,56,56,2152,447,1017,0.44,148,378,0.392,299,639,0.468,0.512,245,271,0.904,69,217,286,268,71,11,156,132,1287
19169,2004,3478,Raül López,NA,PG,23,1,NBA,UTA,82,11,1617,223,517,0.431,25,85,0.294,198,432,0.458,0.456,101,117,0.863,24,131,155,305,62,2,174,200,572
19170,2004,3479,Reece Gaines,NA,PG,23,1,NBA,ORL,38,1,364,25,86,0.291,3,10,0.3,22,76,0.289,0.308,16,25,0.64,8,31,39,40,11,2,18,22,69
19171,2004,3417,Reggie Evans,NA,PF,23,2,NBA,SEA,75,27,1280,67,165,0.406,0,3,0,67,162,0.414,0.406,83,148,0.561,156,252,408,33,54,10,65,176,217
19172,2004,2386,Reggie Miller,NA,SG,38,17,NBA,IND,80,80,2254,260,594,0.438,134,334,0.401,126,260,0.485,0.551,146,165,0.885,18,170,188,249,65,11,68,96,800
19173,2004,3212,Richard Hamilton,NA,SG,25,5,NBA,DET,78,78,2772,530,1166,0.455,18,68,0.265,512,1098,0.466,0.462,297,342,0.868,78,201,279,310,103,17,210,222,1375
19174,2004,3345,Richard Jefferson,NA,SF,23,3,NBA,NJN,82,82,3133,555,1115,0.498,48,132,0.364,507,983,0.516,0.519,357,468,0.763,109,355,464,315,92,28,198,224,1515
19175,2004,3480,Richie Frahm,NA,SF,26,1,NBA,SEA,54,0,469,63,139,0.453,34,92,0.37,29,47,0.617,0.576,23,26,0.885,12,44,56,24,16,4,7,50,183
19176,2004,3085,Rick Brunson,NA,PG,31,7,NBA,TOT,40,0,412,40,105,0.381,11,23,0.478,29,82,0.354,0.433,27,31,0.871,9,28,37,82,25,3,33,44,118
19177,2004,3085,Rick Brunson,NA,PG,31,7,NBA,TOR,3,0,10,2,4,0.5,0,0,NA,2,4,0.5,0.5,0,0,NA,0,0,0,2,0,0,0,0,4
19178,2004,3085,Rick Brunson,NA,PG,31,7,NBA,CHI,37,0,402,38,101,0.376,11,23,0.478,27,78,0.346,0.431,27,31,0.871,9,28,37,80,25,3,33,44,114
19179,2004,2680,Rick Fox,NA,SF,34,13,NBA,LAL,38,34,846,73,186,0.392,15,61,0.246,58,125,0.464,0.433,22,30,0.733,29,73,102,98,29,4,48,99,183
19180,2004,3153,Ricky Davis,NA,SF-SG,24,6,NBA,TOT,79,27,2474,446,950,0.469,52,140,0.371,394,810,0.486,0.497,196,273,0.718,77,281,358,259,96,22,189,171,1140
19181,2004,3153,Ricky Davis,NA,SG,24,6,NBA,CLE,22,22,796,134,311,0.431,17,48,0.354,117,263,0.445,0.458,51,75,0.68,18,103,121,111,25,8,68,51,336
19182,2004,3153,Ricky Davis,NA,SF,24,6,NBA,BOS,57,5,1678,312,639,0.488,35,92,0.38,277,547,0.506,0.516,145,198,0.732,59,178,237,148,71,14,121,120,804
19183,2004,3418,Robert Archibald,NA,C-PF,23,2,NBA,TOT,32,3,256,9,33,0.273,0,0,NA,9,33,0.273,0.273,14,31,0.452,21,31,52,13,14,3,10,50,32
19184,2004,3418,Robert Archibald,NA,PF,23,2,NBA,PHO,1,0,6,0,1,0,0,0,NA,0,1,0,0,1,2,0.5,0,1,1,1,0,0,1,1,1
19185,2004,3418,Robert Archibald,NA,PF,23,2,NBA,ORL,1,0,4,1,2,0.5,0,0,NA,1,2,0.5,0.5,0,2,0,0,1,1,0,1,0,0,0,2
19186,2004,3418,Robert Archibald,NA,C,23,2,NBA,TOR,30,3,246,8,30,0.267,0,0,NA,8,30,0.267,0.267,13,27,0.481,21,29,50,12,13,3,9,49,29
19187,2004,2747,Robert Horry,NA,PF,33,12,NBA,SAS,81,1,1290,141,348,0.405,41,108,0.38,100,240,0.417,0.464,69,107,0.645,108,164,272,101,48,49,55,165,392
19188,2004,2681,Robert Pack,NA,PG,34,13,NBA,NJN,26,0,220,22,52,0.423,0,0,NA,22,52,0.423,0.423,5,6,0.833,4,14,18,27,12,1,16,20,49
19189,2004,3154,Robert Traylor,NA,C,26,6,NBA,NOH,71,0,942,145,287,0.505,2,5,0.4,143,282,0.507,0.509,70,128,0.547,106,156,262,43,39,37,62,161,362
19190,2004,2461,Rod Strickland,NA,PG,37,16,NBA,TOT,61,10,1197,150,353,0.425,10,36,0.278,140,317,0.442,0.439,72,98,0.735,34,121,155,244,35,11,85,76,382
19191,2004,2461,Rod Strickland,NA,PG,37,16,NBA,ORL,46,9,915,122,269,0.454,10,33,0.303,112,236,0.475,0.472,57,76,0.75,24,94,118,185,27,7,67,59,311
19192,2004,2461,Rod Strickland,NA,PG,37,16,NBA,TOR,15,1,282,28,84,0.333,0,3,0,28,81,0.346,0.333,15,22,0.682,10,27,37,59,8,4,18,17,71
19193,2004,3214,Rodney Buford,NA,SF,26,4,NBA,SAC,22,0,141,19,56,0.339,0,2,0,19,54,0.352,0.339,3,6,0.5,6,9,15,7,6,1,4,9,41
19194,2004,2821,Rodney Rogers,NA,PF,32,11,NBA,NJN,69,15,1409,207,505,0.41,50,152,0.329,157,353,0.445,0.459,75,98,0.765,100,207,307,137,59,27,98,183,539
19195,2004,3346,Rodney White,NA,SF,23,3,NBA,DEN,72,0,985,215,468,0.459,33,87,0.379,182,381,0.478,0.495,78,104,0.75,44,121,165,60,32,20,78,105,541
19196,2004,3419,Roger Mason,NA,SG,23,2,NBA,TOT,26,3,328,32,98,0.327,13,39,0.333,19,59,0.322,0.393,19,22,0.864,1,30,31,26,11,6,20,36,96
19197,2004,3419,Roger Mason,NA,SG,23,2,NBA,CHI,3,0,43,1,11,0.091,1,6,0.167,0,5,0,0.136,0,0,NA,0,3,3,3,1,0,2,5,3
19198,2004,3419,Roger Mason,NA,SG,23,2,NBA,TOR,23,3,285,31,87,0.356,12,33,0.364,19,54,0.352,0.425,19,22,0.864,1,27,28,23,10,6,18,31,93
19199,2004,3087,Ron Mercer,NA,SG,27,7,NBA,SAS,39,0,516,90,211,0.427,2,7,0.286,88,204,0.431,0.431,13,17,0.765,10,39,49,22,14,5,26,37,195
19200,2004,3481,Ronald Dupree,NA,SF,23,1,NBA,CHI,47,8,893,111,282,0.394,4,9,0.444,107,273,0.392,0.401,66,105,0.629,55,112,167,55,32,18,51,134,292
19201,2004,3420,Ronald Murray,NA,PG,24,2,NBA,SEA,82,18,2021,389,915,0.425,67,229,0.293,322,686,0.469,0.462,168,235,0.715,45,159,204,205,81,28,149,158,1013
19202,2004,3347,Ruben Boumtje-Boumtje,NA,C,25,3,NBA,POR,9,0,26,1,5,0.2,0,0,NA,1,5,0.2,0.2,2,2,1,0,1,1,1,0,1,0,2,4
19203,2004,3156,Ruben Patterson,NA,SF,28,6,NBA,POR,73,1,1651,200,395,0.506,2,12,0.167,198,383,0.517,0.509,105,190,0.553,129,139,268,139,84,21,105,152,507
19204,2004,3088,Rusty LaRue,NA,PG,30,5,NBA,GSW,4,0,22,1,3,0.333,1,1,1,0,2,0,0.5,1,2,0.5,0,3,3,2,2,0,4,2,4
19205,2004,3215,Ryan Bowen,NA,PF,28,5,NBA,DEN,52,1,392,18,53,0.34,0,0,NA,18,53,0.34,0.34,10,12,0.833,39,48,87,18,18,16,6,47,46
19206,2004,3421,Ryan Humphrey,NA,PF,24,2,NBA,MEM,2,0,11,1,4,0.25,0,1,0,1,3,0.333,0.25,0,0,NA,2,1,3,1,1,0,2,3,2
19207,2004,2822,Sam Cassell,NA,PG,34,11,NBA,MIN,81,81,2838,620,1270,0.488,74,186,0.398,546,1084,0.504,0.517,289,331,0.873,44,227,271,592,102,18,220,247,1603
19208,2004,3021,Samaki Walker,NA,PF,27,8,NBA,MIA,33,0,418,38,99,0.384,0,2,0,38,97,0.392,0.384,29,44,0.659,42,70,112,6,9,11,15,54,105
19209,2004,3348,Samuel Dalembert,NA,C,22,2,NBA,PHI,82,53,2197,270,499,0.541,0,1,0,270,498,0.542,0.541,112,174,0.644,194,432,626,21,44,189,86,273,652
19210,2004,3482,Sasha Pavlović,NA,SF,20,1,NBA,UTA,79,14,1144,149,376,0.396,19,70,0.271,130,306,0.425,0.422,65,84,0.774,44,115,159,60,41,16,67,187,382
19211,2004,3089,Scot Pollard,NA,C,28,7,NBA,IND,61,3,678,47,114,0.412,0,0,NA,47,114,0.412,0.412,12,21,0.571,67,97,164,10,23,26,22,110,106
19212,2004,3217,Scott Padgett,NA,PF,27,5,NBA,HOU,58,5,547,74,167,0.443,28,65,0.431,46,102,0.451,0.527,24,32,0.75,46,93,139,23,12,13,22,73,200
19213,2004,2617,Scott Williams,NA,C,35,14,NBA,TOT,43,21,527,90,186,0.484,2,3,0.667,88,183,0.481,0.489,16,27,0.593,38,94,132,17,20,16,16,95,198
19214,2004,2617,Scott Williams,NA,C,35,14,NBA,PHO,16,10,267,53,101,0.525,2,2,1,51,99,0.515,0.535,9,13,0.692,23,49,72,6,15,7,6,45,117
19215,2004,2617,Scott Williams,NA,C,35,14,NBA,DAL,27,11,260,37,85,0.435,0,1,0,37,84,0.44,0.435,7,14,0.5,15,45,60,11,5,9,10,50,81
19216,2004,2394,Scottie Pippen,NA,SF,38,17,NBA,CHI,23,6,412,53,140,0.379,13,48,0.271,40,92,0.435,0.425,17,27,0.63,20,48,68,50,21,9,29,38,136
19217,2004,3422,Sean Lampley,NA,SF,24,2,NBA,GSW,10,0,63,13,20,0.65,0,0,NA,13,20,0.65,0.65,8,12,0.667,2,9,11,2,0,1,3,2,34
19218,2004,2750,Sean Rooks,NA,C,34,12,NBA,TOT,55,0,595,54,151,0.358,0,1,0,54,150,0.36,0.358,33,37,0.892,24,73,97,29,14,10,22,89,141
19219,2004,2750,Sean Rooks,NA,C,34,12,NBA,NOH,35,0,325,34,94,0.362,0,0,NA,34,94,0.362,0.362,12,15,0.8,10,40,50,11,9,5,15,48,80
19220,2004,2750,Sean Rooks,NA,C,34,12,NBA,ORL,20,0,270,20,57,0.351,0,1,0,20,56,0.357,0.351,21,22,0.955,14,33,47,18,5,5,7,41,61
19221,2004,3160,Shammond Williams,NA,SG-PG,28,6,NBA,TOT,53,4,763,87,232,0.375,30,100,0.3,57,132,0.432,0.44,51,58,0.879,9,51,60,116,37,2,47,62,255
19222,2004,3160,Shammond Williams,NA,SG,28,6,NBA,ORL,37,2,525,59,151,0.391,25,74,0.338,34,77,0.442,0.474,40,45,0.889,9,34,43,64,23,1,26,40,183
19223,2004,3160,Shammond Williams,NA,PG,28,6,NBA,NOH,16,2,238,28,81,0.346,5,26,0.192,23,55,0.418,0.377,11,13,0.846,0,17,17,52,14,1,21,22,72
19224,2004,3022,Shandon Anderson,NA,SG,30,8,NBA,NYK,80,37,1974,238,564,0.422,36,128,0.281,202,436,0.463,0.454,123,161,0.764,53,169,222,122,68,17,118,182,635
19225,2004,3349,Shane Battier,NA,SF,25,3,NBA,MEM,79,1,1947,242,543,0.446,65,186,0.349,177,357,0.496,0.506,120,164,0.732,102,201,303,101,101,58,56,187,669
19226,2004,3023,Shane Heal,NA,PG,33,2,NBA,SAS,6,0,72,7,24,0.292,4,18,0.222,3,6,0.5,0.375,4,5,0.8,1,3,4,5,1,0,5,2,22
19227,2004,2751,Shaquille O'Neal,NA,C,31,12,NBA,LAL,67,67,2464,554,948,0.584,0,0,NA,554,948,0.584,0.584,331,676,0.49,246,523,769,196,34,166,195,225,1439
19228,2004,3024,Shareef Abdur-Rahim,NA,PF,27,8,NBA,TOT,85,56,2684,501,1054,0.475,9,34,0.265,492,1020,0.482,0.48,373,429,0.869,189,450,639,174,68,37,184,222,1384
19229,2004,3024,Shareef Abdur-Rahim,NA,PF,27,8,NBA,ATL,53,53,1956,383,790,0.485,5,23,0.217,378,767,0.493,0.488,294,334,0.88,141,354,495,127,44,19,131,147,1065
19230,2004,3024,Shareef Abdur-Rahim,NA,PF,27,8,NBA,POR,32,3,728,118,264,0.447,4,11,0.364,114,253,0.451,0.455,79,95,0.832,48,96,144,47,24,18,53,75,319
19231,2004,2825,Shawn Bradley,NA,C,31,11,NBA,DAL,66,5,773,89,188,0.473,0,1,0,89,187,0.476,0.473,41,49,0.837,72,101,173,20,33,74,17,130,219
19232,2004,3218,Shawn Marion,NA,SF,25,5,NBA,PHO,79,79,3217,590,1341,0.44,90,265,0.34,500,1076,0.465,0.474,228,268,0.851,212,525,737,214,167,104,156,203,1498
19233,2004,3483,Slavko Vraneš,NA,C,21,1,NBA,POR,1,0,3,0,1,0,0,0,NA,0,1,0,0,0,0,NA,0,0,0,0,0,0,0,1,0
19234,2004,3350,Speedy Claxton,NA,PG,25,3,NBA,GSW,60,29,1595,224,524,0.427,4,22,0.182,220,502,0.438,0.431,182,224,0.813,38,118,156,267,97,9,102,146,634
19235,2004,2684,Stacey Augmon,NA,SF,35,13,NBA,NOH,69,24,1416,143,347,0.412,1,7,0.143,142,340,0.418,0.414,110,139,0.791,52,122,174,85,55,15,76,114,397
19236,2004,3289,Stanislav Medvedenko,NA,PF,24,4,NBA,LAL,68,38,1442,237,537,0.441,0,3,0,237,534,0.444,0.441,89,116,0.767,148,195,343,57,38,18,59,191,563
19237,2004,3290,Stephen Jackson,NA,SF,25,4,NBA,ATL,80,78,2940,536,1261,0.425,145,427,0.34,391,834,0.469,0.483,233,297,0.785,97,273,370,244,142,20,223,216,1450
19238,2004,3026,Stephon Marbury,NA,PG,26,8,NBA,TOT,81,81,3254,598,1386,0.431,87,274,0.318,511,1112,0.46,0.463,356,436,0.817,58,205,263,719,129,9,249,172,1639
19239,2004,3026,Stephon Marbury,NA,PG,26,8,NBA,PHO,34,34,1415,262,606,0.432,37,118,0.314,225,488,0.461,0.463,147,185,0.795,19,98,117,281,64,5,97,74,708
19240,2004,3026,Stephon Marbury,NA,PG,26,8,NBA,NYK,47,47,1839,336,780,0.431,50,156,0.321,286,624,0.458,0.463,209,251,0.833,39,107,146,438,65,4,152,98,931
19241,2004,3484,Steve Blake,NA,PG,23,1,NBA,WAS,75,14,1392,157,407,0.386,75,202,0.371,82,205,0.4,0.478,55,67,0.821,18,99,117,209,57,7,128,100,444
19242,2004,3219,Steve Francis,NA,PG,26,5,NBA,HOU,79,79,3194,450,1117,0.403,73,250,0.292,377,867,0.435,0.436,337,435,0.775,116,317,433,493,139,35,294,257,1310
19243,2004,3028,Steve Nash,NA,PG,29,8,NBA,DAL,78,78,2612,397,845,0.47,104,257,0.405,293,588,0.498,0.531,230,251,0.916,59,173,232,687,67,8,209,139,1128
19244,2004,2688,Steve Smith,NA,SG,34,13,NBA,NOH,71,4,929,119,293,0.406,43,107,0.402,76,186,0.409,0.48,77,83,0.928,27,54,81,56,15,6,42,91,358
19245,2004,3351,Steven Hunter,NA,C,22,3,NBA,ORL,59,23,789,82,155,0.529,0,0,NA,82,155,0.529,0.529,23,69,0.333,54,116,170,12,5,73,29,101,187
19246,2004,3292,Stromile Swift,NA,PF,24,4,NBA,MEM,77,10,1528,268,571,0.469,1,4,0.25,267,567,0.471,0.47,190,262,0.725,141,237,378,38,56,118,88,188,727
19247,2004,3485,T.J. Ford,NA,PG,20,1,NBA,MIL,55,55,1472,153,398,0.384,5,21,0.238,148,377,0.393,0.391,80,98,0.816,37,140,177,356,60,3,139,123,391
19248,2004,3424,Tamar Slay,NA,SG,23,2,NBA,NJN,22,0,165,21,60,0.35,4,12,0.333,17,48,0.354,0.383,7,14,0.5,10,15,25,14,7,1,11,20,53
19249,2004,3425,Tayshaun Prince,NA,SF,23,2,NBA,DET,82,80,2701,338,723,0.467,57,157,0.363,281,566,0.496,0.507,108,141,0.766,93,297,390,191,63,69,119,149,841
19250,2004,2959,Theo Ratliff,NA,C,30,9,NBA,TOT,85,83,2664,266,549,0.485,0,0,NA,266,549,0.485,0.485,140,217,0.645,195,419,614,71,54,307,120,300,672
19251,2004,2959,Theo Ratliff,NA,C,30,9,NBA,ATL,53,52,1648,171,373,0.458,0,0,NA,171,373,0.458,0.458,96,147,0.653,105,276,381,51,30,166,86,189,438
19252,2004,2959,Theo Ratliff,NA,C,30,9,NBA,POR,32,31,1016,95,176,0.54,0,0,NA,95,176,0.54,0.54,44,70,0.629,90,143,233,20,24,141,34,111,234
19253,2004,3486,Theron Smith,NA,SF,23,1,NBA,MEM,20,0,178,16,43,0.372,6,12,0.5,10,31,0.323,0.442,6,8,0.75,13,28,41,7,5,5,14,18,44
19254,2004,3354,Tierre Brown,NA,PG,24,3,NBA,NOH,3,0,17,2,4,0.5,0,0,NA,2,4,0.5,0.5,2,4,0.5,0,1,1,2,0,0,7,1,6
19255,2004,3092,Tim Duncan,NA,PF,27,7,NBA,SAS,69,68,2527,592,1181,0.501,2,12,0.167,590,1169,0.505,0.502,352,588,0.599,227,632,859,213,62,185,183,164,1538
19256,2004,3093,Tim Thomas,NA,SF,26,7,NBA,TOT,66,65,2089,363,813,0.446,73,194,0.376,290,619,0.468,0.491,171,218,0.784,64,256,320,124,64,20,116,196,970
19257,2004,3093,Tim Thomas,NA,SF,26,7,NBA,MIL,42,42,1343,226,510,0.443,47,130,0.362,179,380,0.471,0.489,93,122,0.762,38,167,205,90,40,15,73,127,592
19258,2004,3093,Tim Thomas,NA,SF,26,7,NBA,NYK,24,23,746,137,303,0.452,26,64,0.406,111,239,0.464,0.495,78,96,0.813,26,89,115,34,24,5,43,69,378
19259,2004,2755,Tom Gugliotta,NA,PF,34,12,NBA,TOT,55,27,819,70,203,0.345,1,4,0.25,69,199,0.347,0.347,20,28,0.714,65,122,187,63,31,12,39,81,161
19260,2004,2755,Tom Gugliotta,NA,PF,34,12,NBA,PHO,30,3,304,31,99,0.313,0,1,0,31,98,0.316,0.313,6,8,0.75,15,41,56,21,14,4,20,34,68
19261,2004,2755,Tom Gugliotta,NA,PF,34,12,NBA,UTA,25,24,515,39,104,0.375,1,3,0.333,38,101,0.376,0.38,14,20,0.7,50,81,131,42,17,8,19,47,93
19262,2004,2829,Toni Kukoč,NA,PF,35,11,NBA,MIL,73,0,1522,211,506,0.417,49,168,0.292,162,338,0.479,0.465,145,199,0.729,60,211,271,200,59,21,110,110,616
19263,2004,3094,Tony Battie,NA,C,27,7,NBA,TOT,73,7,1478,170,384,0.443,2,9,0.222,168,375,0.448,0.445,66,89,0.742,118,241,359,58,26,67,63,159,408
19264,2004,3094,Tony Battie,NA,C,27,7,NBA,BOS,23,6,501,56,117,0.479,1,1,1,55,116,0.474,0.483,23,33,0.697,39,79,118,21,8,20,24,55,136
19265,2004,3094,Tony Battie,NA,C,27,7,NBA,CLE,50,1,977,114,267,0.427,1,8,0.125,113,259,0.436,0.429,43,56,0.768,79,162,241,37,18,47,39,104,272
19266,2004,3031,Tony Delk,NA,SG,30,8,NBA,DAL,33,11,509,70,184,0.38,20,66,0.303,50,118,0.424,0.435,37,44,0.841,16,43,59,28,27,7,17,46,197
19267,2004,2626,Tony Massenburg,NA,PF,36,12,NBA,SAC,59,0,789,104,219,0.475,0,1,0,104,218,0.477,0.475,43,63,0.683,57,131,188,29,14,18,45,144,251
19268,2004,3355,Tony Parker,NA,PG,21,3,NBA,SAS,75,75,2577,423,946,0.447,62,199,0.312,361,747,0.483,0.48,191,272,0.702,43,194,237,411,61,7,179,148,1099
19269,2004,3487,Torraye Braggs,NA,PF,27,1,NBA,TOT,15,0,154,16,33,0.485,0,0,NA,16,33,0.485,0.485,8,12,0.667,18,21,39,7,4,2,13,29,40
19270,2004,3487,Torraye Braggs,NA,PF,27,1,NBA,HOU,11,0,132,13,28,0.464,0,0,NA,13,28,0.464,0.464,8,12,0.667,15,19,34,6,4,2,12,21,34
19271,2004,3487,Torraye Braggs,NA,PF,27,1,NBA,WAS,4,0,22,3,5,0.6,0,0,NA,3,5,0.6,0.6,0,0,NA,3,2,5,1,0,0,1,8,6
19272,2004,3096,Tracy McGrady,NA,SG,24,7,NBA,ORL,67,67,2675,653,1566,0.417,174,513,0.339,479,1053,0.455,0.473,398,500,0.796,95,307,402,370,93,42,179,129,1878
19273,2004,2757,Tracy Murray,NA,SF,32,12,NBA,POR,7,0,35,3,12,0.25,2,5,0.4,1,7,0.143,0.333,0,1,0,3,2,5,1,1,0,2,3,8
19274,2004,2962,Travis Best,NA,PG,31,9,NBA,DAL,61,1,762,64,172,0.372,3,20,0.15,61,152,0.401,0.381,40,46,0.87,17,51,68,112,31,4,33,66,171
19275,2004,3488,Travis Hansen,NA,SF,25,1,NBA,ATL,41,4,507,46,130,0.354,9,30,0.3,37,100,0.37,0.388,22,27,0.815,30,40,70,19,10,9,15,67,123
19276,2004,3489,Travis Outlaw,NA,PF,19,1,NBA,POR,8,0,19,3,7,0.429,0,0,NA,3,7,0.429,0.429,2,4,0.5,2,2,4,1,1,0,1,1,8
19277,2004,3356,Tremaine Fowlkes,NA,SF,27,3,NBA,DET,36,0,261,15,48,0.313,1,8,0.125,14,40,0.35,0.323,13,18,0.722,18,35,53,14,9,3,12,37,44
19278,2004,3357,Trenton Hassell,NA,SG,24,3,NBA,MIN,81,74,2264,177,381,0.465,4,13,0.308,173,368,0.47,0.47,48,61,0.787,68,189,257,133,36,54,46,200,406
19279,2004,3490,Troy Bell,NA,PG,23,1,NBA,MEM,6,0,34,4,18,0.222,0,4,0,4,14,0.286,0.222,3,3,1,3,1,4,4,1,0,6,6,11
19280,2004,3098,Troy Hudson,NA,PG,27,7,NBA,MIN,29,1,503,80,207,0.386,31,77,0.403,49,130,0.377,0.461,27,33,0.818,4,31,35,70,7,0,34,32,218
19281,2004,3358,Troy Murphy,NA,PF,23,3,NBA,GSW,28,0,610,107,243,0.44,5,17,0.294,102,226,0.451,0.451,60,80,0.75,48,125,173,20,12,17,34,58,279
19282,2004,2630,Tyrone Hill,NA,PF,35,14,NBA,MIA,5,0,38,3,5,0.6,0,0,NA,3,5,0.6,0.6,3,4,0.75,5,3,8,0,0,1,2,10,9
19283,2004,3164,Tyronn Lue,NA,PG,26,6,NBA,ORL,76,69,2332,309,714,0.433,80,209,0.383,229,505,0.453,0.489,101,131,0.771,26,161,187,317,61,5,124,185,799
19284,2004,3359,Tyson Chandler,NA,PF,21,3,NBA,CHI,35,8,782,67,158,0.424,0,1,0,67,157,0.427,0.424,79,118,0.669,82,188,270,23,17,43,38,87,213
19285,2004,3491,Udonis Haslem,NA,PF,23,1,NBA,MIA,75,24,1795,205,447,0.459,0,3,0,205,444,0.462,0.459,140,183,0.765,189,284,473,51,33,24,74,197,550
19286,2004,2830,Vin Baker,NA,PF,32,11,NBA,TOT,54,33,1313,208,432,0.481,1,3,0.333,207,429,0.483,0.483,114,157,0.726,112,168,280,66,29,32,77,160,531
19287,2004,2830,Vin Baker,NA,PF,32,11,NBA,BOS,37,33,1000,168,333,0.505,0,1,0,168,332,0.506,0.505,82,112,0.732,76,134,210,54,22,23,52,98,418
19288,2004,2830,Vin Baker,NA,PF,32,11,NBA,NYK,17,0,313,40,99,0.404,1,2,0.5,39,97,0.402,0.409,32,45,0.711,36,34,70,12,7,9,25,62,113
19289,2004,3166,Vince Carter,NA,SG,27,6,NBA,TOR,73,73,2785,608,1457,0.417,93,243,0.383,515,1214,0.424,0.449,336,417,0.806,95,254,349,348,88,65,223,212,1645
19290,2004,3033,Vitaly Potapenko,NA,C,28,8,NBA,SEA,65,39,1419,200,409,0.489,0,0,NA,200,409,0.489,0.489,59,92,0.641,101,188,289,53,22,28,77,161,459
19291,2004,2556,Vlade Divac,NA,C,35,15,NBA,SAC,81,81,2317,314,668,0.47,2,13,0.154,312,655,0.476,0.472,170,260,0.654,136,327,463,432,57,77,173,222,800
19292,2004,3360,Vladimir Radmanović,NA,PF,23,3,NBA,SEA,77,38,2321,345,812,0.425,140,377,0.371,205,435,0.471,0.511,95,127,0.748,104,302,406,142,80,42,109,187,925
19293,2004,3167,Vladimir Stepania,NA,C,27,6,NBA,POR,42,2,453,43,103,0.417,0,0,NA,43,103,0.417,0.417,22,36,0.611,50,75,125,23,11,15,19,61,108
19294,2004,2965,Voshon Lenard,NA,SG,30,9,NBA,DEN,73,70,2233,394,933,0.422,106,289,0.367,288,644,0.447,0.479,144,182,0.791,46,154,200,151,61,12,101,177,1038
19295,2004,3225,Wally Szczerbiak,NA,SF,26,5,NBA,MIN,28,0,622,106,236,0.449,20,46,0.435,86,190,0.453,0.492,53,64,0.828,24,64,88,33,12,1,28,42,285
19296,2004,3034,Walter McCarty,NA,PF,29,8,NBA,BOS,77,23,1900,203,523,0.388,137,366,0.374,66,157,0.42,0.519,62,82,0.756,28,211,239,124,72,22,91,179,605
19297,2004,3294,Wang Zhizhi,NA,C,26,4,NBA,TOT,16,0,114,17,46,0.37,4,14,0.286,13,32,0.406,0.413,9,10,0.9,4,14,18,2,3,5,6,13,47
19298,2004,3294,Wang Zhizhi,NA,C,26,4,NBA,LAC,2,0,9,0,1,0,0,0,NA,0,1,0,0,4,4,1,0,4,4,0,0,1,0,0,4
19299,2004,3294,Wang Zhizhi,NA,C,26,4,NBA,MIA,14,0,105,17,45,0.378,4,14,0.286,13,31,0.419,0.422,5,6,0.833,4,10,14,2,3,4,6,13,43
19300,2004,2889,Wesley Person,NA,SG,32,10,NBA,TOT,58,0,1037,126,314,0.401,55,138,0.399,71,176,0.403,0.489,31,39,0.795,16,101,117,66,19,9,38,38,338
19301,2004,2889,Wesley Person,NA,SG,32,10,NBA,MEM,16,0,284,33,107,0.308,11,43,0.256,22,64,0.344,0.36,6,8,0.75,2,16,18,23,5,2,16,11,83
19302,2004,2889,Wesley Person,NA,SG,32,10,NBA,POR,33,0,621,80,168,0.476,36,76,0.474,44,92,0.478,0.583,19,25,0.76,12,62,74,38,11,6,18,22,215
19303,2004,2889,Wesley Person,NA,SG,32,10,NBA,ATL,9,0,132,13,39,0.333,8,19,0.421,5,20,0.25,0.436,6,6,1,2,23,25,5,3,1,4,5,40
19304,2004,3492,Willie Green,NA,SG,22,1,NBA,PHI,53,0,767,143,357,0.401,19,61,0.311,124,296,0.419,0.427,59,81,0.728,16,49,65,53,26,5,59,83,364
19305,2004,3428,Yao Ming,NA,C,23,2,NBA,HOU,82,82,2692,535,1025,0.522,0,2,0,535,1023,0.523,0.522,361,446,0.809,197,538,735,122,22,156,204,273,1431
19306,2004,3362,Zach Randolph,NA,PF,22,3,NBA,POR,81,80,3067,663,1368,0.485,1,5,0.2,662,1363,0.486,0.485,299,393,0.761,242,609,851,163,68,41,247,227,1626
19307,2004,3493,Zaza Pachulia,NA,C,19,1,NBA,ORL,59,2,664,68,175,0.389,0,0,NA,68,175,0.389,0.389,58,90,0.644,69,105,174,13,21,12,34,87,194
19308,2004,3295,Zendon Hamilton,NA,C,28,4,NBA,PHI,46,0,473,51,95,0.537,0,0,NA,51,95,0.537,0.537,67,96,0.698,49,97,146,13,8,8,27,74,169
19309,2004,3494,Zoran Planinić,NA,SG,21,1,NBA,NJN,49,1,473,53,129,0.411,9,32,0.281,44,97,0.454,0.446,38,60,0.633,14,41,55,68,13,3,36,70,153
19310,2004,3100,Zydrunas Ilgauskas,NA,C,28,6,NBA,CLE,81,81,2539,466,965,0.483,2,7,0.286,464,958,0.484,0.484,303,406,0.746,279,374,653,109,39,201,163,277,1237
19311,2004,3495,Žarko Čabarkapa,NA,PF,22,1,NBA,PHO,49,4,570,81,197,0.411,6,32,0.188,75,165,0.455,0.426,35,53,0.66,26,73,99,40,10,13,54,75,203
19312,2004,3364,Željko Rebrača,NA,C,31,3,NBA,TOT,24,2,273,34,77,0.442,0,0,NA,34,77,0.442,0.442,23,30,0.767,23,35,58,6,5,11,17,52,91
19313,2004,3364,Željko Rebrača,NA,C,31,3,NBA,DET,21,2,222,22,54,0.407,0,0,NA,22,54,0.407,0.407,22,28,0.786,19,30,49,4,5,9,13,45,66
19314,2004,3364,Željko Rebrača,NA,C,31,3,NBA,ATL,3,0,51,12,23,0.522,0,0,NA,12,23,0.522,0.522,1,2,0.5,4,5,9,2,0,2,4,7,25
