Rk,Player,Age,Team,Pos,G,GS,MP,PER,TS%,3PAr,FTr,ORB%,DRB%,TRB%,AST%,STL%,BLK%,TOV%,USG%,OWS,DWS,WS,WS/48,OBPM,DBPM,BPM,VORP,Awards,Player-additional
1,Jeff Adrien,25,HOU,PF,8,0,63,11.2,.493,.000,.750,9.1,31.6,20.3,2.4,0.0,2.4,8.6,16.8,0.1,0.1,0.1,.106,-4.0,-0.2,-4.3,0.0,,adrieje01
2,Arron Afflalo,26,DEN,SG,62,62,2086,14.7,.584,.316,.353,2.3,8.5,5.5,11.1,0.9,0.5,9.5,19.1,4.7,0.6,5.3,.121,1.4,-1.2,0.1,1.1,,afflaar01
3,Blake Ahearn,27,UTA,PG,4,0,30,-7.3,.357,.643,.000,0.0,7.7,3.8,5.2,0.0,0.0,26.3,28.4,-0.2,0.0,-0.2,-.315,-12.7,-6.8,-19.5,-0.1,,ahearbl01
4,Solomon Alabi,23,TOR,C,14,0,122,14.2,.418,.000,.222,14.6,30.4,22.6,4.1,0.9,6.0,11.2,17.2,0.0,0.2,0.2,.083,-2.9,0.7,-2.2,0.0,,alabiso01
5,Cole Aldrich,23,OKC,C,26,0,173,17.7,.592,.000,.333,9.2,21.6,15.8,2.7,2.4,6.7,15.7,14.9,0.3,0.4,0.6,.176,-1.3,2.2,1.0,0.1,,aldrico01
6,LaMarcus Aldridge,26,POR,PF,55,55,1994,22.7,.560,.012,.291,8.6,17.5,12.9,13.2,1.3,1.7,9.5,27.0,5.4,1.6,7.0,.169,3.4,-0.4,3.0,2.5,,aldrila01
7,Lavoy Allen,22,PHI,PF,41,15,624,12.7,.488,.000,.084,8.3,22.2,15.2,8.4,1.1,2.2,10.4,14.5,0.4,1.2,1.6,.124,-2.8,1.0,-1.7,0.0,,allenla01
8,Ray Allen,36,BOS,SG,46,42,1565,14.8,.607,.475,.215,1.1,9.2,5.3,11.8,1.7,0.4,11.2,18.6,2.5,2.2,4.7,.145,1.5,0.7,2.2,1.6,,allenra02
9,Tony Allen,30,MEM,SG,58,57,1525,15.7,.541,.058,.391,7.4,10.6,8.9,8.3,3.6,1.8,15.2,18.4,1.7,2.5,4.2,.131,-0.6,2.3,1.7,1.4,,allento01
10,Morris Almond,26,WAS,SG,4,0,67,8.7,.382,.176,.176,1.7,11.9,6.7,4.4,5.4,0.0,5.2,12.9,-0.1,0.1,0.0,.032,-6.0,4.2,-1.8,0.0,,almonmo01
11,Al-Farouq Aminu,21,NOH,SF,66,21,1477,10.6,.481,.129,.312,7.8,16.9,12.4,7.2,2.2,1.9,18.0,16.2,-0.4,1.8,1.4,.044,-2.9,0.7,-2.2,-0.1,,aminual01
12,Lou Amundson,29,IND,PF,60,0,753,11.5,.438,.000,.396,14.1,19.0,16.6,3.0,1.9,4.6,15.6,17.3,-0.3,1.3,1.0,.062,-4.0,0.1,-4.0,-0.4,,amundlo01
13,Alan Anderson,29,TOR,SF,17,12,461,8.7,.519,.430,.239,2.1,6.5,4.3,9.5,0.6,0.5,13.7,18.6,0.1,0.2,0.3,.032,-1.7,-1.3,-3.0,-0.1,,anderal01
14,Chris Andersen,33,DEN,C,32,1,486,18.9,.583,.000,.759,11.9,23.3,17.8,1.8,2.0,7.4,10.6,14.8,1.0,0.8,1.9,.183,0.5,1.8,2.3,0.5,,anderch01
15,James Anderson,22,SAS,SG,51,2,603,8.8,.483,.391,.299,3.1,11.8,7.5,9.6,0.7,0.2,13.2,17.2,0.1,0.4,0.5,.040,-2.7,-1.4,-4.1,-0.3,,anderja01
16,Ryan Anderson,23,ORL,PF,61,61,1964,21.2,.589,.557,.226,13.0,14.7,13.8,5.1,1.4,1.0,6.4,21.2,7.0,1.9,8.9,.219,5.2,-1.1,4.0,3.0,,anderry01
17,Carmelo Anthony,27,NYK,SF,55,55,1876,21.1,.525,.198,.358,5.4,15.9,10.6,21.0,1.7,1.0,10.8,31.8,3.7,2.6,6.2,.160,3.8,-0.2,3.6,2.7,,anthoca01
18,Joel Anthony,29,MIA,C,64,51,1349,10.3,.598,.000,.467,9.2,12.8,11.1,1.0,1.4,5.1,19.7,7.8,1.2,2.2,3.4,.122,-2.0,1.6,-0.5,0.5,,anthojo01
19,Gilbert Arenas,30,MEM,PG,17,0,211,9.9,.526,.609,.156,1.1,9.0,5.0,13.4,2.8,0.4,14.9,17.3,0.1,0.3,0.4,.088,-3.3,2.0,-1.3,0.0,,arenagi01
20,Trevor Ariza,26,NOH,SF,41,41,1350,14.2,.496,.216,.253,3.7,15.1,9.5,16.8,2.8,1.5,14.5,18.4,0.5,1.7,2.2,.078,-0.4,1.7,1.3,1.1,,arizatr01
21,Metta World Peace,32,LAL,SF,64,45,1720,11.0,.478,.406,.247,4.8,9.1,7.1,12.5,2.1,1.1,11.8,15.6,0.9,1.7,2.6,.073,-1.6,1.0,-0.7,0.6,,artesro01
22,Ömer Aşık,25,CHI,C,66,2,971,13.4,.509,.000,.660,14.9,25.1,20.1,4.8,1.7,5.0,25.2,12.6,0.1,2.5,2.6,.129,-3.2,2.5,-0.7,0.3,,asikom01
23,D.J. Augustin,24,CHA,PG,48,46,1408,14.1,.493,.368,.246,1.9,7.2,4.4,38.9,1.3,0.1,16.9,21.3,0.7,-0.2,0.5,.018,0.7,-3.2,-2.5,-0.2,,augusdj01
24,Gustavo Ayón,26,NOH,PF,54,24,1088,16.7,.552,.004,.241,9.6,19.3,14.5,11.5,2.6,3.5,13.7,14.5,1.5,1.7,3.2,.142,0.0,2.5,2.5,1.2,,ayongu01
25,Kelenna Azubuike,28,DAL,SG,3,0,18,-3.4,.438,.375,.000,0.0,0.0,0.0,0.0,2.9,0.0,33.3,30.9,-0.1,0.0,-0.1,-.325,-10.3,-3.7,-14.0,-0.1,,azubuke01
26,Luke Babbitt,22,POR,SF,40,4,537,11.3,.556,.578,.116,3.4,17.5,10.3,4.8,1.0,0.6,12.9,17.8,0.4,0.3,0.7,.064,-0.6,-1.8,-2.3,0.0,,babbilu01
27,Renaldo Balkman,27,NYK,SF,14,0,115,14.3,.570,.281,.344,6.0,20.3,13.1,7.2,1.8,2.1,14.0,16.7,0.1,0.2,0.3,.142,-1.3,0.8,-0.5,0.0,,balkmre01
28,Leandro Barbosa,29,2TM,SG,64,0,1382,14.0,.512,.267,.195,2.8,7.9,5.3,13.3,2.2,0.4,12.0,26.5,0.5,1.2,1.7,.060,-0.6,-0.6,-1.2,0.3,,barbole01
28,Leandro Barbosa,29,TOR,SG,42,0,946,14.2,.518,.244,.200,2.6,7.1,4.9,13.3,2.0,0.6,12.1,28.0,0.2,0.8,1.0,.052,-0.5,-0.6,-1.1,0.2,,barbole01
28,Leandro Barbosa,29,IND,SG,22,0,436,13.4,.496,.322,.180,3.1,9.5,6.3,13.3,2.4,0.0,11.6,23.2,0.2,0.5,0.7,.076,-0.7,-0.7,-1.4,0.1,,barbole01
29,J.J. Barea,27,MIN,PG,41,11,1032,14.9,.502,.342,.234,1.5,10.8,6.1,39.0,1.0,0.0,18.3,24.3,0.8,0.4,1.2,.056,1.1,-2.1,-1.0,0.3,,bareajo01
30,Andrea Bargnani,26,TOR,C,31,31,1032,17.9,.538,.238,.357,2.8,16.6,9.8,11.6,0.9,1.2,11.0,28.7,1.3,0.9,2.2,.104,2.4,-1.3,1.1,0.8,,bargnan01
31,Matt Barnes,31,LAL,SF,63,16,1440,15.5,.554,.357,.331,7.9,18.3,13.3,13.8,1.3,2.4,14.1,16.4,2.4,1.8,4.3,.142,0.4,1.3,1.6,1.3,,barnema02
32,Earl Barron,30,GSW,C,2,0,9,4.7,.500,.000,.000,12.6,0.0,6.3,0.0,0.0,0.0,0.0,20.5,0.0,0.0,0.0,.054,-11.5,-4.8,-16.3,0.0,,barroea01
33,Brandon Bass,26,BOS,PF,59,39,1868,14.1,.524,.000,.258,6.3,16.3,11.5,5.1,1.0,2.2,8.5,19.8,1.5,3.2,4.7,.122,-1.3,0.3,-1.0,0.5,,bassbr01
34,Shane Battier,33,MIA,SF,65,10,1499,9.7,.504,.627,.127,4.6,7.7,6.2,8.0,2.2,1.8,10.7,10.7,1.2,2.1,3.3,.104,-0.7,1.6,0.9,1.1,,battish01
35,Tony Battie,35,PHI,C,27,11,295,7.3,.398,.020,.078,3.0,22.3,12.6,7.6,0.7,1.5,7.0,9.0,0.0,0.5,0.5,.076,-4.4,1.5,-2.9,-0.1,,battito01
36,Nicolas Batum,23,POR,SF,59,34,1791,17.3,.575,.427,.248,5.2,12.6,8.8,7.9,1.7,2.6,11.2,20.5,3.3,1.4,4.8,.127,2.6,0.0,2.5,2.0,,batumni01
37,Jerryd Bayless,23,TOR,PG,31,11,705,17.7,.561,.377,.319,1.3,9.5,5.5,30.7,1.8,0.5,14.4,24.6,1.5,0.6,2.0,.139,2.4,-0.7,1.7,0.6,,bayleje01
38,Michael Beasley,23,MIN,SF,47,7,1087,13.0,.502,.203,.191,4.0,17.2,10.6,7.7,0.9,1.2,12.9,25.3,-0.3,0.8,0.5,.022,-1.2,-0.9,-2.1,0.0,,beaslmi01
39,Rodrigue Beaubois,23,DAL,PG,53,12,1151,15.3,.496,.297,.155,1.9,12.8,7.4,22.7,2.6,1.9,12.8,22.0,0.5,1.7,2.2,.092,-0.4,1.7,1.3,1.0,,beaubro01
40,Marco Belinelli,25,NOH,SG,66,55,1966,11.9,.525,.414,.188,1.2,9.1,5.2,8.9,1.3,0.2,8.5,19.5,1.9,1.0,2.9,.071,-0.4,-0.8,-1.2,0.4,,belinma01
41,Raja Bell,35,UTA,SG,34,33,796,8.3,.586,.500,.144,0.9,6.3,3.5,7.0,0.9,0.2,10.2,11.6,1.0,0.1,1.1,.069,-1.8,-0.7,-2.5,-0.1,,bellra01
42,Keith Benson,23,GSW,C,3,0,9,6.0,.000,.000,.000,25.3,12.6,18.9,0.0,0.0,0.0,0.0,5.1,0.0,0.0,0.0,-.005,-1.4,-6.3,-7.7,0.0,,bensoke02
43,Mike Bibby,33,NYK,PG,39,4,557,7.8,.404,.685,.065,1.0,11.3,6.1,21.2,1.9,0.4,13.6,11.9,0.0,0.7,0.7,.061,-2.9,1.0,-1.9,0.0,,bibbymi01
44,Andris Biedriņš,25,GSW,C,47,35,739,8.8,.581,.000,.141,6.9,20.0,13.5,3.0,1.6,4.7,17.1,5.1,0.6,0.7,1.3,.085,-3.8,1.5,-2.3,0.0,,biedran01
45,Chauncey Billups,35,LAC,SG,20,20,607,16.1,.554,.548,.417,0.8,9.1,4.9,21.0,0.8,0.4,12.3,23.4,1.5,0.2,1.7,.135,2.9,-2.0,0.9,0.4,,billuch01
46,Bismack Biyombo,19,CHA,C,63,41,1455,10.6,.480,.000,.514,8.6,20.8,14.5,3.1,0.7,5.9,17.2,13.1,-0.5,1.1,0.6,.019,-4.5,-0.2,-4.6,-1.0,,biyombi01
47,DeJuan Blair,22,SAS,PF,64,62,1363,17.6,.549,.002,.236,13.2,16.3,14.8,9.2,2.2,0.6,14.2,21.7,2.2,1.8,4.0,.142,-0.4,0.0,-0.3,0.6,,blairde01
48,Steve Blake,31,LAL,PG,53,5,1237,8.5,.493,.590,.101,0.9,6.6,3.8,21.0,1.7,0.1,20.5,13.0,0.2,0.8,1.0,.040,-2.5,0.0,-2.5,-0.2,,blakest01
49,Andray Blatche,25,WAS,PF,26,13,626,10.6,.415,.029,.200,7.5,19.6,13.5,7.3,1.7,2.1,12.2,21.7,-0.8,0.6,-0.1,-.011,-3.4,-1.4,-4.8,-0.4,,blatcan01
50,Eric Bledsoe,22,LAC,PG,40,1,464,11.2,.454,.238,.349,5.6,11.1,8.3,21.6,3.6,2.5,24.4,19.1,-0.4,0.6,0.2,.022,-3.4,1.8,-1.6,0.0,,bledser01
51,Keith Bogans,31,NJN,SF,5,1,94,4.8,.453,.571,.238,6.0,7.6,6.8,5.1,1.1,0.0,11.5,12.8,0.0,0.0,0.0,-.005,-5.2,-2.7,-7.9,-0.1,,boganke01
52,Andrew Bogut,27,MIL,C,12,12,364,14.9,.465,.007,.169,6.5,24.3,15.1,13.7,1.7,5.0,14.1,20.6,-0.1,0.6,0.5,.062,-1.9,2.3,0.5,0.2,,bogutan01
53,Matt Bonner,31,SAS,PF,65,2,1326,13.2,.597,.714,.060,2.6,15.7,9.3,6.5,0.6,1.1,3.8,12.8,2.7,1.2,4.0,.143,2.4,0.3,2.6,1.5,,bonnema01
54,Trevor Booker,24,WAS,PF,50,32,1261,15.4,.549,.006,.273,10.6,18.6,14.5,5.1,2.0,2.6,13.2,15.6,1.6,1.4,3.0,.113,-0.8,0.0,-0.8,0.4,,booketr01
55,Carlos Boozer,30,CHI,PF,66,66,1948,19.7,.549,.001,.163,6.7,25.3,16.1,11.8,1.7,0.9,11.3,23.8,3.3,4.3,7.6,.187,1.1,1.6,2.7,2.3,,boozeca01
56,Chris Bosh,27,MIA,PF,57,57,2007,18.9,.551,.043,.346,5.8,20.5,13.5,9.1,1.3,1.8,11.2,24.2,3.6,3.3,6.9,.165,1.0,-0.2,0.8,1.4,,boshch01
57,Earl Boykins,35,HOU,PG,8,0,111,10.3,.458,.250,.417,0.0,11.6,5.7,23.0,0.5,0.0,14.1,20.3,0.0,0.0,0.1,.029,-2.2,-1.9,-4.0,-0.1,,boykiea01
58,Craig Brackins,24,PHI,PF,14,1,88,4.3,.325,.273,.061,6.3,12.7,9.5,13.5,0.0,0.9,10.6,20.2,-0.2,0.1,-0.1,-.065,-6.3,-2.7,-9.0,-0.2,,brackcr01
59,Avery Bradley,21,BOS,PG,64,28,1368,11.3,.555,.134,.194,3.1,6.7,5.0,10.8,1.7,0.7,14.7,17.9,0.6,1.9,2.4,.085,-2.3,0.7,-1.7,0.1,,bradlav01
60,Elton Brand,32,PHI,C,60,60,1732,18.0,.521,.002,.200,9.2,18.3,13.7,9.2,1.8,4.2,9.3,18.9,2.5,3.6,6.1,.168,-0.2,1.8,1.6,1.6,,brandel01
61,Corey Brewer,25,DEN,SF,59,17,1287,13.7,.505,.274,.281,4.0,9.4,6.8,10.6,2.9,1.0,9.7,20.0,1.1,1.1,2.3,.085,-0.8,0.7,-0.1,0.6,,breweco01
62,Ronnie Brewer,26,CHI,SG,66,43,1635,12.3,.465,.155,.225,5.0,10.6,7.9,12.7,2.4,0.9,10.8,15.3,1.0,2.9,3.9,.113,-1.5,2.2,0.7,1.1,,brewero02
63,Jon Brockman,24,MIL,PF,35,0,239,6.6,.359,.022,.333,14.8,19.9,17.3,5.2,0.9,0.3,16.2,11.4,-0.1,0.2,0.1,.023,-4.4,-2.0,-6.5,-0.3,,brockjo01
64,MarShon Brooks,23,NJN,SG,56,47,1648,12.9,.502,.234,.231,4.8,9.4,7.0,14.6,1.7,0.7,14.3,22.9,0.5,0.3,0.8,.022,-0.7,-1.7,-2.4,-0.2,,brookma01
65,Derrick Brown,24,CHA,SF,65,17,1443,14.7,.556,.059,.345,7.3,11.6,9.4,8.5,1.8,0.6,10.5,16.8,2.0,0.3,2.3,.076,-0.3,-1.2,-1.5,0.2,,brownde04
66,Kwame Brown,29,GSW,C,9,3,187,11.1,.519,.000,.850,9.7,24.8,17.3,3.2,2.2,0.0,20.3,17.0,-0.1,0.2,0.1,.031,-3.0,-0.7,-3.7,-0.1,,brownkw01
67,Shannon Brown,26,PHO,SG,59,19,1400,13.6,.507,.314,.166,3.1,9.5,6.3,8.1,1.6,0.8,9.1,22.8,0.8,0.8,1.6,.054,-0.2,-0.9,-1.0,0.3,,brownsh01
68,Kobe Bryant,33,LAL,SG,58,58,2232,21.9,.527,.215,.338,3.5,11.8,7.8,23.7,1.6,0.6,11.7,35.7,4.2,2.0,6.2,.132,4.2,-0.9,3.3,2.9,,bryanko01
69,Chase Budinger,23,HOU,SF,58,9,1298,14.9,.556,.465,.149,3.4,16.2,9.7,9.3,1.2,0.4,9.9,19.5,2.0,1.0,3.0,.111,1.8,-0.6,1.2,1.0,,budinch01
70,Alec Burks,20,UTA,SG,59,0,939,14.0,.506,.126,.401,6.9,9.3,8.1,9.5,1.5,0.4,10.8,22.5,1.1,0.4,1.5,.076,-0.6,-1.4,-2.0,0.0,,burksal01
71,Caron Butler,31,LAC,SF,63,63,1871,11.7,.501,.365,.152,2.8,12.0,7.3,6.8,1.5,0.4,9.3,20.4,1.2,1.1,2.3,.059,-0.8,-1.2,-2.0,0.0,,butleca01
72,Jimmy Butler,22,CHI,SG,42,0,359,12.5,.526,.139,.709,7.3,10.1,8.7,5.7,1.6,1.0,11.9,14.9,0.5,0.6,1.1,.144,-1.8,0.5,-1.3,0.1,,butleji01
73,Rasual Butler,32,TOR,SF,34,14,453,4.8,.398,.579,.090,1.6,15.4,8.5,6.8,0.8,0.9,9.8,15.9,-0.6,0.4,-0.2,-.022,-3.9,-0.7,-4.6,-0.3,,butlera01
74,Derrick Byars,27,SAS,PF,2,0,37,14.9,.392,.545,.364,19.0,15.2,17.1,3.7,2.8,0.0,0.0,15.7,0.1,0.1,0.1,.147,-2.3,-2.5,-4.7,0.0,,byarsde01
75,Andrew Bynum,24,LAL,C,60,60,2112,22.9,.594,.006,.425,10.6,26.1,18.7,7.4,0.7,4.0,13.9,23.8,4.8,3.3,8.0,.183,2.7,0.2,2.9,2.6,,bynuman01
76,Will Bynum,29,DET,PG,36,0,514,10.0,.459,.149,.330,2.3,11.1,6.5,22.4,2.4,0.5,19.6,24.8,-0.7,0.4,-0.2,-.022,-4.3,-0.8,-5.1,-0.4,,bynumwi01
77,José Calderón,30,TOR,PG,53,53,1799,16.7,.547,.333,.143,1.3,9.1,5.2,44.2,1.4,0.1,17.0,16.0,3.9,1.2,5.1,.136,2.4,-0.7,1.7,1.7,,caldejo01
78,Marcus Camby,37,2TM,C,59,53,1352,16.2,.455,.017,.223,13.3,32.7,22.8,11.9,1.9,4.8,15.3,12.6,1.1,2.5,3.6,.127,-0.1,2.3,2.2,1.4,,cambyma01
78,Marcus Camby,37,POR,C,40,40,894,14.5,.428,.000,.236,13.4,33.2,23.1,12.4,1.9,4.8,20.9,11.5,0.3,1.6,1.9,.100,-1.1,2.6,1.5,0.8,,cambyma01
78,Marcus Camby,37,HOU,C,19,13,458,19.6,.491,.040,.206,13.0,31.7,22.3,10.9,1.9,4.7,6.8,14.6,0.8,0.9,1.7,.179,1.7,1.8,3.5,0.6,,cambyma01
79,Brian Cardinal,34,DAL,SF,44,0,277,3.3,.373,.891,.109,1.6,12.1,6.9,8.3,1.5,0.6,12.2,11.0,-0.3,0.3,0.0,.004,-5.9,0.8,-5.2,-0.2,,cardibr01
80,DeMarre Carroll,25,2TM,PF,24,9,348,11.1,.478,.181,.152,9.1,8.3,8.8,8.1,1.8,0.2,8.9,15.9,0.3,0.2,0.5,.069,-1.4,-0.6,-1.9,0.0,,carrode01
80,DeMarre Carroll,25,DEN,PF,4,0,21,25.2,1.000,.000,.000,0.0,16.2,8.3,27.7,0.0,0.0,25.0,17.0,0.1,0.0,0.1,.211,6.7,2.6,9.3,0.1,,carrode01
80,DeMarre Carroll,25,UTA,SF,20,9,327,10.1,.448,.192,.162,9.7,7.8,8.8,6.9,1.9,0.2,7.8,15.8,0.2,0.2,0.4,.060,-1.9,-0.8,-2.6,-0.1,,carrode01
81,Matt Carroll,31,CHA,SG,53,2,596,5.6,.409,.274,.242,1.5,10.0,5.6,10.6,1.4,0.9,12.1,15.3,-0.7,0.1,-0.6,-.051,-5.9,-1.5,-7.4,-0.8,,carroma01
82,Anthony Carter,36,TOR,PG,24,0,209,8.7,.409,.321,.189,2.8,15.5,9.3,25.9,2.1,1.6,22.8,16.8,-0.3,0.3,0.0,.001,-3.8,0.8,-3.0,-0.1,,cartean01
83,Vince Carter,35,DAL,SG,61,40,1542,13.6,.519,.378,.212,2.3,12.5,7.5,15.0,1.9,1.3,12.4,20.4,1.0,1.8,2.9,.090,-0.7,0.8,0.1,0.8,,cartevi01
84,Omri Casspi,23,CLE,SF,65,35,1341,11.2,.499,.408,.262,5.1,14.5,9.7,8.4,1.5,1.2,12.2,17.6,0.6,0.6,1.2,.044,-1.3,-0.9,-2.2,-0.1,,casspom01
85,Mario Chalmers,25,MIA,PG,64,64,1825,12.9,.578,.522,.203,1.1,9.8,5.6,19.0,2.8,0.5,20.7,17.4,1.5,2.8,4.3,.112,-0.8,1.2,0.4,1.1,,chalmma01
86,Tyson Chandler,29,NYK,C,62,62,2061,18.7,.708,.006,.887,11.8,22.7,17.2,4.3,1.4,3.4,17.1,13.0,5.8,3.6,9.5,.220,1.2,1.1,2.3,2.2,,chandty01
87,Wilson Chandler,24,DEN,SF,8,6,215,9.0,.445,.152,.152,3.4,18.4,11.1,12.0,1.4,2.2,17.6,21.2,-0.3,0.2,-0.1,-.021,-3.6,-1.0,-4.6,-0.1,,chandwi01
88,Josh Childress,28,PHO,SF,34,0,491,11.1,.501,.242,.020,7.2,14.6,10.9,10.0,1.5,0.9,8.3,10.1,0.6,0.4,0.9,.092,-1.0,0.7,-0.2,0.2,,childjo01
89,Earl Clark,24,ORL,PF,45,1,559,8.1,.405,.000,.209,7.1,18.6,12.8,5.2,1.2,4.5,14.1,14.8,-0.5,0.8,0.3,.027,-5.6,0.7,-4.9,-0.4,,clarkea01
90,Norris Cole,23,MIA,PG,65,2,1260,7.9,.452,.169,.189,2.1,6.4,4.3,17.0,1.8,0.1,17.7,21.8,-1.4,1.4,0.0,.000,-4.9,-1.4,-6.3,-1.4,,coleno01
91,Darren Collison,24,IND,PG,60,56,1878,13.6,.526,.180,.293,1.8,9.3,5.6,24.9,1.4,0.6,16.2,17.0,2.3,1.5,3.8,.098,0.3,-0.5,-0.2,0.9,,collida01
92,Jason Collins,33,ATL,C,30,10,308,3.7,.418,.000,.375,4.6,13.6,9.1,4.6,0.7,0.7,17.7,8.6,-0.2,0.3,0.2,.025,-5.8,-0.3,-6.1,-0.3,,collija04
93,Nick Collison,31,OKC,PF,63,0,1307,12.1,.622,.005,.308,11.1,12.7,12.0,9.3,1.3,1.6,21.1,10.0,2.3,1.2,3.5,.130,-0.5,0.7,0.2,0.7,,collini01
94,Mike Conley,24,MEM,PG,62,61,2174,16.8,.523,.232,.231,1.2,7.4,4.2,29.8,3.3,0.4,14.2,18.3,3.6,2.8,6.4,.141,1.0,1.4,2.4,2.4,,conlemi01
95,Brian Cook,31,2TM,PF,32,0,276,5.8,.396,.510,.102,4.1,22.3,13.1,5.7,1.1,1.5,9.7,18.7,-0.3,0.3,-0.1,-.011,-6.2,-1.4,-7.6,-0.4,,cookbr01
95,Brian Cook,31,LAC,PF,16,0,121,0.0,.305,.551,.082,3.9,18.9,11.3,2.5,0.9,2.8,7.3,20.9,-0.4,0.1,-0.2,-.098,-9.8,-2.8,-12.6,-0.3,,cookbr01
95,Brian Cook,31,WAS,PF,16,0,155,10.4,.484,.469,.122,4.3,25.0,14.6,8.2,1.3,0.5,11.9,16.9,0.0,0.2,0.2,.058,-3.4,-0.3,-3.7,-0.1,,cookbr01
96,Daequan Cook,24,OKC,SG,57,22,989,9.2,.509,.770,.074,1.5,11.9,7.0,2.3,1.1,0.8,5.0,14.7,0.8,0.8,1.6,.078,-0.5,-0.7,-1.3,0.2,,cookda02
97,DeMarcus Cousins,21,SAC,C,64,62,1950,21.7,.499,.014,.373,14.2,25.9,19.8,9.5,2.4,2.8,12.8,29.7,2.1,2.2,4.2,.104,0.4,-1.3,-0.8,0.6,,couside01
98,Jamal Crawford,31,POR,PG,60,6,1613,15.7,.506,.353,.280,1.1,7.5,4.3,20.5,1.8,0.7,11.8,26.6,1.6,0.7,2.3,.069,1.0,-1.2,-0.2,0.7,,crawfja01
99,Jordan Crawford,23,WAS,SG,64,32,1753,14.5,.488,.313,.233,2.8,8.1,5.4,19.3,1.7,0.2,12.8,28.1,0.3,0.7,1.1,.029,0.4,-2.1,-1.7,0.1,,crawfjo02
100,Dante Cunningham,24,MEM,PF,64,5,1124,14.9,.538,.007,.247,9.3,16.4,12.8,5.2,2.0,2.5,8.6,13.6,1.8,1.7,3.4,.147,-0.3,1.0,0.8,0.8,,cunnida01
101,Eddy Curry,29,MIA,C,14,1,83,3.6,.508,.000,.308,6.0,11.1,8.6,1.9,0.0,2.0,25.3,22.1,-0.2,0.1,-0.1,-.046,-9.4,-2.3,-11.8,-0.2,,curryed01
102,Stephen Curry,23,GSW,PG,26,23,732,21.2,.605,.409,.159,2.3,11.3,6.8,32.3,2.8,0.8,17.0,24.0,1.8,0.4,2.2,.144,4.1,0.3,4.3,1.2,,curryst01
103,Samuel Dalembert,30,HOU,C,65,45,1446,16.9,.551,.003,.286,12.6,24.1,18.3,3.6,1.3,5.7,15.6,16.6,1.8,2.3,4.1,.137,-1.1,1.1,0.1,0.7,,dalemsa01
104,Erick Dampier,36,ATL,C,15,0,83,5.5,.125,.000,.000,14.3,21.0,17.7,6.5,0.6,3.7,27.3,6.2,-0.1,0.1,0.1,.035,-4.9,0.2,-4.7,-0.1,,dampier01
105,Marquis Daniels,31,BOS,SG,38,0,484,8.1,.395,.070,.161,4.1,11.6,8.0,15.5,2.3,1.4,15.5,18.0,-0.8,0.9,0.1,.008,-4.5,1.4,-3.1,-0.1,,daniema01
106,Baron Davis,32,NYK,PG,29,14,595,10.0,.457,.462,.130,2.5,8.4,5.4,36.2,2.9,0.4,28.1,20.4,-0.7,0.8,0.2,.014,-1.9,-0.2,-2.1,0.0,,davisba01
107,Ed Davis,22,TOR,PF,66,9,1534,14.2,.544,.003,.316,10.4,23.0,16.7,6.5,1.4,3.4,14.9,13.8,1.6,2.3,3.9,.121,-1.2,0.8,-0.3,0.7,,davised01
108,Glen Davis,26,ORL,PF,61,13,1427,13.2,.466,.026,.313,8.5,18.4,13.4,5.9,1.6,1.0,11.0,22.4,0.0,1.7,1.7,.057,-2.4,-0.7,-3.2,-0.4,,davisgl01
109,Josh Davis,31,MEM,PF,15,0,130,11.3,.459,.481,.296,14.1,10.1,12.1,6.8,2.8,0.6,8.9,11.7,0.2,0.2,0.3,.124,-0.6,1.1,0.6,0.1,,davisjo02
110,Eric Dawson,27,SAS,C,4,0,39,14.6,.582,.000,.167,15.0,14.4,14.7,0.0,1.3,3.7,18.9,18.6,0.0,0.1,0.1,.106,-3.2,-2.7,-5.9,0.0,,dawsoer01
111,Austin Daye,23,DET,SF,41,4,603,7.1,.394,.273,.189,2.7,15.8,9.0,9.2,2.0,2.8,14.0,21.9,-1.3,0.6,-0.6,-.050,-5.0,-0.1,-5.0,-0.5,,dayeau01
112,Carlos Delfino,29,MIL,SF,54,53,1537,11.7,.515,.528,.106,1.4,13.9,7.5,11.9,2.6,0.5,12.2,15.5,0.8,1.6,2.4,.075,-1.1,1.1,-0.1,0.8,,delfica01
113,Luol Deng,26,CHI,SF,54,54,2129,14.1,.500,.285,.219,4.1,14.0,9.2,11.7,1.4,1.2,10.4,19.8,2.3,3.6,5.8,.132,0.6,1.1,1.7,2.0,,denglu01
114,Justin Dentmon,26,2TM,PG,6,0,91,4.8,.424,.500,.214,0.0,10.2,5.1,18.0,1.2,0.0,18.6,19.4,-0.2,0.1,-0.1,-.049,-6.4,-0.6,-7.0,-0.1,,dentmju01
114,Justin Dentmon,26,SAS,PG,2,0,19,1.6,.333,.667,.000,0.0,5.9,3.0,7.4,2.7,0.0,14.3,16.8,-0.1,0.0,0.0,-.090,-9.0,1.4,-7.5,0.0,,dentmju01
114,Justin Dentmon,26,TOR,PG,4,0,72,5.7,.446,.455,.273,0.0,11.3,5.7,20.9,0.7,0.0,19.6,20.1,-0.1,0.0,-0.1,-.039,-5.8,-1.1,-6.9,-0.1,,dentmju01
115,DeMar DeRozan,22,TOR,SG,63,63,2206,12.8,.503,.102,.367,2.1,9.0,5.6,10.8,1.2,0.6,10.5,25.0,1.1,1.4,2.5,.054,-1.4,-1.3,-2.7,-0.4,,derozde01
116,Boris Diaw,29,2TM,PF,57,35,1424,11.2,.498,.282,.100,5.5,17.3,11.3,23.8,1.2,1.3,23.4,15.5,-0.3,0.8,0.6,.019,-1.6,-0.2,-1.8,0.1,,diawbo01
116,Boris Diaw,29,CHA,PF,37,28,1018,10.8,.461,.304,.095,5.1,17.3,11.0,26.9,1.0,1.4,22.2,17.2,-0.8,0.3,-0.5,-.023,-1.8,-0.9,-2.8,-0.2,,diawbo01
116,Boris Diaw,29,SAS,PF,20,7,406,12.1,.650,.191,.118,6.6,17.2,12.0,16.1,1.8,1.1,28.1,11.2,0.5,0.5,1.1,.125,-1.2,1.7,0.5,0.3,,diawbo01
117,Ike Diogu,28,SAS,PF,2,0,14,-2.9,.347,.000,1.000,0.0,8.0,4.1,0.0,0.0,0.0,25.8,12.6,0.0,0.0,0.0,-.116,-9.2,-3.1,-12.3,0.0,,dioguik01
118,DeSagana Diop,30,CHA,C,27,9,325,6.8,.347,.000,.143,11.2,19.0,15.0,11.0,1.0,3.0,29.9,9.0,-0.3,0.2,-0.2,-.025,-5.6,-0.2,-5.9,-0.3,,diopde01
119,Keyon Dooling,31,BOS,SG,46,2,662,6.9,.515,.497,.190,0.6,6.1,3.5,12.1,1.0,0.2,16.1,15.3,-0.2,0.8,0.6,.042,-3.8,-0.5,-4.3,-0.4,,doolike01
120,Toney Douglas,25,NYK,PG,38,9,656,7.1,.393,.403,.090,2.8,10.0,6.3,19.6,2.3,0.1,15.7,24.4,-1.4,0.8,-0.6,-.046,-4.7,-1.0,-5.6,-0.6,,douglto01
121,Goran Dragić,25,HOU,PG,66,28,1752,18.0,.567,.337,.317,3.5,7.7,5.6,32.5,2.5,0.4,18.7,21.8,3.6,1.5,5.1,.139,1.9,0.0,1.9,1.7,,dragigo01
122,Jared Dudley,26,PHO,SG,65,60,2020,15.4,.575,.325,.255,5.4,11.4,8.4,8.8,1.3,0.7,9.1,17.7,4.0,1.1,5.1,.121,1.6,-0.4,1.2,1.7,,dudleja01
123,Chris Duhon,29,ORL,PG,63,9,1226,8.4,.558,.586,.103,1.3,8.4,4.8,19.1,1.5,0.6,27.6,11.2,0.4,0.9,1.3,.051,-2.4,0.6,-1.8,0.1,,duhonch01
124,Tim Duncan,35,SAS,C,58,58,1634,22.5,.531,.005,.340,7.9,28.2,18.3,13.5,1.2,3.9,10.3,26.2,3.0,2.9,5.9,.174,2.0,1.3,3.3,2.2,,duncati01
125,Mike Dunleavy,31,MIL,SF,55,3,1445,16.6,.597,.413,.284,2.2,13.7,7.8,13.0,1.0,0.4,9.3,19.0,3.5,0.9,4.4,.146,2.3,-0.9,1.4,1.3,,dunlemi02
126,Kevin Durant,23,OKC,SF,66,66,2546,26.2,.610,.265,.386,1.9,20.4,11.8,17.5,1.8,2.2,14.0,31.3,8.5,3.7,12.2,.230,6.2,0.8,7.0,5.8,,duranke01
127,Jerome Dyson,24,NOH,PG,9,1,180,11.3,.525,.167,.750,1.3,11.1,6.3,16.2,3.3,0.9,23.9,22.0,-0.1,0.2,0.1,.026,-4.7,1.2,-3.6,-0.1,,dysonje01
128,Devin Ebanks,22,LAL,SG,24,12,396,8.3,.465,.101,.393,7.7,7.6,7.6,4.6,1.5,1.1,14.7,14.2,0.0,0.3,0.3,.033,-3.7,-0.5,-4.2,-0.2,,ebankde01
129,Wayne Ellington,24,MIN,SG,51,4,973,9.4,.487,.358,.132,1.6,9.7,5.6,5.5,1.4,0.7,7.5,15.8,0.3,0.5,0.8,.041,-2.7,-0.2,-2.8,-0.2,,ellinwa01
130,Monta Ellis,26,2TM,SG,58,58,2120,17.5,.509,.193,.264,1.1,9.6,5.3,28.6,2.1,0.6,13.2,28.7,1.6,0.9,2.6,.059,1.0,-1.3,-0.3,0.9,,ellismo01
130,Monta Ellis,26,GSW,SG,37,37,1365,18.6,.516,.222,.264,1.3,9.2,5.3,29.3,2.1,0.7,13.5,30.7,1.2,0.4,1.5,.054,2.0,-1.5,0.6,0.9,,ellismo01
130,Monta Ellis,26,MIL,SG,21,21,755,15.4,.493,.134,.265,0.6,10.4,5.3,27.3,2.0,0.6,12.6,25.0,0.5,0.6,1.1,.067,-0.8,-1.1,-1.9,0.0,,ellismo01
131,Francisco Elson,35,PHI,C,5,0,16,6.3,.333,.000,.000,0.0,7.0,3.5,8.8,3.3,4.7,25.0,11.7,0.0,0.0,0.0,-.026,-5.1,2.7,-2.5,0.0,,elsonfr01
132,Andre Emmett,29,NJN,SF,6,0,45,13.3,.618,.143,1.143,5.0,10.6,7.7,3.6,2.4,1.7,16.0,12.7,0.1,0.0,0.1,.089,-0.8,-0.7,-1.5,0.0,,emmetan01
133,Semih Erden,25,CLE,C,28,9,333,9.9,.538,.000,.554,6.6,18.5,12.3,4.6,1.6,1.1,14.8,14.6,0.2,0.2,0.4,.057,-4.6,-0.2,-4.8,-0.2,,erdense01
134,Jeremy Evans,24,UTA,SF,29,0,217,19.6,.632,.024,.381,9.9,16.6,13.2,9.1,1.5,8.8,9.3,11.2,0.6,0.3,0.9,.193,1.5,3.5,5.0,0.4,,evansje01
135,Maurice Evans,33,WAS,SF,24,0,343,9.0,.497,.402,.116,2.6,5.3,3.9,4.2,2.1,0.0,7.8,16.7,0.2,0.1,0.3,.041,-2.9,-0.8,-3.6,-0.1,,evansma01
136,Reggie Evans,31,LAC,PF,56,0,771,9.2,.504,.000,.986,15.3,26.7,20.9,3.1,2.2,0.6,29.9,8.8,0.2,1.0,1.3,.079,-3.5,-0.2,-3.7,-0.3,,evansre01
137,Tyreke Evans,22,SAC,SG,63,61,2162,16.4,.512,.110,.287,3.1,12.0,7.3,22.1,2.0,1.0,14.4,23.8,2.0,0.6,2.7,.059,0.3,-0.9,-0.6,0.8,,evansty01
138,Christian Eyenga,22,2TM,SF,7,0,102,4.8,.298,.120,.320,4.4,11.5,7.8,7.5,1.5,3.7,9.5,14.0,-0.2,0.1,-0.1,-.061,-5.1,-0.4,-5.6,-0.1,,eyengch01
138,Christian Eyenga,22,CLE,SF,6,0,83,2.1,.208,.105,.316,4.0,12.8,8.2,7.2,1.9,3.7,8.5,12.8,-0.2,0.1,-0.2,-.103,-6.3,-0.1,-6.4,-0.1,,eyengch01
138,Christian Eyenga,22,LAL,SF,1,0,19,16.7,.581,.167,.333,6.2,5.6,5.9,8.8,0.0,3.8,12.7,19.0,0.0,0.0,0.0,.122,-0.1,-1.8,-1.9,0.0,,eyengch01
139,Kenneth Faried,22,DEN,PF,46,39,1037,21.9,.618,.000,.531,16.5,22.9,19.8,5.5,1.7,3.6,12.4,18.7,3.2,1.3,4.6,.212,2.4,-0.2,2.2,1.1,,farieke01
140,Jordan Farmar,25,NJN,PG,39,5,831,17.4,.592,.397,.200,1.0,7.8,4.3,29.0,1.5,0.2,16.6,22.6,1.8,0.0,1.8,.104,2.5,-2.1,0.4,0.5,,farmajo01
141,Derrick Favors,20,UTA,PF,65,9,1376,17.1,.537,.000,.436,13.0,22.5,17.7,5.0,1.4,3.8,16.3,20.7,1.4,1.6,3.0,.105,-0.6,-0.5,-1.1,0.3,,favorde01
142,Raymond Felton,27,POR,PG,60,56,1906,13.4,.491,.316,.193,1.6,7.6,4.6,33.3,2.2,0.4,19.6,20.8,0.7,1.0,1.7,.042,-0.3,-1.2,-1.5,0.2,,feltora01
143,Rudy Fernández,26,DEN,SG,31,1,710,13.3,.549,.542,.191,1.5,8.9,5.3,15.9,2.2,0.3,14.1,17.8,0.8,0.4,1.2,.083,0.6,0.1,0.7,0.5,,fernaru01
144,Kyrylo Fesenko,25,IND,C,3,0,17,29.8,.524,.000,1.200,13.3,46.0,29.8,9.5,6.2,0.0,0.0,20.4,0.1,0.1,0.1,.374,4.7,3.6,8.4,0.0,,fesenky01
145,Landry Fields,23,NYK,SG,66,62,1894,12.0,.506,.236,.267,3.6,13.5,8.5,14.5,2.1,0.7,15.1,16.0,0.8,2.6,3.4,.085,-1.1,1.1,0.0,1.0,,fieldla01
146,Derek Fisher,37,2TM,PG,63,43,1508,8.0,.464,.313,.193,0.9,7.7,4.5,16.7,1.8,0.2,16.2,13.6,0.1,1.1,1.2,.038,-3.7,0.4,-3.3,-0.5,,fishede01
146,Derek Fisher,37,LAL,PG,43,43,1101,8.8,.479,.308,.221,1.1,8.0,4.7,19.2,1.9,0.2,18.1,13.4,0.2,0.9,1.1,.048,-3.4,0.8,-2.6,-0.2,,fishede01
146,Derek Fisher,37,OKC,PG,20,0,407,5.9,.429,.324,.130,0.6,7.1,4.1,10.1,1.4,0.2,11.6,14.3,-0.2,0.2,0.1,.011,-4.3,-0.6,-4.9,-0.3,,fishede01
147,Jonny Flynn,22,2TM,PG,29,1,416,11.2,.442,.260,.298,2.2,8.8,5.5,35.7,0.8,0.4,19.5,20.2,0.0,0.1,0.1,.012,-1.3,-3.4,-4.8,-0.3,,flynnjo01
147,Jonny Flynn,22,HOU,PG,11,0,135,8.8,.392,.220,.341,0.9,6.1,3.4,30.2,1.2,0.6,16.0,18.9,-0.1,0.1,0.0,-.006,-3.2,-2.7,-5.9,-0.1,,flynnjo01
147,Jonny Flynn,22,POR,PG,18,1,281,12.3,.465,.278,.278,2.8,10.2,6.4,38.3,0.6,0.3,21.1,20.8,0.1,0.1,0.1,.020,-0.4,-3.8,-4.2,-0.2,,flynnjo01
148,Jeff Foote,24,NOH,C,4,0,39,-0.9,.333,.000,.000,3.1,15.0,9.2,0.0,0.0,2.1,25.0,9.7,-0.1,0.0,-0.1,-.079,-8.4,-2.4,-10.8,-0.1,,footeje01
149,Gary Forbes,26,TOR,SG,48,2,713,13.3,.513,.306,.336,4.5,12.2,8.4,13.7,1.8,0.5,14.8,24.1,0.1,0.7,0.8,.053,-0.4,-0.6,-1.0,0.2,,forbega01
150,T.J. Ford,28,SAS,PG,14,0,191,11.0,.519,.186,.326,1.8,8.8,5.4,32.7,2.4,0.8,31.9,17.2,0.0,0.2,0.2,.053,-2.8,0.7,-2.0,0.0,,fordtj01
151,Courtney Fortson,23,2TM,PG,10,0,95,9.9,.453,.406,.469,7.4,11.2,9.3,16.1,1.7,0.0,20.6,23.4,-0.1,0.1,0.0,-.019,-2.9,-1.3,-4.3,-0.1,,fortsco01
151,Courtney Fortson,23,LAC,PG,4,0,46,11.4,.533,.333,.750,10.2,10.5,10.3,16.6,0.0,0.0,23.9,21.0,0.0,0.0,0.0,.030,-0.7,-3.0,-3.7,0.0,,fortsco01
151,Courtney Fortson,23,HOU,PG,6,0,49,8.5,.398,.450,.300,4.7,12.0,8.3,15.6,3.2,0.0,18.1,25.6,-0.1,0.1,-0.1,-.065,-5.0,0.2,-4.8,0.0,,fortsco01
152,Jeff Foster,35,IND,C,11,0,141,11.1,.569,.056,.500,14.5,19.0,16.7,4.2,3.0,0.6,24.2,9.3,0.2,0.2,0.4,.134,-2.2,1.6,-0.6,0.1,,fosteje01
153,Randy Foye,28,LAC,SG,65,48,1682,13.5,.522,.511,.132,1.7,8.1,4.9,14.2,1.5,1.2,9.7,20.7,2.4,0.8,3.2,.092,1.1,-0.9,0.2,0.9,,foyera01
154,Jimmer Fredette,22,SAC,PG,61,7,1135,10.8,.495,.484,.108,1.6,5.7,3.5,15.1,1.3,0.2,12.5,20.4,0.5,-0.2,0.3,.012,-0.9,-2.5,-3.4,-0.4,,fredeji01
155,Channing Frye,28,PHO,PF,64,59,1669,14.9,.519,.429,.134,4.8,20.6,12.8,8.3,1.3,3.0,8.8,19.3,1.8,1.9,3.7,.106,0.2,0.7,0.9,1.2,,fryech01
156,Dan Gadzuric,33,NYK,C,2,0,13,-4.3,.000,.000,1.000,8.8,35.9,22.2,0.0,4.0,6.1,25.8,13.4,-0.1,0.0,0.0,-.169,-15.9,0.3,-15.7,0.0,,gadzuda01
157,Sundiata Gaines,25,NJN,SG,57,12,793,15.0,.465,.303,.354,3.8,12.2,7.9,27.2,3.7,0.2,14.2,21.1,0.4,0.6,1.0,.059,-0.5,0.8,0.3,0.5,,gainesu01
158,Danilo Gallinari,23,DEN,SF,43,40,1351,16.5,.563,.393,.448,2.5,14.6,8.7,13.0,1.6,1.3,10.9,20.7,2.9,1.0,3.9,.140,1.9,-0.1,1.8,1.3,,gallida01
159,Francisco García,30,SAC,SF,49,3,798,10.7,.483,.572,.131,1.4,12.7,6.8,5.8,2.3,3.4,8.3,14.4,0.3,0.5,0.8,.048,-1.6,0.9,-0.7,0.3,,garcifr01
160,Kevin Garnett,35,BOS,C,60,60,1864,20.4,.550,.012,.243,4.4,25.8,15.6,17.9,1.6,2.5,11.1,24.9,2.6,4.3,6.9,.178,1.8,2.5,4.3,2.9,,garneke01
161,Marc Gasol,27,MEM,C,65,65,2370,18.4,.541,.016,.428,5.8,23.1,14.3,14.1,1.4,4.1,12.1,19.1,4.2,4.0,8.2,.166,1.0,2.1,3.1,3.1,,gasolma01
162,Pau Gasol,31,LAL,PF,65,65,2430,20.4,.547,.029,.285,8.8,21.8,15.6,17.2,0.8,2.6,12.1,22.1,5.2,3.1,8.3,.165,2.6,0.8,3.4,3.3,,gasolpa01
163,Rudy Gay,25,MEM,SF,65,65,2422,17.8,.521,.162,.246,6.1,14.1,10.1,10.8,2.1,1.8,12.0,25.1,2.8,3.3,6.0,.120,1.7,0.2,1.9,2.4,,gayru01
164,Alonzo Gee,24,CLE,SG,63,31,1827,13.2,.516,.249,.385,6.1,14.3,10.0,10.6,2.4,0.7,15.0,18.7,1.2,1.2,2.4,.063,-1.2,-0.2,-1.4,0.3,,geeal01
165,Paul George,21,IND,SG,66,66,1958,16.5,.555,.366,.285,3.2,17.9,10.6,13.6,2.9,1.5,14.0,19.3,2.8,3.2,6.0,.148,1.4,2.1,3.4,2.7,,georgpa01
166,Daniel Gibson,25,CLE,SG,35,7,916,9.2,.493,.560,.173,1.3,11.6,6.3,13.5,1.5,1.3,14.4,15.3,0.2,0.3,0.5,.028,-1.9,-0.4,-2.2,-0.1,,gibsoda01
167,Taj Gibson,26,CHI,PF,63,0,1284,16.9,.522,.000,.334,12.0,16.8,14.4,5.9,1.1,4.5,11.5,18.6,1.8,2.6,4.5,.167,-0.7,1.5,0.8,0.9,,gibsota01
168,Manu Ginóbili,34,SAS,SG,34,7,792,24.1,.668,.442,.354,2.7,13.9,8.4,30.3,1.6,1.1,16.3,22.7,3.4,0.9,4.2,.257,5.8,1.0,6.9,1.8,,ginobma01
169,Mickell Gladness,25,2TM,PF,26,7,252,9.5,.436,.000,.203,6.4,19.8,13.2,2.9,0.8,6.1,9.8,13.1,-0.1,0.2,0.2,.029,-4.6,-0.1,-4.7,-0.2,,gladnmi01
169,Mickell Gladness,25,MIA,PF,8,0,28,1.8,.333,.000,.000,4.4,41.1,23.5,9.8,1.9,2.9,50.0,9.9,-0.1,0.1,0.0,-.004,-9.4,2.8,-6.6,0.0,,gladnmi01
169,Mickell Gladness,25,GSW,PF,18,7,224,10.5,.441,.000,.214,6.6,17.2,11.9,2.0,0.7,6.5,6.1,13.4,0.0,0.2,0.2,.033,-4.0,-0.5,-4.5,-0.1,,gladnmi01
170,Ryan Gomes,29,LAC,SF,32,2,425,4.4,.371,.305,.116,3.9,13.3,8.5,4.1,2.0,0.0,13.1,12.5,-0.5,0.3,-0.2,-.021,-5.3,-0.7,-6.0,-0.4,,gomesry01
171,Drew Gooden,30,MIL,C,56,46,1469,18.8,.512,.084,.317,9.5,18.0,13.6,16.5,1.6,1.7,12.7,25.7,2.0,1.5,3.6,.116,1.5,-0.6,1.0,1.1,,goodedr01
172,Ben Gordon,28,DET,SG,52,21,1398,13.5,.549,.277,.257,1.2,9.5,5.2,16.5,1.3,0.6,16.3,23.3,1.0,0.7,1.7,.058,-0.3,-1.4,-1.7,0.1,,gordobe01
173,Eric Gordon,23,NOH,SG,9,9,310,19.2,.549,.286,.464,0.8,8.7,4.8,19.3,2.3,1.1,12.5,29.4,0.5,0.3,0.7,.115,2.2,-0.3,1.9,0.3,,gordoer01
174,Marcin Gortat,27,PHO,C,66,66,2114,21.2,.578,.003,.326,10.0,25.0,17.6,4.8,1.2,3.4,9.3,20.8,4.9,2.7,7.6,.172,2.2,0.0,2.2,2.3,,gortama01
175,Andrew Goudelock,23,LAL,SG,40,0,419,8.4,.488,.431,.069,1.4,6.6,4.1,8.0,0.5,0.0,10.5,21.9,0.0,0.1,0.1,.011,-2.6,-2.4,-5.0,-0.3,,goudean01
176,Danny Granger,28,IND,SF,62,62,2062,18.6,.542,.343,.309,4.3,12.3,8.4,9.7,1.6,1.5,9.3,25.9,4.5,2.2,6.7,.155,3.5,-0.6,2.9,2.5,,grangda01
177,Aaron Gray,27,TOR,C,49,40,813,11.1,.526,.000,.292,12.1,28.3,20.3,5.5,1.5,1.7,21.9,13.5,0.1,1.3,1.4,.082,-3.6,0.1,-3.5,-0.3,,grayaa01
178,Danny Green,24,SAS,SG,66,38,1522,15.5,.579,.491,.210,4.2,12.9,8.6,8.3,2.0,2.2,11.4,17.6,2.5,2.0,4.5,.142,1.8,1.2,3.0,1.9,,greenda02
179,Donté Greene,23,SAC,PF,53,7,777,11.8,.491,.395,.207,2.6,16.9,9.4,6.8,1.2,2.7,9.9,18.0,0.3,0.3,0.7,.041,-1.6,-0.8,-2.4,-0.1,,greendo01
180,Gerald Green,26,NJN,SF,31,2,781,15.8,.574,.344,.203,2.2,14.2,8.0,8.5,1.9,1.7,13.6,23.6,0.8,0.4,1.2,.072,0.7,-0.5,0.2,0.4,,greenge01
181,Willie Green,30,ATL,SG,53,2,922,13.9,.578,.348,.172,1.9,8.2,5.1,7.4,1.3,0.5,8.6,19.5,1.4,0.9,2.4,.122,0.1,-0.6,-0.5,0.3,,greenwi01
182,Blake Griffin,22,LAC,PF,66,66,2392,23.4,.557,.016,.458,10.7,25.1,17.8,16.6,1.2,1.7,10.9,26.6,6.6,2.6,9.2,.185,3.9,-0.2,3.7,3.4,,griffbl01
183,Hamed Haddadi,26,MEM,C,35,0,206,16.3,.589,.021,.542,15.6,24.9,20.1,6.1,0.3,10.3,26.1,17.7,0.1,0.4,0.6,.131,-3.9,2.4,-1.4,0.0,,haddaha01
184,Jordan Hamilton,21,DEN,SF,26,2,258,13.9,.508,.423,.045,5.1,22.4,14.0,12.6,0.8,0.9,12.4,22.3,0.1,0.2,0.3,.055,1.3,-1.1,0.1,0.1,,hamiljo02
185,Richard Hamilton,33,CHI,SG,28,28,697,13.2,.500,.148,.119,3.3,7.2,5.3,21.0,0.9,0.1,13.1,24.5,0.5,0.8,1.3,.092,-0.7,-0.9,-1.7,0.1,,hamilri01
186,Tyler Hansbrough,26,IND,PF,66,0,1442,14.7,.511,.002,.580,8.9,13.7,11.3,3.5,2.0,0.5,9.8,20.9,2.2,1.7,3.9,.129,-1.1,-0.7,-1.8,0.1,,hansbty01
187,Luke Harangody,24,CLE,PF,21,1,231,10.4,.427,.323,.185,9.5,16.9,13.0,4.3,1.4,1.0,5.4,14.5,0.1,0.1,0.2,.046,-1.3,-1.6,-3.0,-0.1,,haranlu01
188,James Harden,22,OKC,SG,62,2,1946,21.1,.660,.464,.587,1.9,12.2,7.4,19.3,1.6,0.6,14.8,21.6,7.5,1.8,9.3,.230,4.1,0.2,4.3,3.1,,hardeja01
189,Justin Harper,22,ORL,PF,14,0,84,1.7,.318,.419,.032,4.1,12.5,8.2,3.9,1.3,2.8,16.0,20.9,-0.3,0.1,-0.3,-.145,-7.7,-2.3,-9.9,-0.2,,harpeju01
190,Josh Harrellson,22,NYK,PF,37,4,540,13.7,.505,.396,.174,10.0,21.0,15.4,3.3,2.2,3.0,11.1,15.0,0.4,1.0,1.4,.127,-0.5,0.6,0.1,0.3,,harrejo01
191,Al Harrington,31,DEN,PF,64,1,1761,15.3,.535,.392,.228,4.9,20.4,12.9,8.2,1.7,0.5,11.6,24.4,1.6,1.6,3.2,.088,0.5,-0.8,-0.4,0.7,,harrial01
192,Devin Harris,28,UTA,PG,63,63,1741,16.0,.564,.393,.386,0.8,6.7,3.7,28.3,1.9,0.6,16.1,19.5,3.3,0.8,4.2,.115,1.6,-0.8,0.8,1.2,,harride01
193,Manny Harris,22,CLE,SG,26,5,456,11.7,.492,.240,.393,2.6,15.3,8.7,11.8,1.5,1.0,13.3,20.0,0.1,0.2,0.3,.030,-1.4,-0.9,-2.3,0.0,,harrima01
194,Terrel Harris,24,MIA,SG,22,1,318,6.7,.434,.470,.253,7.0,11.9,9.6,12.2,1.5,0.5,21.3,17.1,-0.3,0.4,0.1,.011,-4.4,-0.7,-5.1,-0.3,,harrite01
195,Tobias Harris,19,MIL,SF,42,9,479,14.2,.540,.136,.320,6.7,16.8,11.6,7.4,1.4,1.1,13.9,20.6,0.4,0.4,0.9,.087,-1.0,-0.9,-1.9,0.0,,harrito02
196,Udonis Haslem,31,MIA,PF,64,10,1589,10.9,.479,.000,.286,9.1,25.6,17.7,4.0,1.2,1.2,13.0,13.5,0.7,2.8,3.5,.106,-2.2,-0.2,-2.4,-0.2,,hasleud01
197,Spencer Hawes,23,PHI,C,37,29,920,18.1,.517,.038,.172,9.4,23.3,16.3,17.6,0.9,3.9,13.8,20.3,1.1,1.9,2.9,.152,-0.2,1.6,1.5,0.8,,hawessp01
198,Chuck Hayes,28,SAC,C,54,9,1039,8.9,.459,.012,.229,7.3,18.0,12.4,10.4,1.8,1.2,21.1,9.9,0.1,0.5,0.6,.028,-3.2,0.2,-3.0,-0.3,,hayesch01
199,Gordon Hayward,21,UTA,SF,66,58,2015,15.5,.568,.271,.396,3.3,9.9,6.6,15.9,1.4,1.6,13.7,17.8,3.8,1.0,4.9,.116,1.7,-0.1,1.5,1.8,,haywago01
200,Lazar Hayward,25,OKC,SF,26,0,141,3.1,.427,.368,.316,1.7,10.6,6.5,4.2,1.1,0.5,17.2,16.8,-0.2,0.1,-0.1,-.040,-6.5,-1.9,-8.5,-0.2,,haywala01
201,Brendan Haywood,32,DAL,C,54,54,1146,12.9,.520,.000,.421,13.7,18.0,15.9,2.6,1.1,3.8,14.5,12.8,1.1,1.6,2.7,.114,-2.1,0.2,-1.9,0.0,,haywobr01
202,Gerald Henderson,24,CHA,SG,55,55,1831,14.0,.511,.065,.282,3.9,10.5,7.0,13.5,1.4,0.8,11.0,23.0,0.8,0.2,1.0,.026,-1.0,-1.7,-2.7,-0.3,,hendege02
203,Xavier Henry,20,NOH,SG,45,0,759,9.2,.450,.075,.373,3.8,12.7,8.3,7.6,1.9,0.9,11.7,18.7,-0.4,0.7,0.2,.015,-3.7,-0.3,-4.0,-0.4,,henryxa01
204,Roy Hibbert,25,IND,C,65,65,1937,19.3,.539,.001,.358,12.5,20.7,16.6,9.9,0.9,5.2,14.2,21.1,3.2,3.0,6.2,.154,1.0,0.4,1.4,1.7,,hibbero01
205,J.J. Hickson,23,2TM,PF,54,19,1244,14.9,.501,.005,.342,11.7,19.0,15.2,5.9,1.2,2.1,13.4,18.7,0.9,0.8,1.7,.066,-0.8,-1.5,-2.3,-0.1,,hicksjj01
205,J.J. Hickson,23,SAC,PF,35,9,644,9.9,.416,.006,.335,10.9,19.7,15.1,5.0,1.4,1.9,16.4,16.0,-0.5,0.3,-0.1,-.009,-2.9,-1.2,-4.1,-0.3,,hicksjj01
205,J.J. Hickson,23,POR,PF,19,10,600,20.2,.568,.005,.347,12.6,18.3,15.4,6.9,1.1,2.3,10.9,21.6,1.4,0.5,1.8,.147,1.5,-1.8,-0.3,0.3,,hicksjj01
206,Cory Higgins,22,CHA,PG,38,0,423,4.1,.402,.125,.375,1.8,7.9,4.7,15.0,0.6,1.1,17.3,24.6,-1.2,-0.1,-1.3,-.150,-6.6,-3.8,-10.4,-0.9,,higgico01
207,Nenê,29,2TM,C,39,33,1110,18.6,.573,.010,.427,6.7,23.3,15.1,12.0,1.9,2.7,17.1,22.6,1.3,1.4,2.7,.117,0.4,1.0,1.4,0.9,,hilarne01
207,Nenê,29,DEN,C,28,27,826,16.7,.554,.007,.473,6.3,22.6,14.7,11.7,2.2,2.4,18.5,22.5,0.5,1.1,1.6,.092,-0.7,0.9,0.2,0.4,,hilarne01
207,Nenê,29,WAS,C,11,6,284,24.2,.624,.018,.313,7.9,25.3,16.5,12.8,1.1,3.5,13.0,23.1,0.8,0.3,1.1,.191,3.5,1.5,5.0,0.5,,hilarne01
208,George Hill,25,IND,PG,50,9,1274,15.7,.557,.387,.308,2.8,10.5,6.7,18.8,1.7,1.1,10.8,17.2,2.8,1.3,4.0,.152,1.8,0.5,2.3,1.4,,hillge01
209,Grant Hill,39,PHO,SF,49,46,1378,12.3,.500,.118,.242,2.4,11.5,7.0,12.1,1.5,1.5,11.5,18.6,0.6,0.9,1.6,.055,-1.4,0.5,-0.9,0.4,,hillgr01
210,Jordan Hill,24,2TM,C,39,8,551,15.8,.522,.018,.285,12.8,26.3,19.5,4.7,1.3,3.6,14.3,17.9,0.5,0.8,1.4,.118,-1.8,0.3,-1.5,0.1,,hilljo01
210,Jordan Hill,24,HOU,C,32,7,469,15.1,.529,.022,.289,11.5,27.0,19.2,4.7,1.0,3.4,13.6,17.1,0.5,0.7,1.1,.118,-1.7,0.3,-1.4,0.1,,hilljo01
210,Jordan Hill,24,LAL,C,7,1,82,19.3,.492,.000,.267,20.0,22.1,21.1,4.2,3.2,5.3,17.3,22.6,0.0,0.2,0.2,.120,-2.7,0.3,-2.4,0.0,,hilljo01
211,Kirk Hinrich,31,ATL,SG,48,31,1237,9.2,.511,.461,.108,1.1,8.5,4.8,16.3,1.6,0.7,15.8,13.9,0.4,1.4,1.8,.069,-2.6,0.5,-2.1,-0.1,,hinriki01
212,Darington Hobson,24,MIL,SG,5,0,39,-3.3,.154,.462,.000,0.0,8.7,4.2,20.9,0.0,0.0,13.3,16.9,-0.2,0.0,-0.2,-.225,-8.4,-4.5,-13.0,-0.1,,hobsoda01
213,Jrue Holiday,21,PHI,PG,65,65,2196,14.7,.496,.205,.144,2.9,7.9,5.4,21.6,2.5,0.6,13.2,21.8,0.9,3.3,4.2,.092,-0.5,0.9,0.4,1.3,,holidjr01
214,Ryan Hollins,27,2TM,C,39,8,522,6.9,.560,.000,.893,7.4,10.7,9.0,2.7,0.5,2.5,23.0,13.4,-0.1,0.3,0.2,.023,-5.9,-1.0,-6.9,-0.6,,holliry01
214,Ryan Hollins,27,CLE,C,24,7,362,7.0,.555,.000,.982,7.6,10.1,8.8,2.6,0.6,2.5,23.0,12.9,0.0,0.1,0.1,.013,-5.8,-1.4,-7.1,-0.5,,holliry01
214,Ryan Hollins,27,BOS,C,15,1,160,6.8,.571,.000,.714,7.0,12.0,9.6,3.0,0.3,2.4,23.0,14.3,-0.1,0.2,0.1,.044,-6.2,-0.2,-6.3,-0.2,,holliry01
215,Tyler Honeycutt,21,SAC,SF,15,0,88,10.4,.382,.125,.208,3.6,14.4,8.7,11.5,2.3,2.5,7.1,13.9,0.0,0.1,0.0,.013,-2.0,-0.2,-2.2,0.0,,honeyty01
216,Al Horford,25,ATL,C,11,11,348,19.0,.585,.010,.291,8.8,17.1,13.0,11.7,1.5,3.1,12.1,17.9,0.8,0.6,1.3,.180,1.8,1.5,3.4,0.5,,horfoal01
217,Dennis Horner,23,NJN,PF,8,0,22,6.6,.434,.250,1.000,10.3,16.3,13.2,0.0,0.0,0.0,14.8,14.1,0.0,0.0,0.0,-.012,-3.4,-4.7,-8.1,0.0,,hornede01
218,Dwight Howard,26,ORL,C,54,54,2070,24.2,.569,.010,.788,11.0,33.1,21.9,9.8,2.1,4.4,15.2,26.1,3.3,4.4,7.7,.179,2.2,2.0,4.3,3.3,,howardw01
219,Josh Howard,31,UTA,SF,43,18,991,10.5,.461,.102,.269,4.5,13.9,9.2,7.9,1.7,0.8,11.6,20.7,-0.2,0.7,0.5,.025,-2.8,-0.9,-3.7,-0.4,,howarjo01
220,Juwan Howard,38,MIA,PF,28,0,190,3.6,.354,.000,.182,11.8,17.6,14.8,7.8,1.1,0.4,25.2,19.4,-0.6,0.3,-0.3,-.076,-7.0,-1.9,-8.9,-0.3,,howarju01
221,Lester Hudson,27,2TM,PG,16,0,334,13.9,.483,.395,.253,2.3,13.8,7.8,20.6,2.2,0.7,15.1,28.6,-0.1,0.2,0.1,.012,-1.4,-1.4,-2.7,-0.1,,hudsole01
221,Lester Hudson,27,CLE,PG,13,0,314,14.7,.492,.404,.252,2.4,14.7,8.3,21.4,2.3,0.7,15.2,28.3,0.0,0.2,0.2,.026,-0.9,-0.8,-1.7,0.0,,hudsole01
221,Lester Hudson,27,MEM,PG,3,0,20,0.4,.365,.273,.273,0.0,0.0,0.0,8.2,0.0,0.0,14.0,32.4,-0.1,0.0,-0.1,-.207,-8.5,-9.7,-18.2,-0.1,,hudsole01
222,Larry Hughes,33,ORL,PG,9,0,114,-4.8,.262,.318,.091,1.0,4.1,2.5,9.2,0.9,0.0,34.4,14.3,-0.5,0.0,-0.5,-.193,-11.0,-0.9,-11.9,-0.3,,hughela01
223,Kris Humphries,26,NJN,PF,62,62,2162,17.9,.539,.000,.414,12.2,24.8,18.3,7.4,1.2,2.6,13.0,19.3,3.6,1.7,5.3,.118,0.2,-1.2,-0.9,0.6,,humphkr01
224,Serge Ibaka,22,OKC,PF,66,66,1792,19.0,.556,.006,.241,13.2,18.2,15.9,2.5,1.0,9.8,12.7,15.7,3.0,3.2,6.2,.167,0.1,2.3,2.3,1.9,,ibakase01
225,Andre Iguodala,28,PHI,SF,62,62,2209,17.6,.537,.305,.310,2.8,16.4,9.6,23.7,2.6,1.0,13.8,17.7,3.1,4.2,7.3,.158,1.5,2.5,4.0,3.3,,iguodan01
226,Ersan İlyasova,24,MIL,PF,60,41,1655,20.5,.577,.188,.307,12.7,22.8,17.6,7.0,1.3,2.0,10.1,20.1,4.4,2.0,6.4,.185,3.1,-1.1,1.9,1.6,,ilyaser01
227,Kyrie Irving,19,CLE,PG,51,51,1558,21.4,.566,.245,.262,3.1,11.2,7.0,36.5,1.8,1.0,16.1,28.7,3.4,0.6,4.1,.125,4.6,-0.5,4.1,2.4,,irvinky01
228,Royal Ivey,30,OKC,SG,34,0,354,4.7,.464,.726,.110,0.3,6.9,3.9,4.1,2.0,0.0,10.5,10.9,-0.1,0.3,0.2,.025,-4.3,0.5,-3.7,-0.1,,iveyro01
229,Jarrett Jack,28,NOH,PG,45,39,1530,17.9,.540,.192,.254,1.8,11.7,6.8,34.0,1.1,0.5,14.1,23.3,2.9,0.9,3.8,.119,2.5,-0.9,1.6,1.4,,jackja01
230,Reggie Jackson,21,OKC,PG,45,0,501,9.2,.408,.390,.182,3.4,8.3,6.0,21.2,2.6,0.1,17.3,18.7,-0.4,0.5,0.1,.011,-3.3,-0.3,-3.6,-0.2,,jacksre01
231,Stephen Jackson,33,2TM,SF,47,14,1212,10.7,.485,.400,.268,2.0,13.1,7.6,14.6,2.3,0.8,17.8,21.3,-0.7,1.3,0.6,.025,-2.6,0.2,-2.3,-0.1,,jacksst02
231,Stephen Jackson,33,MIL,SF,26,13,712,8.9,.459,.397,.221,2.4,10.5,6.4,16.6,1.9,0.6,18.1,22.5,-0.8,0.5,-0.3,-.019,-3.1,-0.8,-3.9,-0.3,,jacksst02
231,Stephen Jackson,33,SAS,SF,21,1,500,13.1,.529,.405,.353,1.4,16.9,9.3,11.8,2.9,1.0,17.3,19.5,0.1,0.8,0.9,.086,-1.8,1.7,-0.1,0.2,,jacksst02
232,Damion James,24,NJN,SF,7,7,170,6.1,.422,.029,.343,4.6,18.3,11.3,2.8,2.2,3.2,23.0,14.1,-0.3,0.1,-0.2,-.043,-6.2,0.2,-6.0,-0.2,,jamesda01
233,LeBron James,27,MIA,SF,62,62,2326,30.7,.605,.127,.429,5.0,19.7,12.6,33.6,2.6,1.7,13.3,32.0,10.0,4.5,14.5,.298,8.2,2.7,10.9,7.6,,jamesle01
234,Mike James,36,CHI,PG,11,0,120,13.7,.505,.204,.163,1.9,7.3,4.6,39.8,1.8,1.2,21.0,25.3,0.1,0.2,0.3,.111,-0.8,0.4,-0.4,0.0,,jamesmi01
235,Antawn Jamison,35,CLE,PF,65,65,2151,16.1,.481,.256,.260,6.3,15.7,10.8,11.9,1.2,1.5,7.2,26.2,2.1,1.0,3.1,.070,1.4,-1.6,-0.3,0.9,,jamisan01
236,Al Jefferson,27,UTA,C,61,61,2075,22.8,.520,.004,.169,7.3,25.3,16.2,12.1,1.2,3.9,5.2,25.7,4.9,2.5,7.5,.173,3.5,0.2,3.7,3.0,,jeffeal01
237,Richard Jefferson,31,2TM,SF,63,44,1748,11.1,.550,.551,.174,1.7,12.4,7.2,7.3,1.1,0.8,8.7,15.1,1.9,1.2,3.1,.085,-0.2,-0.3,-0.5,0.6,,jefferi01
237,Richard Jefferson,31,SAS,SF,41,41,1168,10.9,.556,.596,.157,1.8,12.0,7.0,6.7,1.1,0.7,8.6,14.6,1.4,1.0,2.4,.100,0.0,0.2,0.2,0.6,,jefferi01
237,Richard Jefferson,31,GSW,SF,22,3,580,11.6,.540,.467,.207,1.6,13.3,7.4,8.6,1.1,0.9,8.9,16.1,0.6,0.1,0.7,.056,-0.6,-1.5,-2.0,0.0,,jefferi01
238,Jared Jeffries,30,NYK,PF,39,4,729,10.9,.484,.111,.500,10.8,13.3,12.0,5.4,2.0,2.7,14.2,12.6,0.5,1.1,1.7,.109,-2.3,1.4,-1.0,0.2,,jeffrja01
239,Charles Jenkins,22,GSW,PG,51,28,893,12.4,.482,.069,.134,1.0,7.6,4.3,29.9,1.9,0.5,16.3,19.0,0.4,0.1,0.5,.028,-2.7,-1.5,-4.2,-0.5,,jenkich01
240,Brandon Jennings,22,MIL,PG,66,66,2331,18.4,.514,.346,.213,2.3,8.6,5.3,26.7,2.3,0.7,10.6,25.9,3.8,1.8,5.5,.114,3.0,-0.3,2.7,2.8,,jennibr01
241,Jonas Jerebko,24,DET,PF,64,13,1468,14.2,.548,.234,.274,7.6,17.8,12.5,5.1,1.5,1.1,11.5,18.1,2.0,1.3,3.3,.108,-0.8,-0.7,-1.5,0.2,,jerebjo01
242,Yi Jianlian,24,DAL,PF,30,0,203,10.4,.433,.122,.256,6.7,20.3,13.6,4.1,1.8,3.1,13.3,24.1,-0.3,0.3,0.0,-.003,-5.4,-0.3,-5.7,-0.2,,jianlyi01
243,Amir Johnson,24,TOR,PF,64,43,1553,14.4,.600,.015,.247,11.4,19.4,15.4,8.7,1.1,3.6,20.0,14.3,1.9,2.0,4.0,.122,-1.4,0.9,-0.5,0.6,,johnsam01
244,Armon Johnson,22,2TM,PG,9,0,124,12.9,.515,.070,.140,0.9,11.6,6.1,16.1,2.1,0.0,11.6,19.1,0.1,0.0,0.1,.050,-1.8,0.1,-1.7,0.0,,johnsar02
244,Armon Johnson,22,POR,PG,1,0,5,20.7,1.000,.000,.000,0.0,23.8,11.7,0.0,10.5,0.0,50.0,18.3,0.0,0.0,0.0,.042,-4.2,9.1,4.9,0.0,,johnsar02
244,Armon Johnson,22,NJN,PG,8,0,119,12.5,.504,.071,.143,0.9,11.0,5.9,16.7,1.8,0.0,10.1,19.1,0.1,0.0,0.1,.051,-1.7,-0.3,-2.0,0.0,,johnsar02
245,Carldell Johnson,29,NOH,PG,15,0,119,8.9,.372,.429,.086,1.0,7.9,4.5,29.4,3.7,0.0,16.2,17.2,-0.1,0.1,0.0,-.003,-3.1,1.7,-1.5,0.0,,johnsca01
246,Chris Johnson,26,2TM,C,27,0,175,10.8,.557,.000,.463,10.1,16.8,13.5,1.8,1.9,4.0,23.3,17.1,0.0,0.2,0.2,.059,-5.8,0.6,-5.2,-0.1,,johnsch03
246,Chris Johnson,26,POR,C,20,0,93,11.4,.566,.000,.522,9.8,12.8,11.3,1.7,0.6,6.6,19.8,17.4,0.1,0.1,0.1,.077,-5.8,0.4,-5.4,-0.1,,johnsch03
246,Chris Johnson,26,NOH,C,7,0,82,10.1,.546,.000,.389,10.3,21.4,16.0,2.0,3.3,1.0,27.5,16.8,-0.1,0.1,0.1,.038,-5.8,0.9,-4.9,-0.1,,johnsch03
247,Ivan Johnson,27,ATL,PF,56,0,934,14.3,.558,.022,.364,8.2,20.1,14.2,5.7,2.4,1.5,17.8,19.5,0.5,1.7,2.2,.113,-2.8,0.6,-2.2,0.0,,johnsiv01
248,James Johnson,24,TOR,SF,62,40,1561,14.5,.498,.116,.222,5.6,16.2,11.0,13.9,2.4,4.4,15.1,20.2,0.1,2.5,2.6,.079,-0.9,2.3,1.5,1.3,,johnsja01
249,JaJuan Johnson,22,BOS,PF,36,0,298,11.4,.456,.000,.074,8.3,14.4,11.5,3.6,0.9,3.6,10.1,22.4,-0.3,0.5,0.2,.032,-3.3,-0.6,-3.9,-0.1,,johnsja02
250,Joe Johnson,30,ATL,SG,60,60,2127,18.4,.557,.346,.200,2.9,9.2,6.1,19.7,1.2,0.5,10.3,24.9,4.4,2.1,6.4,.145,3.1,-1.0,2.1,2.2,,johnsjo02
251,Trey Johnson,27,NOH,SG,11,0,61,11.8,.648,.000,.357,6.0,17.3,11.7,11.1,0.9,0.0,23.6,16.4,0.1,0.0,0.1,.096,-2.7,-0.3,-2.9,0.0,,johnstr01
252,Wesley Johnson,24,MIN,SF,65,64,1469,8.0,.477,.426,.086,1.8,11.6,6.7,6.4,1.2,2.3,12.7,14.3,-0.4,1.0,0.6,.021,-2.7,0.6,-2.1,0.0,,johnswe01
253,Dahntay Jones,31,IND,SF,65,3,1052,10.3,.533,.274,.352,2.5,10.0,6.3,9.6,1.2,0.8,12.4,16.0,1.1,0.8,2.0,.090,-1.7,-0.1,-1.9,0.0,,jonesda02
254,Dominique Jones,23,DAL,SG,33,1,268,11.8,.493,.110,.507,3.8,14.6,9.2,24.6,2.0,1.5,23.9,20.3,-0.1,0.4,0.2,.044,-3.1,1.2,-1.9,0.0,,jonesdo02
255,James Jones,31,MIA,SG,51,10,666,9.7,.567,.760,.200,1.1,7.4,4.4,4.2,1.3,1.1,5.8,12.1,0.9,0.7,1.7,.120,-0.4,0.4,0.0,0.3,,jonesja02
256,Solomon Jones,27,2TM,PF,21,1,292,9.1,.471,.000,.377,13.1,10.5,11.8,4.9,1.7,3.1,20.2,14.4,0.0,0.3,0.3,.042,-4.0,-0.1,-4.2,-0.2,,jonesso01
256,Solomon Jones,27,LAC,PF,10,0,96,5.3,.294,.000,.625,13.5,7.5,10.5,2.8,2.2,4.3,32.9,7.3,-0.1,0.1,0.0,.008,-4.5,-0.1,-4.6,-0.1,,jonesso01
256,Solomon Jones,27,NOH,C,11,1,196,11.0,.501,.000,.340,13.0,12.0,12.5,5.9,1.4,2.5,17.6,17.8,0.1,0.2,0.2,.059,-3.8,-0.2,-4.0,-0.1,,jonesso01
257,DeAndre Jordan,23,LAC,C,66,66,1798,16.4,.626,.003,.433,13.2,23.0,18.1,1.5,0.9,6.2,16.0,11.9,3.2,2.4,5.6,.150,-0.4,0.4,0.1,0.9,,jordade01
258,Jerome Jordan,25,NYK,C,21,0,108,18.3,.561,.000,.303,14.8,14.1,14.4,6.3,0.5,4.4,5.1,16.4,0.3,0.1,0.5,.211,0.2,-0.4,-0.2,0.1,,jordaje01
259,Cory Joseph,20,SAS,PG,29,1,266,6.9,.374,.214,.243,2.2,8.5,5.4,17.4,1.4,0.8,13.4,15.4,-0.2,0.2,0.0,.001,-4.4,-0.6,-5.0,-0.2,,josepco01
260,Chris Kaman,29,NOH,C,47,33,1372,15.3,.478,.000,.179,7.9,23.5,15.8,14.0,1.0,4.7,16.7,26.6,-1.2,1.9,0.7,.024,-1.8,0.5,-1.3,0.2,,kamanch01
261,Enes Freedom,19,UTA,C,66,0,874,14.5,.539,.004,.445,13.9,22.7,18.3,1.4,1.1,2.1,16.1,17.3,0.9,0.8,1.7,.095,-1.2,-1.7,-3.0,-0.2,,kanteen01
262,Jason Kapono,30,LAL,SG,27,0,269,4.5,.476,.491,.073,0.9,4.8,2.9,6.0,0.6,0.0,9.6,10.7,0.0,0.1,0.1,.021,-4.1,-0.5,-4.6,-0.2,,kaponja01
263,D.J. Kennedy,22,CLE,SF,2,0,59,4.7,.466,.333,.167,1.9,12.0,6.7,8.2,1.8,0.0,18.9,12.1,0.0,0.0,0.0,-.023,-5.9,-0.7,-6.7,-0.1,,kennedj01
264,Jason Kidd,38,DAL,PG,48,48,1379,13.1,.524,.817,.103,1.2,14.8,8.1,28.4,3.1,0.6,24.2,12.7,0.9,2.1,3.0,.104,-0.8,2.4,1.6,1.2,,kiddja01
265,Linas Kleiza,27,TOR,SF,49,3,1057,12.4,.521,.437,.244,4.7,17.2,11.0,7.9,1.2,0.3,12.4,23.1,0.5,1.0,1.5,.066,-0.8,-1.2,-2.0,0.0,,kleizli01
266,Brandon Knight,20,DET,PG,66,60,2129,11.7,.511,.359,.178,1.8,10.3,5.9,20.8,1.2,0.4,17.1,21.7,0.3,1.0,1.3,.029,-0.9,-1.7,-2.6,-0.3,,knighbr03
267,Kyle Korver,30,CHI,SG,65,7,1469,13.6,.600,.658,.160,2.0,9.9,6.0,11.7,1.3,0.7,10.7,15.3,3.1,2.1,5.3,.172,1.1,1.2,2.2,1.6,,korveky01
268,Kosta Koufos,22,DEN,C,48,24,792,17.3,.608,.000,.286,14.4,23.3,19.0,2.9,1.5,4.1,13.2,14.0,1.7,1.0,2.7,.163,0.5,0.4,0.9,0.6,,koufoko01
269,Carl Landry,28,NOH,PF,41,8,999,18.2,.577,.008,.508,9.4,15.9,12.8,7.1,0.7,1.0,12.6,24.0,2.2,0.7,2.9,.139,1.3,-1.5,-0.2,0.4,,landrca01
270,Ty Lawson,24,DEN,PG,61,61,2124,19.4,.579,.261,.282,3.1,9.2,6.2,30.2,2.0,0.2,14.7,21.2,5.7,1.2,6.9,.157,3.6,-0.4,3.2,2.8,,lawsoty01
271,Courtney Lee,26,HOU,SG,58,26,1757,12.6,.534,.374,.148,1.7,8.9,5.2,7.9,2.0,0.9,9.4,17.6,1.8,1.4,3.2,.087,-0.4,0.3,0.0,0.9,,leeco01
272,David Lee,28,GSW,PF,57,57,2121,19.7,.549,.005,.304,9.2,19.9,14.6,13.6,1.3,0.8,12.5,26.0,3.8,1.2,5.0,.113,1.2,-1.6,-0.3,0.9,,leeda02
273,Malcolm Lee,21,MIN,SG,19,0,243,9.3,.466,.169,.288,4.1,7.8,5.9,19.8,1.7,1.2,20.4,15.3,0.0,0.1,0.1,.024,-3.5,-0.3,-3.8,-0.1,,leema01
274,Kawhi Leonard,20,SAS,SF,64,39,1534,16.6,.573,.270,.218,7.9,16.4,12.2,6.6,2.9,1.1,9.0,14.5,3.1,2.4,5.5,.171,1.6,1.8,3.4,2.1,,leonaka01
275,Travis Leslie,21,LAC,SG,10,0,45,14.6,.390,.000,.643,15.7,8.0,11.9,17.0,2.4,3.7,10.0,20.5,0.0,0.0,0.1,.060,0.0,-0.3,-0.3,0.0,,leslitr01
276,Jon Leuer,22,MIL,PF,46,12,555,15.3,.536,.047,.147,8.7,15.3,11.9,7.3,1.3,2.3,8.1,17.6,0.9,0.5,1.4,.122,-0.3,0.0,-0.3,0.2,,leuerjo01
277,Rashard Lewis,32,WAS,SF,28,15,729,9.3,.457,.303,.167,5.2,11.7,8.4,5.7,1.6,1.1,11.9,16.5,-0.2,0.4,0.3,.018,-2.3,-1.3,-3.5,-0.3,,lewisra02
278,DeAndre Liggins,23,ORL,SF,17,0,115,8.9,.495,.160,.760,5.9,9.2,7.5,7.1,2.8,0.0,23.1,17.7,-0.1,0.1,0.0,.000,-4.2,-0.3,-4.5,-0.1,,liggide01
279,Jeremy Lin,23,NYK,PG,35,25,940,19.9,.552,.196,.478,2.2,11.1,6.6,41.0,3.0,0.8,21.4,28.1,1.3,1.4,2.7,.140,2.6,1.2,3.8,1.4,,linje01
280,Shaun Livingston,26,MIL,SG,58,27,1092,11.0,.520,.011,.292,3.8,8.7,6.2,16.6,1.3,1.4,17.8,15.0,0.7,0.6,1.3,.055,-1.5,0.2,-1.3,0.2,,livinsh01
281,Brook Lopez,23,NJN,C,5,5,136,21.9,.527,.000,.416,6.6,8.8,7.7,10.2,0.4,2.3,6.2,32.7,0.3,0.0,0.3,.091,3.4,-2.8,0.6,0.1,,lopezbr01
282,Robin Lopez,23,PHO,C,64,0,895,15.2,.526,.000,.520,11.5,14.8,13.2,3.4,1.0,4.8,11.5,18.9,1.2,0.9,2.1,.115,-2.2,0.0,-2.2,0.0,,lopezro01
283,Kevin Love,23,MIN,PF,55,55,2145,25.4,.568,.266,.434,11.6,26.4,19.0,10.0,1.1,0.9,9.2,28.8,7.6,2.3,10.0,.223,6.1,-0.9,5.2,3.9,,loveke01
284,Kyle Lowry,25,HOU,PG,47,38,1510,18.8,.558,.411,.386,2.8,13.7,8.2,32.3,2.5,0.7,17.8,22.0,3.3,1.6,4.9,.156,2.8,1.2,4.1,2.3,,lowryky01
285,John Lucas III,29,CHI,PG,49,2,726,16.3,.496,.391,.089,3.4,8.1,5.8,25.8,1.4,0.1,10.1,26.0,1.2,1.0,2.2,.143,2.9,0.0,2.9,0.9,,lucasjo02
286,Vernon Macklin,25,DET,C,23,0,135,18.2,.559,.000,.400,12.0,18.3,15.0,6.4,1.6,2.3,6.8,15.1,0.3,0.1,0.5,.161,1.3,-0.1,1.2,0.1,,macklve01
287,Shelvin Mack,21,WAS,PG,64,0,779,11.9,.468,.191,.268,1.7,11.7,6.7,26.0,1.9,0.2,16.3,16.9,0.2,0.5,0.7,.042,-2.0,-0.7,-2.6,-0.1,,macksh01
288,Corey Maggette,32,CHA,SF,32,28,881,14.1,.517,.177,.558,2.6,14.0,8.1,8.3,1.4,0.1,11.3,27.4,0.5,0.1,0.7,.038,-1.3,-2.6,-3.9,-0.4,,maggeco01
289,Jamaal Magloire,33,TOR,C,34,1,374,2.7,.360,.000,.600,7.9,27.3,17.7,2.4,0.6,2.2,27.9,9.9,-0.7,0.5,-0.2,-.021,-7.4,-0.2,-7.6,-0.5,,magloja01
290,Ian Mahinmi,25,DAL,C,61,12,1139,13.5,.585,.004,.618,10.7,17.7,14.3,1.7,1.8,2.2,14.2,14.4,1.7,1.7,3.4,.144,-2.8,0.4,-2.3,-0.1,,mahinia01
291,Shawn Marion,33,DAL,SF,63,63,1919,15.0,.488,.105,.144,8.6,18.6,13.6,11.5,1.8,1.5,12.5,19.0,1.0,2.7,3.7,.092,-0.2,0.6,0.5,1.2,,mariosh01
292,Cartier Martin,27,WAS,SF,17,2,391,12.8,.555,.560,.142,3.4,13.4,8.4,4.2,1.5,0.4,8.4,17.8,0.5,0.2,0.7,.090,-0.1,-1.0,-1.1,0.1,,martica01
293,Kenyon Martin,34,LAC,PF,42,0,940,9.9,.445,.059,.245,6.1,16.9,11.5,2.9,2.5,3.8,11.6,13.5,-0.3,1.2,0.9,.048,-3.5,1.5,-2.1,0.0,,martike01
294,Kevin Martin,28,HOU,SG,40,40,1264,16.5,.554,.419,.333,1.2,8.6,4.9,14.5,1.2,0.2,10.2,24.7,2.7,0.6,3.3,.125,2.3,-1.1,1.3,1.0,,martike02
295,Roger Mason,31,WAS,SG,52,0,697,12.1,.530,.597,.105,1.1,10.1,5.6,11.0,1.0,0.6,10.6,19.4,0.6,0.2,0.9,.059,0.8,-1.8,-1.0,0.2,,masonro01
296,Wesley Matthews,25,POR,SG,66,53,2228,14.1,.539,.442,.224,2.9,9.0,5.9,8.3,2.3,0.5,8.0,18.7,3.4,1.4,4.8,.104,0.3,0.1,0.3,1.3,,matthwe02
297,Jason Maxiell,28,DET,PF,65,42,1466,11.7,.493,.005,.277,9.9,17.4,13.6,4.7,1.2,2.7,14.2,15.8,0.4,1.3,1.7,.057,-2.6,-0.6,-3.2,-0.5,,maxieja01
298,Eric Maynor,24,OKC,PG,9,0,137,9.1,.466,.436,.103,2.7,7.8,5.4,24.1,1.9,0.0,21.3,17.1,0.0,0.1,0.1,.037,-1.9,-0.8,-2.7,0.0,,maynoer01
299,O.J. Mayo,24,MEM,SG,66,0,1771,14.7,.513,.374,.234,1.9,12.1,6.9,16.1,2.1,1.1,13.3,23.9,1.3,2.2,3.5,.094,0.5,0.4,0.8,1.3,,mayooj01
300,Luc Mbah a Moute,25,MIL,PF,43,22,1009,13.9,.544,.015,.395,8.2,16.9,12.4,4.4,2.0,1.6,11.3,15.1,1.2,1.1,2.4,.112,-1.2,0.1,-1.1,0.2,,mbahalu01
301,JaVale McGee,24,2TM,C,61,45,1535,19.9,.552,.000,.303,12.1,23.3,17.7,3.5,1.2,6.6,12.2,20.7,1.9,2.2,4.1,.127,0.1,0.0,0.2,0.8,,mcgeeja01
301,JaVale McGee,24,WAS,C,41,40,1124,19.6,.539,.000,.290,12.6,23.8,18.2,3.9,1.2,6.9,13.1,20.7,1.2,1.6,2.8,.120,0.0,0.1,0.1,0.6,,mcgeeja01
301,JaVale McGee,24,DEN,C,20,5,411,20.5,.588,.000,.336,10.5,21.8,16.3,2.5,1.2,5.9,9.8,21.0,0.7,0.6,1.3,.148,0.5,-0.1,0.4,0.2,,mcgeeja01
302,Tracy McGrady,32,ATL,SF,52,0,837,13.6,.510,.143,.359,3.3,18.2,10.8,20.8,1.0,1.4,16.5,18.0,0.5,1.1,1.6,.094,-0.1,0.7,0.6,0.5,,mcgratr01
303,Dominic McGuire,26,GSW,PF,64,6,1127,11.8,.486,.019,.252,7.4,17.4,12.4,14.0,2.0,2.5,19.4,11.8,0.6,0.9,1.5,.062,-1.8,1.0,-0.8,0.3,,mcguido01
304,Josh McRoberts,24,LAL,PF,50,6,718,10.9,.516,.059,.305,9.9,16.4,13.3,10.5,1.1,1.8,18.8,10.5,0.6,0.8,1.4,.095,-2.1,0.7,-1.4,0.1,,mcrobjo01
305,Jodie Meeks,24,PHI,SG,66,50,1644,11.5,.551,.570,.182,1.1,9.8,5.4,5.0,1.3,0.1,5.4,15.2,2.1,2.0,4.1,.120,-0.8,0.1,-0.7,0.5,,meeksjo01
306,C.J. Miles,24,UTA,SG,56,14,1145,12.4,.484,.323,.292,2.7,9.0,5.8,9.6,2.1,1.3,9.2,22.7,0.7,0.8,1.5,.063,-1.4,-0.4,-1.8,0.0,,milescj01
307,Darko Miličić,26,MIN,C,29,23,472,9.0,.458,.000,.285,8.2,14.6,11.4,5.9,1.0,3.8,17.9,16.8,-0.4,0.4,0.0,.003,-4.4,0.9,-3.5,-0.2,,milicda01
308,Andre Miller,35,DEN,SG,66,7,1809,14.8,.510,.150,.306,3.5,10.5,7.1,36.5,1.8,0.4,22.0,19.8,1.9,1.0,2.9,.078,0.5,-0.9,-0.3,0.7,,millean02
309,Brad Miller,35,MIN,C,15,1,146,10.7,.542,.556,.444,3.0,11.5,7.2,24.3,1.4,1.0,27.1,13.5,0.1,0.1,0.2,.060,-1.0,0.1,-1.0,0.0,,millebr01
310,Mike Miller,31,MIA,SG,39,2,752,11.4,.561,.560,.024,3.6,16.2,10.2,8.7,1.0,0.6,12.4,14.9,0.8,1.0,1.8,.113,0.3,-0.2,0.1,0.4,,millemi01
311,Paul Millsap,26,UTA,PF,64,62,2100,21.8,.545,.036,.296,9.7,21.2,15.4,12.4,2.9,2.0,10.3,23.2,4.9,2.9,7.8,.179,2.6,1.3,3.9,3.1,,millspa01
312,Patty Mills,23,SAS,PG,16,3,261,21.5,.604,.431,.115,1.8,10.3,6.2,25.9,2.0,0.3,16.0,28.4,0.6,0.3,0.9,.161,3.6,-1.2,2.5,0.3,,millspa02
313,Nazr Mohammed,34,OKC,C,63,1,692,11.0,.477,.006,.136,10.4,17.1,14.0,3.1,1.5,3.9,12.7,13.4,0.3,1.0,1.3,.090,-3.0,0.7,-2.4,-0.1,,mohamna01
314,Greg Monroe,21,DET,C,66,66,2082,22.0,.563,.001,.348,13.3,23.6,18.3,14.0,2.1,1.7,15.2,23.6,4.3,2.7,7.0,.161,2.8,0.1,2.9,2.6,,monrogr01
315,Jamario Moon,31,CHA,SF,8,0,123,3.4,.362,.417,.083,1.8,19.3,10.3,6.4,0.4,3.0,24.3,12.3,-0.3,0.0,-0.3,-.100,-6.4,-0.9,-7.3,-0.2,,moonja01
316,E'Twaun Moore,22,BOS,PG,38,0,331,8.8,.474,.398,.062,1.5,9.9,5.9,17.0,1.8,0.7,15.3,19.9,-0.3,0.5,0.2,.031,-3.3,0.9,-2.4,0.0,,mooreet01
317,Mikki Moore,36,GSW,C,7,0,118,6.3,.520,.000,.350,6.8,14.4,10.6,6.0,1.3,1.9,23.3,11.8,0.0,0.1,0.1,.022,-6.8,-0.1,-6.9,-0.1,,mooremi01
318,Darius Morris,21,LAL,PG,19,0,169,5.2,.500,.214,.214,1.4,8.8,5.3,19.1,0.6,0.0,29.2,17.6,-0.2,0.1,-0.2,-.045,-5.8,-2.0,-7.8,-0.2,,morrida01
319,Markieff Morris,22,PHO,PF,63,7,1227,12.1,.484,.284,.243,6.4,19.1,12.8,8.2,1.7,2.5,12.7,20.4,0.1,1.4,1.5,.059,-2.6,0.5,-2.1,0.0,,morrima02
320,Marcus Morris,22,HOU,PF,17,0,126,3.8,.348,.315,.148,4.6,10.2,7.4,3.7,0.8,1.2,6.5,22.2,-0.3,0.1,-0.2,-.083,-6.6,-2.7,-9.3,-0.2,,morrima03
321,Anthony Morrow,26,NJN,SG,62,18,1636,13.1,.531,.435,.158,2.1,7.0,4.5,6.8,1.5,0.4,9.0,21.6,1.7,0.0,1.7,.051,0.1,-2.0,-1.9,0.0,,morroan01
322,Timofey Mozgov,25,DEN,C,44,35,687,13.2,.556,.000,.300,9.3,20.8,15.2,4.9,1.1,4.8,19.8,17.4,0.3,0.8,1.1,.074,-2.9,0.4,-2.5,-0.1,,mozgoti01
323,Byron Mullens,22,CHA,C,65,25,1465,13.0,.473,.086,.190,7.3,18.8,12.8,7.5,0.8,2.6,10.4,22.5,-0.4,0.6,0.2,.007,-2.5,-2.1,-4.6,-1.0,,mulleby01
324,Troy Murphy,31,LAL,PF,59,0,956,9.0,.537,.392,.053,4.9,16.9,11.2,7.9,0.8,1.2,12.9,9.6,0.8,0.9,1.7,.088,-2.0,0.9,-1.1,0.2,,murphtr01
325,Eduardo Nájera,35,CHA,PF,22,0,270,9.3,.441,.453,.063,4.5,17.2,10.6,7.4,3.7,1.1,9.6,12.4,-0.1,0.3,0.2,.035,-4.6,1.8,-2.9,-0.1,,najered01
326,Steve Nash,37,PHO,PG,62,62,1961,20.3,.625,.254,.256,1.5,9.1,5.3,53.1,1.0,0.3,27.1,19.6,5.2,0.6,5.9,.144,4.7,-1.2,3.4,2.7,,nashst01
327,Hamady N'Diaye,25,WAS,C,3,0,3,-13.1,.000,.000,.000,0.0,0.0,0.0,0.0,0.0,0.0,0.0,14.9,0.0,0.0,0.0,-.369,-12.3,-8.8,-21.1,0.0,,ndiayha01
328,Gary Neal,27,SAS,SG,56,7,1206,14.2,.542,.407,.132,1.2,9.9,5.6,15.1,1.2,0.1,10.5,21.7,1.6,0.9,2.5,.101,0.7,-0.8,-0.1,0.6,,nealga01
329,Jameer Nelson,29,ORL,PG,57,57,1706,14.6,.524,.381,.145,1.9,10.4,6.1,34.0,1.2,0.2,17.3,21.4,2.3,1.2,3.5,.099,0.8,-0.9,-0.1,0.8,,nelsoja01
330,Joakim Noah,26,CHI,C,64,64,1945,19.6,.561,.002,.420,14.1,21.8,18.0,12.7,1.1,3.4,13.7,15.8,4.9,4.2,9.0,.223,1.7,2.1,3.8,2.8,,noahjo01
331,Andrés Nocioni,32,PHI,SF,11,1,56,1.8,.342,.300,.550,2.0,25.9,13.9,2.6,1.0,1.3,16.8,25.0,-0.3,0.1,-0.2,-.139,-10.7,-2.3,-12.9,-0.2,,nocioan01
332,Steve Novak,28,NYK,PF,54,0,1020,15.9,.684,.837,.077,1.0,10.9,5.9,2.0,0.8,0.7,5.7,16.2,2.9,0.9,3.9,.181,4.6,-0.5,4.1,1.6,,novakst01
333,Dirk Nowitzki,33,DAL,PF,62,62,2079,21.7,.564,.205,.343,2.5,19.9,11.3,12.6,1.1,1.2,9.0,29.2,5.0,2.6,7.6,.175,3.7,0.1,3.7,3.0,,nowitdi01
334,Lamar Odom,32,DAL,SF,50,4,1027,9.2,.423,.318,.281,4.0,18.7,11.4,12.9,1.0,1.4,11.7,20.1,-0.9,1.2,0.3,.014,-3.2,0.1,-3.1,-0.3,,odomla01
335,Emeka Okafor,29,NOH,C,27,27,781,15.1,.539,.000,.346,10.8,21.4,16.2,5.3,1.1,2.8,13.0,17.2,0.8,0.9,1.7,.103,-0.3,-0.1,-0.5,0.3,,okafoem01
336,Mehmet Okur,32,NJN,C,17,14,454,8.4,.460,.518,.036,5.5,15.5,10.4,11.1,1.1,0.8,15.0,16.8,-0.2,0.1,0.0,-.004,-2.7,-1.8,-4.5,-0.3,,okurme01
337,Jermaine O'Neal,33,BOS,C,25,24,570,9.4,.468,.000,.258,8.0,19.4,14.0,2.7,0.7,5.8,13.6,13.0,-0.1,1.2,1.1,.091,-4.6,2.1,-2.5,-0.1,,onealje01
338,Daniel Orton,21,ORL,PF,16,2,187,12.7,.549,.033,.833,11.6,12.5,12.0,4.3,2.3,3.8,14.6,12.0,0.2,0.3,0.5,.129,-3.6,0.6,-3.0,0.0,,ortonda01
339,Travis Outlaw,27,SAC,SF,39,5,500,9.6,.428,.343,.263,4.0,9.7,6.7,4.8,1.9,3.1,9.3,18.7,-0.3,0.2,-0.1,-.008,-2.6,-1.0,-3.6,-0.2,,outlatr01
340,Larry Owens,29,NJN,SF,7,0,75,5.8,.509,.455,.364,3.0,17.5,10.1,8.1,0.0,1.0,13.6,9.0,0.0,0.0,0.1,.035,-3.9,-0.7,-4.6,0.0,,owensla01
341,Zaza Pachulia,27,ATL,C,58,44,1640,14.0,.557,.000,.466,11.1,21.5,16.4,7.4,1.8,1.4,16.5,14.0,2.3,2.8,5.0,.147,-1.5,0.8,-0.7,0.5,,pachuza01
342,Jannero Pargo,32,ATL,PG,50,0,671,13.6,.539,.545,.079,1.6,11.1,6.4,24.1,1.6,0.2,15.8,21.8,0.6,0.8,1.3,.095,0.0,-0.6,-0.6,0.2,,pargoja01
343,Jeremy Pargo,25,MEM,PG,44,5,424,4.4,.389,.253,.180,3.2,7.0,5.1,20.2,1.9,0.0,22.1,22.2,-1.1,0.4,-0.8,-.085,-6.1,-1.5,-7.6,-0.6,,pargoje01
344,Anthony Parker,36,CLE,SF,51,51,1280,10.9,.523,.423,.172,0.9,11.8,6.1,15.7,1.6,0.4,12.5,14.1,1.0,0.4,1.4,.052,-1.3,-0.3,-1.7,0.1,,parkean01
345,Tony Parker,29,SAS,PG,60,60,1923,22.0,.539,.069,.319,1.3,8.7,5.1,40.3,1.5,0.2,13.1,27.7,5.5,1.6,7.1,.177,3.6,-0.9,2.7,2.3,,parketo01
346,Chandler Parsons,23,HOU,SF,63,57,1804,13.3,.513,.324,.142,5.7,13.6,9.6,11.7,2.1,1.2,12.2,16.7,1.6,1.8,3.4,.090,0.1,0.7,0.8,1.3,,parsoch01
347,Patrick Patterson,22,HOU,PF,64,1,1483,11.5,.457,.006,.112,8.7,13.7,11.2,5.7,1.0,1.8,8.4,17.9,0.5,1.1,1.6,.052,-2.0,-0.9,-2.9,-0.3,,pattepa01
348,Chris Paul,26,LAC,PG,60,60,2181,27.0,.581,.239,.339,2.3,9.4,5.8,43.8,3.8,0.2,10.8,24.3,10.4,2.3,12.7,.278,6.7,2.4,9.2,6.1,,paulch01
349,Sasha Pavlović,28,BOS,SF,45,7,527,6.7,.456,.453,.063,0.9,14.5,8.0,5.3,2.0,2.2,13.2,13.8,-0.6,1.0,0.4,.039,-4.4,2.1,-2.3,0.0,,pavloal01
350,Nikola Peković,26,MIN,C,47,35,1264,21.4,.607,.000,.412,15.8,14.6,15.2,4.6,1.2,1.8,14.0,21.9,3.6,0.9,4.5,.170,2.3,-1.3,1.0,1.0,,pekovni01
351,Jeff Ayres,24,IND,C,20,1,106,13.4,.435,.000,.194,12.8,22.1,17.5,6.3,1.5,1.5,4.9,17.6,0.1,0.2,0.3,.115,-1.9,-1.0,-2.8,0.0,,pendeje02
352,Kendrick Perkins,27,OKC,C,65,65,1744,8.7,.528,.000,.427,8.4,18.8,13.9,6.4,0.7,3.0,27.5,11.1,0.0,2.1,2.0,.056,-3.0,0.9,-2.1,0.0,,perkike01
353,Johan Petro,26,NJN,C,59,10,920,10.3,.452,.004,.142,8.3,20.3,14.1,8.2,1.2,1.9,12.1,15.6,0.1,0.6,0.7,.034,-3.9,-0.9,-4.7,-0.6,,petrojo01
354,Paul Pierce,34,BOS,SF,61,61,2075,19.6,.567,.307,.387,2.2,15.2,9.0,24.3,1.8,1.0,14.2,28.1,3.3,3.7,7.0,.161,3.0,1.1,4.2,3.2,,piercpa01
355,Mickaël Piétrus,29,BOS,SG,42,6,921,8.5,.509,.674,.115,2.4,13.7,8.3,4.4,1.2,0.8,10.4,16.5,-0.2,1.4,1.2,.063,-2.1,0.3,-1.8,0.0,,pietrmi01
356,Dexter Pittman,23,MIA,C,35,6,301,10.4,.498,.000,.298,11.1,16.8,14.1,4.9,1.4,2.2,13.8,19.0,0.1,0.5,0.6,.101,-5.9,-0.1,-6.0,-0.3,,pittmde01
357,Quincy Pondexter,23,MEM,SF,64,8,1002,9.4,.517,.305,.222,6.3,8.5,7.3,4.1,1.4,0.4,10.3,13.2,0.9,0.9,1.7,.082,-1.9,-0.1,-2.0,0.0,,pondequ01
358,A.J. Price,25,IND,PG,44,1,568,11.5,.454,.506,.201,2.6,9.4,6.0,23.9,1.9,0.3,14.5,17.7,0.2,0.5,0.7,.063,-0.6,-0.5,-1.0,0.1,,priceaj01
359,Ronnie Price,28,PHO,PG,36,8,517,8.4,.465,.338,.192,4.0,8.2,6.1,18.7,3.4,0.4,24.6,16.4,-0.4,0.5,0.1,.008,-4.7,1.5,-3.1,-0.2,,pricero01
360,Tayshaun Prince,31,DET,SF,63,63,2087,12.8,.470,.130,.144,4.0,12.4,8.0,13.2,0.7,1.2,8.0,20.4,1.2,0.9,2.1,.048,0.0,-1.5,-1.5,0.3,,princta01
361,Joel Przybilla,32,POR,C,27,19,449,6.0,.492,.000,.375,7.4,28.9,17.9,1.9,0.5,2.8,28.2,7.9,-0.2,0.5,0.3,.034,-5.3,-0.2,-5.5,-0.4,,przybjo01
362,Vladimir Radmanović,31,ATL,SF,49,3,755,11.7,.524,.685,.147,5.3,16.8,11.1,10.9,1.5,1.5,14.3,15.2,0.5,1.1,1.6,.103,-0.4,0.6,0.2,0.4,,radmavl01
363,Anthony Randolph,22,MIN,PF,34,5,517,17.6,.532,.005,.420,9.0,17.5,13.2,6.6,1.3,4.8,14.4,23.8,0.5,0.6,1.1,.099,-1.4,0.6,-0.8,0.2,,randoan01
364,Zach Randolph,30,MEM,PF,28,8,735,17.9,.500,.028,.309,12.1,23.9,17.9,11.2,1.5,0.4,11.0,22.4,1.0,1.1,2.1,.135,1.0,-0.7,0.3,0.4,,randoza01
365,Michael Redd,32,PHO,SG,51,2,770,13.9,.511,.367,.308,2.1,9.1,5.6,7.1,0.9,0.0,8.3,26.3,0.6,0.2,0.8,.052,-0.2,-2.4,-2.6,-0.1,,reddmi01
366,JJ Redick,27,ORL,SG,65,22,1765,15.1,.575,.459,.269,1.2,8.8,4.9,16.2,0.8,0.3,9.4,19.2,4.2,1.0,5.2,.142,1.6,-0.6,1.0,1.3,,redicjj01
367,Ryan Reid,25,OKC,PF,5,0,17,17.6,.800,.000,.000,7.2,6.3,6.7,0.0,0.0,0.0,16.7,16.0,0.0,0.0,0.1,.142,1.0,-3.0,-2.0,0.0,,reidry01
368,Jason Richardson,31,ORL,SG,54,54,1591,13.3,.502,.465,.116,2.6,11.6,7.0,12.0,1.8,1.1,8.7,20.2,1.2,1.6,2.8,.084,0.3,0.4,0.7,1.1,,richaja01
369,Quentin Richardson,31,ORL,SF,48,3,866,8.7,.511,.614,.152,2.0,14.6,8.2,7.0,1.7,0.5,12.1,13.0,0.4,0.9,1.3,.070,-2.5,1.0,-1.6,0.1,,richaqu01
370,Luke Ridnour,30,MIN,SG,53,53,1750,13.6,.530,.276,.216,1.2,7.8,4.5,24.0,1.6,0.7,13.7,17.8,2.4,0.9,3.3,.090,-0.6,0.2,-0.5,0.7,,ridnolu01
371,Nate Robinson,27,GSW,PG,51,9,1192,18.0,.534,.374,.233,1.4,8.1,4.8,31.8,2.6,0.1,12.3,23.6,2.4,0.4,2.8,.111,1.5,-1.1,0.4,0.7,,robinna01
372,Rajon Rondo,25,BOS,PG,53,53,1957,17.5,.483,.073,.316,3.9,11.2,7.7,52.5,2.6,0.1,22.8,20.7,1.5,3.4,4.9,.121,1.5,0.6,2.2,2.1,,rondora01
373,Derrick Rose,23,CHI,PG,39,39,1375,23.0,.532,.249,.344,2.1,8.4,5.3,40.3,1.4,1.4,12.9,30.5,4.1,2.0,6.0,.211,6.1,0.3,6.4,2.9,,rosede01
374,Ricky Rubio,21,MIN,PG,41,31,1404,14.6,.476,.242,.404,1.6,11.9,6.7,37.4,3.3,0.4,22.2,18.7,0.5,1.5,2.0,.070,-0.4,1.4,1.0,1.1,,rubiori01
375,Brandon Rush,26,GSW,SF,65,1,1717,15.2,.628,.467,.175,2.2,14.4,8.3,7.9,1.1,2.6,11.9,15.4,2.9,0.6,3.5,.099,2.1,-0.4,1.7,1.6,,rushbr01
376,Walker Russell,29,DET,PG,28,0,357,7.2,.401,.137,.232,2.3,6.6,4.4,26.0,2.7,0.2,24.0,17.8,-0.6,0.3,-0.4,-.049,-4.6,-0.9,-5.5,-0.3,,russewa02
377,John Salmons,32,SAC,SF,46,32,1250,9.0,.471,.325,.130,1.7,10.5,5.9,11.1,1.5,0.4,11.0,14.2,0.3,0.1,0.4,.014,-2.7,-0.7,-3.4,-0.5,,salmojo01
378,Samardo Samuels,23,CLE,C,54,0,825,11.1,.517,.000,.506,8.4,16.8,12.4,4.2,1.3,1.8,16.5,18.4,0.2,0.5,0.7,.039,-4.0,-1.3,-5.3,-0.7,,samuesa01
379,Larry Sanders,23,MIL,PF,52,0,643,13.3,.463,.011,.207,10.3,17.3,13.7,7.8,2.5,8.9,17.6,16.7,-0.3,1.2,1.0,.072,-5.0,3.1,-1.9,0.0,,sandela01
380,Brian Scalabrine,33,CHI,PF,28,0,122,13.5,.490,.233,.200,7.5,11.7,9.6,18.7,2.2,3.5,21.6,15.5,0.0,0.2,0.3,.108,-1.0,2.6,1.6,0.1,,scalabr01
381,Luis Scola,31,HOU,PF,66,66,2067,15.4,.526,.003,.223,6.8,17.3,12.0,12.0,0.9,0.9,13.6,24.8,1.8,1.6,3.4,.080,-1.0,-0.9,-1.9,0.0,,scolalu01
382,Thabo Sefolosha,27,OKC,SG,42,42,914,9.8,.584,.458,.277,2.8,12.5,8.0,7.4,2.1,1.4,18.7,10.6,0.8,1.0,1.8,.095,-1.3,1.7,0.4,0.6,,sefolth01
383,Josh Selby,20,MEM,PG,28,0,237,3.3,.403,.208,.194,1.0,6.5,3.7,19.3,1.6,0.0,27.1,20.5,-0.7,0.2,-0.5,-.105,-6.8,-2.0,-8.8,-0.4,,selbyjo01
384,Kevin Séraphin,22,WAS,C,57,21,1176,15.8,.549,.003,.183,9.8,17.1,13.4,4.8,0.8,5.0,13.8,18.2,1.2,1.1,2.3,.094,-1.4,-0.3,-1.7,0.1,,serapke01
385,Ramon Sessions,25,2TM,PG,64,23,1707,16.7,.535,.172,.439,2.2,12.0,7.1,35.5,1.4,0.1,17.3,21.6,2.9,0.8,3.7,.104,1.0,-1.4,-0.4,0.7,,sessira01
385,Ramon Sessions,25,CLE,PG,41,4,1006,16.4,.514,.175,.415,2.1,12.7,7.2,37.1,1.4,0.1,16.4,22.4,1.5,0.3,1.8,.085,1.0,-1.6,-0.6,0.4,,sessira01
385,Ramon Sessions,25,LAL,PG,23,19,701,17.3,.570,.166,.479,2.3,11.1,6.9,33.1,1.3,0.2,18.8,20.5,1.4,0.5,1.9,.131,1.0,-1.1,-0.1,0.3,,sessira01
386,Iman Shumpert,21,NYK,PG,59,35,1705,10.8,.484,.294,.204,2.8,9.9,6.3,15.6,3.1,0.4,16.0,18.2,-0.1,2.5,2.4,.068,-3.0,1.6,-1.4,0.2,,shumpim01
387,Xavier Silas,24,PHI,SG,2,0,39,0.1,.337,.400,.200,5.7,5.7,5.7,11.4,0.0,0.0,15.5,23.3,-0.1,0.0,-0.1,-.131,-10.4,-4.2,-14.7,-0.1,,silasxa01
388,Bobby Simmons,31,LAC,SF,28,0,418,6.0,.430,.667,.078,4.8,10.9,7.8,3.8,1.9,0.6,9.7,11.4,0.0,0.3,0.3,.029,-3.3,-0.3,-3.6,-0.2,,simmobo01
389,Chris Singleton,22,WAS,SF,66,51,1431,8.3,.462,.407,.141,3.4,15.1,9.2,5.0,2.5,1.6,10.3,11.5,0.1,1.5,1.5,.052,-3.5,1.2,-2.2,-0.1,,singlch01
390,James Singleton,30,WAS,PF,12,0,262,19.6,.600,.120,.200,10.7,24.3,17.4,9.5,1.8,2.3,10.9,15.6,0.7,0.3,1.0,.186,1.2,0.5,1.7,0.2,,singlja01
391,Brian Skinner,35,MEM,C,1,0,4,-14.7,.000,.000,.000,0.0,0.0,0.0,0.0,0.0,0.0,0.0,11.3,0.0,0.0,0.0,-.248,-12.5,-3.0,-15.5,0.0,,skinnbr01
392,Donald Sloan,24,3TM,PG,33,11,669,8.9,.433,.126,.152,3.0,8.6,5.7,26.5,1.0,0.3,18.8,17.6,-0.4,0.1,-0.3,-.024,-3.3,-2.1,-5.3,-0.6,,sloando01
392,Donald Sloan,24,ATL,PG,5,0,20,11.6,.375,.125,.000,5.9,23.3,14.7,41.6,2.7,0.0,20.0,23.5,0.0,0.0,0.0,.012,-5.4,1.8,-3.6,0.0,,sloando01
392,Donald Sloan,24,NOH,PG,3,0,41,8.0,.381,.143,.286,5.9,2.9,4.4,32.5,2.7,0.0,24.1,23.9,-0.1,0.0,-0.1,-.104,-3.4,-1.3,-4.7,0.0,,sloando01
392,Donald Sloan,24,CLE,PG,25,11,608,8.9,.440,.125,.148,2.7,8.6,5.5,25.6,0.9,0.4,18.3,17.0,-0.3,0.0,-0.3,-.020,-3.2,-2.2,-5.4,-0.5,,sloando01
393,Craig Smith,28,POR,PF,47,0,464,13.6,.556,.009,.453,8.1,19.8,13.8,6.6,1.8,0.8,14.6,16.2,0.6,0.4,1.0,.105,-1.8,0.3,-1.5,0.1,,smithcr01
394,Greg Smith,21,HOU,C,8,0,69,12.3,.636,.000,.000,8.3,25.5,16.8,2.2,1.5,5.4,8.3,7.9,0.1,0.1,0.2,.165,-4.2,3.4,-0.8,0.0,,smithgr02
395,Ish Smith,23,2TM,PG,26,1,234,14.1,.422,.111,.123,3.4,13.9,8.6,29.2,3.4,0.7,13.2,19.6,0.0,0.3,0.3,.062,-1.9,2.0,0.1,0.1,,smithis01
395,Ish Smith,23,GSW,PG,6,1,63,16.7,.437,.167,.067,3.6,12.6,8.1,24.2,3.3,0.0,3.1,23.3,0.0,0.0,0.1,.069,0.7,2.4,3.1,0.1,,smithis01
395,Ish Smith,23,ORL,PG,20,0,171,13.1,.413,.078,.157,3.3,14.4,8.8,31.1,3.5,0.9,18.0,18.2,0.0,0.3,0.2,.060,-2.8,1.8,-1.0,0.0,,smithis01
396,Jason Smith,25,NOH,PF,40,29,947,16.6,.537,.026,.135,9.2,15.3,12.3,6.8,1.2,3.6,9.8,20.4,1.2,1.0,2.2,.110,-0.2,-0.2,-0.4,0.4,,smithja02
397,Jerry Smith,24,NJN,PG,5,0,46,7.8,.250,.429,.000,4.9,13.0,8.8,13.4,5.8,0.0,0.0,13.9,-0.1,0.1,0.0,-.007,-6.6,4.6,-2.0,0.0,,smithje01
398,Josh Smith,26,ATL,PF,66,66,2329,21.1,.499,.099,.292,6.9,24.8,15.9,20.6,2.1,3.8,11.7,28.4,1.9,4.9,6.8,.139,1.7,2.1,3.8,3.3,,smithjo03
399,J.R. Smith,26,NYK,SG,35,1,967,15.2,.508,.477,.136,3.4,12.9,8.1,15.2,2.9,0.5,9.7,22.0,1.0,1.5,2.5,.122,0.8,1.3,2.1,1.0,,smithjr01
400,Nolan Smith,23,POR,PG,44,4,541,7.8,.434,.250,.156,3.6,8.6,6.0,18.2,1.8,0.4,17.9,19.8,-0.6,0.3,-0.3,-.029,-4.2,-1.3,-5.5,-0.5,,smithno01
401,Marreese Speights,24,MEM,PF,60,54,1345,14.1,.491,.006,.223,11.3,21.4,16.2,6.0,0.8,1.8,12.1,20.5,0.9,1.7,2.7,.096,-1.8,-1.2,-3.0,-0.4,,speigma01
402,Tiago Splitter,27,SAS,C,59,2,1121,20.5,.649,.000,.528,9.7,21.4,15.7,9.2,1.0,3.0,17.1,20.7,3.0,1.6,4.6,.197,0.9,1.1,2.0,1.1,,splitti01
403,Jerry Stackhouse,37,ATL,SF,30,0,273,11.5,.490,.380,.230,2.6,7.2,4.9,8.3,1.9,0.8,10.6,21.2,0.0,0.3,0.3,.060,-1.2,0.0,-1.3,0.0,,stackje01
404,Lance Stephenson,21,IND,SG,42,1,442,7.0,.400,.240,.136,3.1,10.4,6.7,16.5,2.5,0.9,21.4,17.3,-0.8,0.5,-0.3,-.031,-4.3,0.6,-3.7,-0.2,,stephla01
405,DeShawn Stevenson,30,NJN,SF,51,30,960,4.3,.413,.843,.093,0.8,11.7,6.1,6.5,1.1,0.3,9.6,9.4,-0.3,0.1,-0.3,-.014,-3.9,-0.6,-4.4,-0.6,,stevede01
406,Greg Stiemsma,26,BOS,C,55,3,766,13.6,.579,.000,.339,7.7,19.0,13.6,5.6,2.6,8.5,19.2,10.8,0.6,2.2,2.7,.170,-4.0,5.5,1.4,0.7,,stiemgr01
407,Julyan Stone,23,DEN,SG,22,2,179,13.0,.502,.355,.355,3.4,12.6,8.1,28.3,2.3,2.6,23.5,11.7,0.2,0.2,0.4,.101,0.0,2.7,2.7,0.2,,stoneju01
408,Amar'e Stoudemire,29,NYK,PF,47,47,1543,17.7,.541,.032,.372,7.9,19.8,13.7,6.3,1.3,2.3,12.8,25.4,1.8,2.3,4.1,.128,0.1,-0.4,-0.3,0.7,,stoudam01
409,Rodney Stuckey,25,DET,SG,55,48,1644,17.6,.550,.174,.536,2.7,7.8,5.2,22.7,1.4,0.5,12.6,23.7,3.8,0.7,4.5,.131,1.7,-1.0,0.6,1.1,,stuckro01
410,DaJuan Summers,24,NOH,SF,15,6,209,9.0,.493,.246,.138,4.6,8.4,6.6,8.1,1.8,0.0,10.4,17.4,0.1,0.1,0.2,.049,-3.1,-0.2,-3.2,-0.1,,summeda01
411,Jeff Teague,23,ATL,PG,66,66,2183,15.8,.551,.222,.275,1.1,7.4,4.3,24.3,2.6,1.3,15.1,19.1,3.0,3.0,6.0,.131,0.0,1.3,1.3,1.8,,teaguje01
412,Sebastian Telfair,26,PHO,PG,60,1,895,13.2,.495,.307,.196,2.5,8.9,5.7,24.5,2.4,1.0,15.5,22.3,0.4,0.7,1.1,.058,-1.7,0.4,-1.3,0.1,,telfase01
413,Jason Terry,34,DAL,SG,63,1,2000,15.7,.540,.440,.134,0.9,7.4,4.2,19.9,1.9,0.4,12.6,23.3,2.0,1.8,3.8,.092,1.7,-0.3,1.4,1.7,,terryja01
414,Hasheem Thabeet,24,2TM,C,20,3,139,12.4,.587,.000,.952,13.1,22.2,17.6,0.0,0.4,5.5,21.2,12.4,0.1,0.2,0.3,.102,-3.4,-0.4,-3.9,-0.1,,thabeha01
414,Hasheem Thabeet,24,HOU,C,5,0,23,16.4,1.000,.000,.000,5.0,30.6,17.7,0.0,0.0,6.5,0.0,5.9,0.1,0.0,0.1,.228,-0.7,3.5,2.8,0.0,,thabeha01
414,Hasheem Thabeet,24,POR,C,15,3,116,11.6,.541,.000,1.111,14.8,20.5,17.6,0.0,0.5,5.3,23.0,13.7,0.1,0.1,0.2,.077,-3.9,-1.2,-5.2,-0.1,,thabeha01
415,Isaiah Thomas,22,SAC,PG,65,37,1656,17.6,.574,.384,.324,3.0,8.4,5.6,25.6,1.6,0.4,13.9,19.8,4.2,0.0,4.3,.124,2.4,-1.6,0.8,1.2,,thomais02
416,Kurt Thomas,39,POR,C,53,3,803,9.5,.483,.000,.127,5.5,22.1,13.7,8.7,1.6,3.0,15.8,11.2,0.2,0.9,1.1,.067,-4.0,2.1,-1.9,0.0,,thomaku01
417,Lance Thomas,23,NOH,PF,42,10,630,10.1,.541,.008,.492,9.4,14.3,11.9,3.0,0.9,0.9,13.5,13.3,0.7,0.4,1.2,.088,-3.3,-1.0,-4.3,-0.4,,thomala01
418,Malcolm Thomas,23,SAS,PF,3,0,15,7.1,.129,.000,.667,7.8,15.0,11.5,8.1,3.4,4.8,0.0,11.8,0.0,0.0,0.0,-.028,-2.5,0.4,-2.0,0.0,,thomama01
419,Tyrus Thomas,25,CHA,PF,54,30,1013,9.0,.418,.009,.254,5.4,17.7,11.3,6.0,1.9,4.4,12.7,19.0,-1.5,0.8,-0.6,-.029,-5.9,-0.1,-6.0,-1.0,,thomaty01
420,Jason Thompson,25,SAC,PF,64,47,1657,16.4,.558,.005,.409,10.5,19.3,14.7,7.5,1.3,1.9,11.5,15.5,3.1,0.8,3.9,.114,0.2,-1.1,-0.9,0.5,,thompja02
421,Klay Thompson,21,GSW,SG,66,29,1608,14.9,.545,.373,.127,1.7,9.6,5.7,14.2,1.6,1.0,12.0,24.7,1.4,0.3,1.7,.050,0.3,-1.7,-1.4,0.2,,thompkl01
422,Mychel Thompson,23,CLE,SG,5,3,95,2.2,.375,.458,.000,0.0,6.2,3.0,11.6,1.1,0.8,17.2,13.7,-0.2,0.0,-0.2,-.079,-5.9,-1.1,-7.1,-0.1,,thompmy02
423,Tristan Thompson,20,CLE,PF,60,25,1424,13.3,.469,.005,.434,14.4,16.8,15.5,3.3,1.0,3.3,13.3,19.2,0.3,0.9,1.1,.038,-2.4,-2.3,-4.7,-1.0,,thomptr01
424,Trey Thompkins,21,LAC,C,24,0,119,12.0,.445,.213,.115,4.0,20.2,12.0,4.5,1.4,2.1,8.6,27.2,-0.1,0.1,0.0,.004,-3.2,-2.5,-5.7,-0.1,,thomptr02
425,Marcus Thornton,24,SAC,SG,51,51,1780,17.4,.544,.386,.203,4.9,6.7,5.8,9.4,2.0,0.5,8.8,23.4,3.7,0.1,3.8,.103,2.4,-1.4,1.1,1.4,,thornma01
426,Jamaal Tinsley,33,UTA,PG,37,1,507,10.9,.461,.262,.121,1.3,8.9,5.1,36.3,1.8,1.3,25.9,17.8,-0.2,0.3,0.1,.006,-1.7,-1.5,-3.2,-0.2,,tinslja01
427,Anthony Tolliver,26,MIN,SF,51,0,882,8.3,.504,.555,.302,6.2,13.0,9.6,3.8,1.0,1.5,14.5,12.2,0.3,0.6,0.9,.049,-2.8,0.1,-2.6,-0.2,,tollian01
428,Ronny Turiaf,29,2TM,C,17,5,279,12.3,.597,.030,.667,8.9,20.6,14.8,5.1,2.6,4.9,24.7,9.4,0.2,0.6,0.8,.137,-2.8,2.6,-0.2,0.1,,turiaro01
428,Ronny Turiaf,29,WAS,C,4,0,58,10.8,1.000,.000,.000,1.9,21.6,11.7,12.2,5.4,4.0,66.7,6.9,-0.1,0.1,0.1,.057,-4.7,6.0,1.3,0.0,,turiaro01
428,Ronny Turiaf,29,MIA,C,13,5,221,12.6,.567,.033,.733,10.7,20.3,15.7,3.3,1.9,5.1,16.8,10.0,0.3,0.5,0.7,.158,-2.3,1.7,-0.6,0.1,,turiaro01
429,Hedo Türkoğlu,32,ORL,SF,53,53,1653,11.7,.528,.512,.188,1.7,12.4,7.0,24.1,1.5,0.8,20.6,19.5,0.6,1.5,2.1,.060,-1.0,0.1,-0.9,0.5,,turkohe01
430,Evan Turner,23,PHI,SF,65,20,1713,12.6,.478,.083,.183,1.7,22.8,12.2,16.9,1.2,0.9,14.1,20.3,-0.6,3.0,2.4,.068,-2.2,1.0,-1.3,0.3,,turneev01
431,Jeremy Tyler,20,GSW,C,42,23,568,10.4,.442,.005,.249,10.8,17.1,14.0,4.5,1.5,2.7,13.4,21.8,-0.5,0.4,-0.2,-.014,-5.5,-2.3,-7.8,-0.8,,tylerje01
432,Edwin Ubiles,25,WAS,SF,4,0,52,7.3,.362,.278,.167,4.3,17.5,10.9,2.9,1.0,1.5,4.9,17.5,-0.1,0.0,0.0,-.026,-2.4,-1.5,-3.9,0.0,,ubileed01
433,Ekpe Udoh,24,2TM,C,61,11,1290,12.5,.493,.007,.386,8.6,13.5,11.0,6.4,1.6,6.0,13.3,14.0,0.9,1.2,2.1,.077,-2.9,1.3,-1.5,0.2,,udohek01
433,Ekpe Udoh,24,GSW,C,38,6,827,11.5,.493,.000,.346,8.0,12.2,10.1,5.5,1.6,6.0,14.1,13.8,0.3,0.6,0.9,.054,-3.3,1.3,-2.0,0.0,,udohek01
433,Ekpe Udoh,24,MIL,C,23,5,463,14.3,.492,.018,.455,9.7,15.9,12.7,8.1,1.7,6.0,12.0,14.3,0.5,0.6,1.1,.119,-2.1,1.4,-0.7,0.2,,udohek01
434,Beno Udrih,29,MIL,SG,59,0,1080,13.1,.488,.178,.166,2.6,8.0,5.2,32.2,1.8,0.1,17.8,17.7,0.8,0.6,1.4,.061,-0.9,-1.2,-2.1,0.0,,udrihbe01
435,Ben Uzoh,23,2TM,PG,18,8,370,10.9,.377,.010,.192,6.0,15.1,10.6,26.8,2.5,0.7,15.0,16.1,-0.2,0.4,0.2,.032,-3.0,1.9,-1.1,0.1,,uzohbe01
435,Ben Uzoh,23,CLE,PG,2,0,13,21.0,.400,.000,.000,16.9,18.2,17.5,27.8,4.0,0.0,0.0,17.3,0.0,0.0,0.0,.161,2.8,3.1,5.9,0.0,,uzohbe01
435,Ben Uzoh,23,TOR,PG,16,8,357,10.5,.376,.011,.202,5.6,15.0,10.3,26.7,2.4,0.7,15.7,16.0,-0.2,0.4,0.2,.027,-3.2,1.8,-1.4,0.1,,uzohbe01
436,Anderson Varejão,29,CLE,C,25,25,785,18.9,.542,.018,.288,15.2,26.8,20.8,9.7,2.3,1.6,15.2,16.9,1.2,0.9,2.1,.131,1.3,-0.2,1.1,0.6,,varejan01
437,Greivis Vásquez,25,NOH,PG,66,26,1706,14.2,.513,.258,.224,1.6,10.3,6.0,35.7,1.9,0.4,20.5,20.0,1.0,1.3,2.3,.064,-0.2,-0.9,-1.1,0.4,,vasqugr01
438,Jan Veselý,21,WAS,PF,57,20,1078,11.5,.544,.005,.284,10.5,15.6,13.0,6.7,1.9,2.3,19.7,12.7,0.7,1.0,1.7,.076,-3.0,0.4,-2.6,-0.2,,veselja01
439,Charlie Villanueva,27,DET,PF,13,0,180,16.2,.484,.495,.077,5.8,26.8,15.9,6.4,2.1,2.2,6.9,26.0,0.1,0.3,0.4,.096,-0.1,-0.5,-0.7,0.1,,villach01
440,Nikola Vučević,21,PHI,C,51,15,812,14.3,.462,.027,.117,12.0,21.7,16.8,6.2,1.3,3.1,9.7,19.6,0.2,1.6,1.8,.109,-2.5,0.3,-2.2,0.0,,vucevni01
441,Dwyane Wade,30,MIA,SG,49,49,1625,26.3,.559,.067,.355,5.6,11.6,8.7,27.3,2.7,3.1,11.8,31.3,4.8,2.9,7.7,.227,6.0,1.9,7.9,4.0,,wadedw01
442,Von Wafer,26,ORL,SG,33,1,469,11.4,.537,.248,.344,1.5,9.7,5.5,11.0,1.1,0.5,16.2,21.6,0.1,0.3,0.4,.042,-1.8,-0.7,-2.6,-0.1,,wafervo01
443,Henry Walker,24,NYK,SG,32,8,620,8.2,.526,.661,.117,1.7,13.4,7.5,9.4,1.6,0.9,16.3,15.5,0.1,0.8,0.9,.067,-2.9,0.8,-2.1,0.0,,walkebi01
444,Kemba Walker,21,CHA,PG,66,25,1792,14.9,.464,.295,.278,1.9,13.5,7.5,30.2,1.8,0.8,12.1,25.2,-0.2,0.5,0.3,.009,0.7,-1.4,-0.8,0.6,,walkeke02
445,Ben Wallace,37,DET,C,62,11,980,10.7,.398,.047,.547,9.6,23.7,16.4,6.4,2.6,4.1,24.2,6.6,-0.1,1.6,1.4,.070,-1.8,2.4,0.6,0.7,,wallabe01
446,Gerald Wallace,29,2TM,SF,58,58,2076,15.9,.547,.237,.356,4.8,17.2,10.8,13.2,2.2,1.3,13.2,18.6,3.0,1.8,4.8,.112,0.4,0.7,1.0,1.6,,wallage01
446,Gerald Wallace,29,POR,SF,42,42,1503,15.5,.556,.228,.374,4.8,17.0,10.7,12.4,2.2,1.3,14.4,17.8,2.0,1.4,3.5,.111,0.1,0.9,0.9,1.1,,wallage01
446,Gerald Wallace,29,NJN,SF,16,16,573,17.2,.528,.257,.317,4.7,17.7,11.0,15.1,2.1,1.5,10.5,20.5,1.0,0.4,1.4,.113,1.2,0.1,1.3,0.5,,wallage01
447,John Wall,21,WAS,PG,66,66,2386,17.7,.502,.047,.450,2.2,12.0,7.1,36.9,2.1,1.8,19.2,24.9,1.7,1.9,3.5,.071,1.3,-0.6,0.7,1.6,,walljo01
448,Luke Walton,31,2TM,PF,30,0,364,3.4,.423,.308,.000,4.0,11.4,7.6,14.8,0.7,0.2,29.3,11.4,-0.4,0.1,-0.4,-.050,-5.7,-1.4,-7.1,-0.5,,waltolu01
448,Luke Walton,31,LAL,SF,9,0,65,8.9,.429,.286,.000,10.8,13.1,12.0,11.6,1.6,0.0,12.5,11.3,0.0,0.1,0.1,.072,-2.7,1.3,-1.5,0.0,,waltolu01
448,Luke Walton,31,CLE,PF,21,0,299,2.2,.422,.314,.000,2.6,11.1,6.7,15.5,0.5,0.3,32.9,11.4,-0.5,0.0,-0.5,-.076,-6.3,-2.0,-8.4,-0.5,,waltolu01
449,Hakim Warrick,29,PHO,PF,35,0,503,13.1,.503,.056,.550,7.0,13.5,10.3,9.3,0.8,0.4,13.9,23.4,0.3,0.2,0.5,.050,-1.1,-1.6,-2.7,-0.1,,warriha01
450,Darryl Watkins,27,NOH,C,5,0,98,10.8,.525,.000,1.286,9.9,22.7,16.4,4.7,2.8,3.4,26.7,14.4,-0.1,0.2,0.1,.056,-5.0,1.1,-3.9,0.0,,watkida01
451,C.J. Watson,27,CHI,PG,49,25,1159,13.3,.491,.396,.238,2.1,7.9,5.1,27.2,2.1,0.5,16.7,22.8,0.8,1.8,2.6,.109,-0.5,0.2,-0.3,0.5,,watsocj01
452,Earl Watson,32,UTA,PG,50,2,1033,9.5,.413,.325,.288,3.3,10.2,6.7,28.9,2.7,1.7,32.0,11.5,-0.6,0.9,0.4,.018,-2.6,1.2,-1.4,0.2,,watsoea01
453,Martell Webster,25,MIN,SF,47,26,1140,10.0,.533,.401,.265,4.1,12.3,8.2,5.5,1.4,1.1,13.2,13.6,0.8,0.7,1.5,.064,-1.9,0.2,-1.6,0.1,,webstma02
454,Russell Westbrook,23,OKC,PG,66,66,2331,22.9,.538,.155,.326,5.0,9.4,7.4,29.8,2.5,0.7,14.2,32.7,5.5,2.4,7.9,.163,3.7,-0.7,3.0,3.0,,westbru01
455,David West,31,IND,PF,66,66,1925,17.8,.531,.013,.246,6.9,18.3,12.6,13.1,1.4,1.9,10.5,20.9,3.4,2.5,5.9,.147,1.4,0.4,1.8,1.8,,westda01
456,Delonte West,28,DAL,PG,44,33,1060,15.3,.539,.211,.194,1.4,9.3,5.4,22.2,2.9,0.8,16.3,20.4,0.8,1.4,2.2,.098,-0.6,1.6,1.0,0.8,,westde01
457,D.J. White,25,CHA,PF,58,11,1098,12.4,.516,.003,.173,5.0,17.2,10.9,8.1,0.8,1.6,10.2,17.8,0.5,0.3,0.8,.034,-2.3,-1.5,-3.8,-0.5,,whitedj01
458,Hassan Whiteside,22,SAC,C,18,0,109,16.2,.449,.000,.444,15.4,24.3,19.6,0.0,1.4,10.0,13.4,14.8,0.0,0.2,0.2,.073,-2.0,0.4,-1.6,0.0,,whiteha01
459,Chris Wilcox,29,BOS,C,28,4,481,12.4,.612,.000,.364,9.8,19.7,14.9,4.1,1.2,1.4,19.5,15.4,0.4,0.9,1.3,.132,-2.7,0.6,-2.1,0.0,,wilcoch01
460,Damien Wilkins,32,DET,SF,60,2,922,6.9,.445,.119,.280,2.8,10.4,6.5,7.5,1.7,1.1,12.2,12.4,-0.2,0.6,0.4,.019,-4.2,0.2,-4.0,-0.5,,wilkida02
461,Deron Williams,27,NJN,PG,55,55,1999,20.3,.527,.356,.317,1.3,9.6,5.3,46.6,1.8,0.8,16.7,30.1,3.7,0.4,4.1,.099,4.2,-1.9,2.3,2.2,,willide01
462,Derrick Williams,20,MIN,PF,66,15,1418,12.9,.499,.277,.392,6.0,18.4,12.2,4.5,1.1,1.6,11.7,20.7,0.6,1.2,1.8,.059,-1.4,-0.7,-2.1,0.0,,willide02
463,Elliot Williams,22,POR,SG,24,0,149,18.8,.537,.365,.243,5.4,9.6,7.4,8.0,2.1,1.6,5.8,26.7,0.2,0.1,0.3,.105,0.7,-0.8,-0.1,0.1,,williel01
464,Jordan Williams,21,NJN,C,43,5,635,14.5,.544,.000,.434,11.7,16.9,14.3,2.9,1.8,1.8,11.3,14.7,1.0,0.4,1.3,.101,-0.9,-1.2,-2.1,0.0,,willijo03
465,Lou Williams,25,PHI,PG,64,0,1682,20.2,.525,.293,.373,2.0,8.3,5.1,22.4,1.7,0.8,7.2,27.4,3.9,2.2,6.1,.174,3.7,0.2,4.0,2.5,,willilo02
466,Mo Williams,29,LAC,SG,52,1,1472,15.0,.530,.391,.131,1.8,6.2,4.0,18.5,1.9,0.4,11.7,22.9,2.2,0.7,2.8,.093,1.4,-1.2,0.2,0.8,,willima01
467,Marvin Williams,25,ATL,SF,57,37,1500,15.8,.542,.317,.311,6.0,16.9,11.5,7.7,1.7,0.9,6.8,18.0,2.7,2.1,4.9,.156,1.1,0.2,1.3,1.2,,willima02
468,Reggie Williams,25,CHA,SF,33,13,747,12.4,.503,.420,.157,4.0,10.5,7.1,14.7,1.4,0.3,10.8,18.9,0.3,0.0,0.3,.022,-0.4,-2.0,-2.4,-0.1,,willire02
469,Sean Williams,25,2TM,C,11,0,107,18.7,.722,.000,.591,14.1,12.6,13.4,7.4,2.0,5.9,26.5,16.5,0.2,0.2,0.4,.199,-2.1,2.4,0.4,0.1,,willise01
469,Sean Williams,25,DAL,C,8,0,65,18.8,.778,.000,.375,15.7,6.9,11.2,5.5,0.8,6.1,27.3,18.3,0.2,0.1,0.2,.182,-2.2,0.7,-1.5,0.0,,willise01
469,Sean Williams,25,BOS,C,3,0,42,18.6,.606,.000,1.167,11.8,21.4,16.8,10.4,3.8,5.5,24.8,13.8,0.1,0.1,0.2,.226,-1.9,5.1,3.3,0.1,,willise01
470,Shelden Williams,28,NJN,C,58,35,1276,11.9,.543,.000,.517,12.5,19.6,15.9,4.3,2.0,2.3,21.1,11.2,1.1,1.0,2.1,.078,-2.7,-0.6,-3.3,-0.4,,willish02
471,Shawne Williams,25,NJN,SF,25,6,514,4.9,.372,.592,.075,4.4,11.2,7.7,4.9,1.0,1.6,7.9,14.7,-0.5,0.1,-0.4,-.041,-4.2,-2.2,-6.4,-0.6,,willish03
472,Terrence Williams,24,2TM,SG,30,0,550,13.1,.488,.232,.232,2.5,18.7,10.3,19.2,1.9,0.9,16.5,20.9,-0.1,0.4,0.3,.029,-0.9,-0.6,-1.4,0.1,,willite01
472,Terrence Williams,24,HOU,SG,12,0,181,6.2,.434,.333,.211,1.3,16.8,9.0,8.3,1.2,0.4,13.8,18.1,-0.2,0.1,-0.1,-.019,-3.9,-1.2,-5.1,-0.1,,willite01
472,Terrence Williams,24,SAC,SG,18,0,369,16.5,.510,.191,.241,3.1,19.7,11.0,24.6,2.2,1.2,17.5,22.2,0.2,0.2,0.4,.052,0.6,-0.2,0.4,0.2,,willite01
473,Brandan Wright,24,DAL,C,49,0,791,21.6,.632,.004,.352,8.9,15.8,12.4,2.9,1.5,6.4,7.2,17.0,2.2,1.3,3.5,.215,1.9,1.8,3.7,1.1,,wrighbr03
474,Chris Wright,23,GSW,SF,24,1,186,18.6,.597,.000,.689,11.6,15.8,13.7,3.3,2.0,5.4,12.0,16.5,0.5,0.2,0.6,.163,0.0,0.1,0.0,0.1,,wrighch01
475,Dorell Wright,26,GSW,SF,61,61,1650,15.0,.553,.555,.186,4.1,14.9,9.6,8.8,1.8,1.2,8.2,17.3,2.6,0.8,3.4,.099,1.6,-0.7,0.9,1.2,,wrighdo01
476,Nick Young,26,2TM,SG,62,35,1729,12.9,.512,.360,.216,2.0,6.8,4.4,5.7,1.3,0.8,8.8,24.5,1.4,0.6,1.9,.053,-0.3,-2.1,-2.4,-0.2,,youngni01
476,Nick Young,26,WAS,SG,40,32,1211,14.2,.513,.333,.220,1.8,7.2,4.5,6.8,1.3,0.7,8.3,26.1,1.1,0.4,1.5,.059,0.6,-2.3,-1.7,0.1,,youngni01
476,Nick Young,26,LAC,SG,22,3,518,9.9,.509,.440,.202,2.5,5.8,4.1,3.1,1.5,1.0,10.2,20.9,0.2,0.2,0.4,.040,-2.3,-1.8,-4.1,-0.3,,youngni01
477,Sam Young,26,2TM,SF,35,2,375,9.7,.412,.134,.205,6.0,13.1,9.5,6.2,2.4,1.2,10.4,18.9,-0.3,0.6,0.2,.030,-2.9,0.6,-2.3,0.0,,youngsa01
477,Sam Young,26,MEM,SF,21,2,240,10.6,.419,.108,.145,6.7,13.4,10.0,6.0,2.4,0.7,9.3,18.4,-0.1,0.3,0.2,.042,-2.3,0.5,-1.8,0.0,,youngsa01
477,Sam Young,26,PHI,SF,14,0,135,8.2,.399,.182,.318,4.9,12.4,8.6,6.5,2.4,2.2,12.2,19.9,-0.2,0.2,0.0,.010,-3.9,0.7,-3.2,0.0,,youngsa01
478,Thaddeus Young,23,PHI,PF,63,1,1755,18.9,.538,.006,.210,8.6,12.0,10.3,7.3,2.0,1.8,6.8,21.5,3.4,2.9,6.3,.171,1.4,0.6,2.0,1.8,,youngth01
